sigungu,lat,lon,shelter_name,shelter_type,road_address,lot_address,area_m2,capacity,fans,aircons,rest_area,night_open,weekend_open,stay_open
안동시,36.7428476,128.7737158,녹전면행정복지센터,공공시설,경상북도 안동시 녹전면 녹전로 713,-,297.9,20,1,1,-,아니오,아니오,아니오
의성군,36.3431818,128.5890913,도옥경로당,특정계층이용시설,경상북도 의성군 안평면 봉호로 518,-,75.67,23,2,1,-,아니오,아니오,아니오
김천시,35.9179392,127.9686588,대덕면행정복지센터,공공시설,경상북도 김천시 대덕면 남김천대로 721,-,300,30,10,5,-,-,-,-
김천시,36.1214167,128.183713,율곡동행정복지센터,공공시설,경상북도 김천시 혁신4로 21  (율곡동),-,300,30,10,5,-,-,-,-
김천시,36.1415073,128.0602509,봉산면행정복지센터,공공시설,경상북도 김천시 봉산면 예지송정길 11,-,300,30,10,5,-,-,-,-
김천시,36.1353533,128.1158853,대신동행정복지센터,공공시설,경상북도 김천시 신양1길 22  (신음동),-,300,30,10,5,-,-,-,-
김천시,36.1805886,128.118711,어모면행정복지센터,공공시설,경상북도 김천시 어모면 어모로 279,-,300,30,10,5,-,아니오,아니오,아니오
김천시,36.1205609,128.1161159,평화남산동행정복지센터,공공시설,경상북도 김천시 평화순환길 291  (평화동),-,300,30,10,5,-,-,-,-
김천시,35.9019892,128.0352366,증산면행정복지센터,공공시설,경상북도 김천시 증산면 증산로 945-7,-,300,30,10,3,-,-,-,-
김천시,36.1104378,128.1233177,양금동행정복지센터,공공시설,경상북도 김천시 강변로 178  (황금동),-,300,30,10,5,-,-,-,-
김천시,36.1244716,128.0221528,대항면행정복지센터,공공시설,경상북도 김천시 대항면 황악로 1563,-,300,30,10,5,-,-,-,-
김천시,36.1598754,128.2534236,아포읍행정복지센터,공공시설,경상북도 김천시 아포읍 국사길 63,-,1000,30,10,10,-,-,-,-
김천시,36.1078873,128.1895736,남면행정복지센터,공공시설,경상북도 김천시 남면 옥산길 44,-,300,30,10,5,-,-,-,-
김천시,36.0660014,128.1255198,감천면행정복지센터,공공시설,경상북도 김천시 감천면 금감로 1552,-,300,30,10,5,-,-,-,-
김천시,35.9848106,128.0266616,지례면행정복지센터,공공시설,경상북도 김천시 지례면 상부길 101,-,300,30,10,5,-,-,-,-
김천시,36.1245019,128.0892751,대곡동행정복지센터,공공시설,경상북도 김천시 부곡길 2  (부곡동),-,300,30,10,5,-,아니오,아니오,아니오
김천시,36.0349346,128.0990195,조마면행정복지센터,공공시설,경상북도 김천시 조마면 강곡1길 32,-,300,30,10,5,-,-,-,-
김천시,36.0328024,128.0474675,구성면행정복지센터,공공시설,경상북도 김천시 구성면 상좌원1길 18,-,300,30,10,5,-,아니오,아니오,아니오
김천시,36.122331,128.127805,자산동행정복지센터,공공시설,경상북도 김천시 용암로 27  (모암동),-,300,30,10,5,-,-,-,-
김천시,36.1199976,128.142356,지좌동행정복지센터,공공시설,경상북도 김천시 영남대로 1940  (지좌동),-,300,30,10,5,-,아니오,아니오,아니오
안동시,36.5802875,128.571775,풍산읍보건지소,공공시설,경상북도 안동시 풍산읍 풍산중앙길 99,-,383.75,20,1,1,-,아니오,아니오,아니오
안동시,36.615491,128.7658033,외룡면보건지소,공공시설,경상북도 안동시 와룡면 퇴계로 807,-,320.79,20,1,1,-,아니오,아니오,아니오
안동시,36.6164232,128.7664577,와룡면행정복지센터,공공시설,경상북도 안동시 와룡면 퇴계로 823,-,365.43,20,1,1,-,아니오,아니오,아니오
안동시,36.6847593,128.702428,북후면보건지소,공공시설,경상북도 안동시 북후면 북평로 875,-,233.94,20,1,1,-,아니오,아니오,아니오
안동시,36.6167225,128.6634448,서후면보건지소,공공시설,경상북도 안동시 서후면 서후중앙길 19,-,243.61,20,1,1,-,아니오,아니오,아니오
안동시,36.5561754,128.5061789,풍천면보건지소,공공시설,경상북도 안동시 풍천면 지풍로 1465-4,-,353.62,20,1,1,-,아니오,아니오,아니오
안동시,36.4735001,128.659105,일직면보건지소,공공시설,경상북도 안동시 일직면 논들길 25,-,209.16,20,1,1,-,아니오,아니오,아니오
안동시,36.4753356,128.6595315,일직면행정복지센터,공공시설,경상북도 안동시 일직면 중앙통길 12,-,355.62,20,1,1,-,아니오,아니오,아니오
안동시,36.5235315,128.6903018,남후면보건지소,공공시설,경상북도 안동시 남후면 남일로 1465-7,-,257.66,20,1,1,-,아니오,아니오,아니오
안동시,36.5236393,128.6900067,남후면행정복지센터,공공시설,경상북도 안동시 남후면 남일로 1465-9,-,285.3,20,1,1,-,아니오,아니오,아니오
안동시,36.5260706,128.7700948,남선면보건지소,공공시설,경상북도 안동시 남선면 충효로 3866,-,250.56,20,1,1,-,아니오,아니오,아니오
안동시,36.5261913,128.7698212,남선면행정복지센터,공공시설,경상북도 안동시 남선면 충효로 3866,-,321.76,20,1,1,-,아니오,아니오,아니오
안동시,36.5243505,128.8315845,임하면보건지소,공공시설,경상북도 안동시 임하면 충효로 3250,-,256.98,20,1,1,-,아니오,아니오,아니오
안동시,36.4559953,128.8944501,길안면행정복지센터,공공시설,경상북도 안동시 길안면 길안청송로 3,-,294.82,20,1,1,-,아니오,아니오,아니오
안동시,36.5685049,128.9199364,임동면보건지소,공공시설,경상북도 안동시 임동면 챗거리길 49,-,364.52,20,1,1,-,아니오,아니오,아니오
안동시,36.5688798,128.9175305,임동면행정복지센터,공공시설,경상북도 안동시 임동면 편항1길 11,-,429.97,20,1,1,-,아니오,아니오,아니오
안동시,36.6625045,128.8834611,예안면보건지소,공공시설,경상북도 안동시 예안면 농암로 1481,-,278.83,20,1,1,-,아니오,아니오,아니오
안동시,36.661334,128.8851643,예안면행정복지센터,공공시설,경상북도 안동시 예안면 임예로 1918,-,434.76,20,1,1,-,아니오,아니오,아니오
안동시,36.6977866,128.8132516,도산면보건지소,공공시설,경상북도 안동시 도산면 선성5길 13,-,254.26,20,1,1,-,아니오,아니오,아니오
안동시,36.7451387,128.8338187,도산면행정복지센터,공공시설,경상북도 안동시 도산면 퇴계로 2580,-,495.72,20,1,1,-,아니오,아니오,아니오
안동시,36.742925,128.7745392,녹전면보건지소,공공시설,경상북도 안동시 녹전면 녹전로 718-11,-,228.03,20,1,1,-,아니오,아니오,아니오
안동시,36.5647975,128.7376723,중구동행정복지센터,공공시설,경상북도 안동시 서동문로 238  (법흥동),-,323.18,20,1,1,-,아니오,아니오,아니오
안동시,36.5767852,128.7329248,명륜동행정복지센터,공공시설,경상북도 안동시 퇴계로 221  (안막동),-,694.37,20,1,1,-,아니오,아니오,아니오
안동시,36.5592004,128.7496242,용상동행정복지센터,공공시설,경상북도 안동시 전거리1길 93  (용상동),-,914.33,20,1,1,-,아니오,아니오,아니오
안동시,36.4575442,128.8954505,길안면보건지소,공공시설,경상북도 안동시 길안면 천지안길 71-10,-,259.82,20,1,1,-,아니오,아니오,아니오
안동시,36.5643063,128.7174994,서구동행정복지센터,공공시설,경상북도 안동시 안기천로 78  (당북동),-,268.69,20,1,1,-,아니오,아니오,아니오
안동시,36.5247515,128.8309997,임하면행정복지센터,공공시설,경상북도 안동시 임하면 충효로 3254,-,333.83,20,1,1,-,아니오,아니오,아니오
안동시,36.5829604,128.7143236,안기동행정복지센터,공공시설,경상북도 안동시 제비원로 355  (안기동),-,349.62,20,1,1,-,아니오,아니오,아니오
안동시,36.5615465,128.7018165,옥동행정복지센터,공공시설,경상북도 안동시 옥동3길 27  (옥동),-,417.46,20,1,1,-,아니오,아니오,아니오
안동시,36.5703748,128.6941937,송하동행정복지센터,공공시설,경상북도 안동시 송하1길 60  (송현동),-,433.32,20,1,1,-,아니오,아니오,아니오
안동시,36.5487182,128.7270856,강남동행정복지센터,공공시설,경상북도 안동시 강남5길 185  (정하동),-,429.13,20,1,1,-,아니오,아니오,아니오
안동시,36.5678457,128.7180948,평화동행정복지센터,공공시설,경상북도 안동시 안기천로 117  (평화동),-,491.83,20,1,1,-,아니오,아니오,아니오
안동시,36.5611588,128.713983,태화동행정복지센터,공공시설,경상북도 안동시 태화중앙로 100  (태화동),-,382.11,20,1,1,-,아니오,아니오,아니오
김천시,36.1060353,128.1724106,농소면행정복지센터,공공시설,경상북도 김천시 농소면 농남로 42,-,300,30,10,5,-,-,-,-
김천시,36.1677294,128.1862047,개령면행정복지센터,공공시설,경상북도 김천시 개령면 동부길 59-14,-,300,30,10,5,-,-,-,-
김천시,36.2142659,128.181314,감문면행정복지센터,공공시설,경상북도 김천시 감문면 감문로 1055,-,300,30,10,5,-,아니오,아니오,아니오
김천시,35.9902103,127.9551136,부항면행정복지센터,공공시설,경상북도 김천시 부항면 부항로 834,-,300,30,10,5,-,-,-,-
성주군,35.902647,128.349916,선남복지회관,공공시설,"경상북도 성주군 선남면 관화길  66 , 선남보건지소",-,280,120,2,1,-,아니오,아니오,아니오
경산시,35.8194395,128.7211363,도담도담작은도서관,공공시설,경상북도 경산시 삼성현로31길 9 (옥산동),-,162,50,2,2,-,아니오,아니오,아니오
경산시,35.81457,128.7305736,경산시립장산도서관,공공시설,경상북도 경산시 경산로13길 7,-,2324.5,500,0,38,-,아니오,아니오,아니오
성주군,35.900631,128.351934,선남면사무소,공공시설,"경상북도 성주군 선남면 관화길  96 , 선남면사무소",-,267,20,5,2,-,아니오,아니오,아니오
성주군,35.920834,128.281916,경산2리마을회관,공공시설,"경상북도 성주군 성주읍 성주로  3172 , 경산2동노인회관",-,86,21,2,1,-,아니오,아니오,아니오
성주군,35.920563,128.28597,경산1리마을회관,공공시설,경상북도 성주군 성주읍 성주읍4길  19-8,-,82,20,2,1,-,아니오,아니오,아니오
성주군,35.922839,128.238341,용흥3리마을회관,공공시설,"경상북도 성주군 대가면 용흥3길  21 , 용흥3리마을회관과경로당",-,871,21,3,1,-,아니오,아니오,아니오
성주군,35.916047,128.212393,흥산1리마을회관,공공시설,"경상북도 성주군 대가면 흥산1길  29 , 오산경로당",-,168,42,2,1,-,아니오,아니오,아니오
성주군,35.803658,128.267235,보월1리마을회관,공공시설,경상북도 성주군 수륜면 남작로 137 (보월1리경로당),-,78,19,1,1,-,아니오,아니오,아니오
성주군,35.886,128.1667,가천면복지회관,공공시설,경상북도 성주군 가천면 창천2길 13,-,218,55,2,1,-,아니오,아니오,아니오
성주군,35.910916,128.223348,옥련1리마을회관,공공시설,"경상북도 성주군 대가면 옥련3길  16-1, 봉동마을회관",-,89,22,3,1,-,아니오,아니오,아니오
성주군,35.911691,128.213478,옥련2리마을회관,공공시설,"경상북도 성주군 대가면 옥련2길  45 , 옥련2리상삼회관",-,52,13,2,1,-,아니오,아니오,아니오
성주군,35.899104,128.210919,금산1리마을회관,공공시설,경상북도 성주군 대가면 대가금산길  16,-,18,4,1,1,-,아니오,아니오,아니오
성주군,35.946596,128.316901,월항면복지회관,공공시설,"경상북도 성주군 월항면 주산로  380 , 월항면복지회관",-,84,21,2,2,-,아니오,아니오,아니오
성주군,35.945581,128.315722,월항면사무소,공공시설,"경상북도 성주군 월항면 주산로  366 , 월항면사무소",-,253,10,5,2,-,아니오,아니오,아니오
성주군,35.815815,128.229389,오천1리마을회관,공공시설,"경상북도 성주군 수륜면 오천길  70-4, 오천1리마을회관",-,160,40,1,1,-,아니오,아니오,아니오
성주군,35.819346,128.215997,오천2리마을회관,공공시설,"경상북도 성주군 수륜면 오천4길  58-2, 오천2리경로당",-,76,19,1,1,-,아니오,아니오,아니오
성주군,35.804286,128.224664,계정1리마을회관,공공시설,경상북도 성주군 수륜면 계정길  54,-,84,21,1,1,-,아니오,아니오,아니오
성주군,35.7979642,128.2314107,계정2리마을회관,공공시설,경상북도 성주군 수륜면 계정2길 44-3,-,84,21,1,1,-,아니오,아니오,아니오
영천시,35.942502,128.953008,작산경로당,특정계층이용시설,"경상북도 영천시  한방로  227-139, 작산동경로당 (작산동)",-,97.85,35,4,1,-,-,-,아니오
영천시,35.9333734,128.9437437,봉동경로당,특정계층이용시설,경상북도 영천시 봉동2길 23-60 (봉동),-,77.1,30,2,1,-,-,-,아니오
성주군,35.959668,128.16853,봉학3리마을회관,공공시설,경상북도 성주군 벽진면봉학길 348,-,20,5,2,1,-,아니오,아니오,아니오
성주군,35.9739102,128.1831363,봉학2리마을회관,공공시설,경상북도 성주군 벽진면 봉학2길 12,-,83,15,2,1,-,아니오,아니오,아니오
성주군,35.891173,128.320767,취곡2리마을회관,공공시설,경상북도 성주군 선남면 취곡2길  111-1,-,85,35,2,1,-,아니오,아니오,아니오
성주군,35.953062,128.213368,수촌3리마을회관,공공시설,경상북도 성주군 벽진면 벽소로  21-13,-,80,20,2,1,-,아니오,아니오,아니오
성주군,35.820224,128.203284,성2리마을회관,공공시설,경상북도 성주군 수륜면 성리2길 44-9,-,84,21,1,1,-,아니오,아니오,아니오
성주군,35.836256,128.337028,용암면사무소,공공시설,경상북도 성주군 용암면 운용로 1031,-,325,30,10,3,-,아니오,아니오,아니오
영천시,36.141506,128.993509,정각1리경로당,특정계층이용시설,경상북도 영천시 화북면 정각1길  4,-,84,21,2,1,-,-,-,아니오
성주군,35.9473703,128.216823,벽진문화센터,공공시설,경상북도 성주군 벽진면성주로 2473,-,200,20,3,1,-,아니오,아니오,예
영천시,36.1299484,128.9939225,정각2리경로당,특정계층이용시설,경상북도 영천시 화북면 송림길 48-11,-,50,20,2,1,-,-,-,아니오
의성군,36.4645731,128.334871,덕지3리경로회관,특정계층이용시설,경상북도 의성군 다인면덕지3길 29,-,160.6,31,3,1,-,아니오,아니오,아니오
성주군,35.8265,128.199028,성1리마을회관,공공시설,경상북도 성주군 수륜면 성리1길 9,-,77,19,1,1,-,아니오,아니오,아니오
의성군,36.5155882,128.3586708,양서2리(서동)노인회관,특정계층이용시설,경상북도 의성군 다인면 용곡1길 11,-,123.17,10,1,1,-,-,아니오,-
봉화군,36.8337426,128.7551616,상운면사무소,공공시설,경상북도 봉화군 상운면 예봉로 1281,-,50,7,7,4,-,아니오,아니오,아니오
봉화군,36.835564,128.756602,상운보건지소,공공시설,경상북도 봉화군 상운면 예봉로  1302,-,50,20,2,1,-,아니오,아니오,아니오
봉화군,36.8852609,128.8168551,봉성면보건지소,공공시설,경상북도 봉화군 봉성면 옥마로 11,-,241,40,2,1,-,아니오,아니오,아니오
봉화군,36.9107454,128.8769594,법전면사무소,공공시설,경상북도 봉화군 법전면 법전로 100,-,40,20,8,3,-,아니오,아니오,아니오
고령군,35.769088,128.290469,운수면사무소,공공시설,경상북도 고령군 운수면운용로 106,-,100,20,1,1,-,아니오,아니오,아니오
봉화군,36.911942,128.876644,법전면보건소,공공시설,경상북도 봉화군 법전면 법전로  107,-,40,30,5,4,-,아니오,아니오,아니오
성주군,35.9147308,128.2832497,경산5리마을회관,공공시설,경상북도 성주군 성주읍 경산2길 7-1,-,89,22,1,1,-,아니오,아니오,아니오
성주군,35.9172289,128.2855296,경산6리마을회관,공공시설,경상북도 성주군 성주읍 시장길 16-4,-,24,6,2,1,-,아니오,아니오,아니오
봉화군,36.935784,128.9156382,춘양보건지소,공공시설,경상북도 봉화군 춘양면 춘양로 153,-,752,188,2,5,-,아니오,아니오,아니오
상주시,36.4220857,128.16431,계림동행정복지센터,공공시설,경상북도 상주시  냉림1길  50   (냉림동),-,138,24,3,6,-,아니오,아니오,아니오
봉화군,36.8587636,128.8999915,명호면사무소,공공시설,경상북도 봉화군 명호면 도천길 18-5,-,1588,200,3,3,-,아니오,아니오,아니오
봉화군,36.858691,128.900758,도천1리마을회관,공공시설,경상북도 봉화군 명호면 도천길  18-25,-,114,29,2,1,-,아니오,아니오,아니오
봉화군,36.8677916,128.9229606,삼동1리마을회관,공공시설,경상북도 봉화군 명호면 보라로 365,-,99,25,4,1,-,아니오,아니오,아니오
성주군,35.856162,128.102932,신계리마을회관,공공시설,경상북도 성주군 가천면 동신로  28,-,42.7,11,2,1,-,아니오,아니오,아니오
고령군,35.7305931,128.2676473,대가야읍사무소,공공시설,경상북도 고령군 대가야읍 중앙로 1,-,586,20,1,1,-,아니오,아니오,아니오
문경시,36.5900267,128.1962831,점촌2동행정복지센터,공공시설,경상북도 문경시 중앙로 50 (모전동),-,130,30,1,1,-,-,아니오,-
봉화군,36.9349958,128.9148694,춘양면사무소,공공시설,경상북도 봉화군 춘양면 의양로5길 19,-,638,159,4,10,-,아니오,아니오,아니오
성주군,35.914379,128.286114,경산7리마을회관,공공시설,"경상북도 성주군 성주읍 성밖숲길  93 , 경산7리경로회관",-,184,46,2,1,-,아니오,아니오,아니오
상주시,36.403582,128.160077,신흥동행정복지센터,공공시설,경상북도 상주시  상산로  141   (신봉동),-,450,136,12,3,-,아니오,아니오,아니오
상주시,36.5317,128.0716,은척면행정복지센터,공공시설,경상북도 상주시 은척면봉중2길 2,-,908,275,4,3,-,아니오,아니오,아니오
상주시,36.5773,128.0877,은척북부출장소,공공시설,경상북도 상주시 은척면무릉2길 1,-,141,43,1,1,-,아니오,아니오,아니오
영양군,36.5582352,129.124589,원리1리마을회관,공공시설,경상북도 영양군 석보면 원리3길 11,-,97,30,1,1,-,아니오,-,아니오
고령군,35.822763,128.451692,다산면사무소,공공시설,경상북도 고령군 다산면다산로 681,-,648.75,30,1,1,-,아니오,아니오,아니오
성주군,35.904262,128.256454,대황1리마을회관,공공시설,"경상북도 성주군 성주읍 대황1길  100 , 대황1리회관",-,148,37,2,1,-,아니오,아니오,아니오
성주군,35.9037599,128.265397,대황2리마을회관,공공시설,경상북도 성주군 성주읍 대황길 138,-,135,33,2,1,-,아니오,아니오,아니오
성주군,35.908033,128.274957,대황3리마을회관,공공시설,"경상북도 성주군 성주읍 대황3길  121 , 대황3리마을회관",-,100,25,2,1,-,아니오,아니오,아니오
성주군,35.8965835,128.2821125,성산1리마을회관,공공시설,경상북도 성주군 성주읍 성산1길 25,-,69,17,2,1,-,아니오,아니오,아니오
예천군,36.6568843,128.4527962,예천읍행정복지센터,공공시설,경상북도 예천군 예천읍 군청앞길 2,-,200,50,15,4,-,아니오,아니오,아니오
상주시,36.4174,128.1691,동문동행정복지센터,공공시설,경상북도 상주시  복룡2길  23   (복룡동),-,402,122,3,3,-,아니오,아니오,아니오
예천군,36.5481235,128.3899185,지보면사무소,공공시설,경상북도 예천군 지보면 지보로 126-5,-,100,25,7,3,-,아니오,아니오,아니오
예천군,36.6086705,128.2774053,용궁면사무소,공공시설,경상북도 예천군 용궁면 읍부1길 45,-,580,116,6,1,-,아니오,아니오,아니오
예천군,36.690236,128.411047,용문면사무소,공공시설,경상북도 예천군 용문면 금당실길 54,-,638,159,5,5,-,아니오,아니오,아니오
경산시,35.827514,128.725943,서부2동행정복지센터,공공시설,"경상북도 경산시 옥산동 경산로44길  7 , 서부2동 주민센터 (옥산동)",-,1858,100,2,2,-,예,예,아니오
고령군,35.74993,128.359943,성산면사무소,공공시설,경상북도 고령군 성산면 성산로 897,-,504.6,20,1,1,-,아니오,아니오,아니오
울진군,37.0518477,129.3510395,소곡보건진료소,공공시설,경상북도 울진군 북면박금소야로 456,-,129,10,1,1,-,아니오,아니오,아니오
봉화군,37.0486824,129.0652075,석포면사무소,공공시설,경상북도 봉화군 석포면 석포리 373-21,-,200,50,10,5,-,아니오,아니오,아니오
울진군,36.9621661,129.3950955,근남면복지회관,공공시설,경상북도 울진군 근남면울진북로 135,-,209,52,3,1,-,아니오,아니오,아니오
청도군,35.6232498,128.5845825,흑석2리,특정계층이용시설,경상북도 청도군 풍각면 안국길 37,-,166,41,2,1,-,아니오,아니오,아니오
성주군,35.878516,128.33498,유서2마을회관,공공시설,경상북도 성주군 선남면 유서리길  221,-,40,25,1,1,-,아니오,아니오,아니오
고령군,35.677972,128.342097,우곡면사무소,공공시설,경상북도 고령군 우곡면도진3길 21,-,618.9,25,1,1,-,아니오,아니오,아니오
예천군,36.7450705,128.4431839,은풍면사무소,공공시설,경상북도 예천군 은풍면 은풍로 88,-,638,159,1,2,-,아니오,아니오,아니오
청도군,35.6602274,128.5826969,성곡1리,특정계층이용시설,경상북도 청도군 풍각면 봉수길 442,-,78,19,2,2,-,아니오,아니오,아니오
청도군,35.6776226,128.5711446,성곡2리,특정계층이용시설,경상북도 청도군 풍각면 장기길 291,-,92,23,2,1,-,아니오,아니오,아니오
상주시,36.5691,128.1786,함창도농교류커뮤니티센터(3층),공공시설,경상북도 상주시 함창읍함창중앙로 130,-,495,150,2,6,-,아니오,아니오,아니오
상주시,36.5702,128.1795,함창읍행정복지센터,공공시설,경상북도 상주시 함창읍함창중앙로 135,-,200,61,3,12,-,아니오,아니오,아니오
청도군,35.6107908,128.5918593,월봉1리,특정계층이용시설,경상북도 청도군 풍각면 월봉길 334,-,89,22,2,1,-,아니오,아니오,아니오
성주군,35.835322,128.335684,상언2리마을회관,공공시설,경상북도 성주군 용암면 용정2길  20,-,82.64,33,1,1,-,아니오,아니오,아니오
상주시,36.3636,128.297,낙동동부출장소,공공시설,경상북도 상주시 낙동면 송계길 10,-,155,47,3,2,-,아니오,아니오,아니오
상주시,36.4264,128.2714,중동면행정복지센터,공공시설,경상북도 상주시 중동면 공산로 9,-,355,108,10,2,-,아니오,아니오,아니오
상주시,36.4454707,127.951384,화서면행정복지센터,공공시설,경상북도 상주시 화서면화령로 45,-,358,108,2,2,-,아니오,아니오,아니오
영주시,36.8159974,128.6035216,가흥1동주민자치센터,공공시설,경상북도 영주시 대동로13번길 9 (가흥동),-,646,80,0,2,-,아니오,아니오,아니오
영덕군,36.3453469,129.3624407,남정리경로당,특정계층이용시설,경상북도 영덕군 남정면 남정1길 35,-,155,47,3,2,-,아니오,아니오,아니오
경산시,35.837985,128.75857,조영2경로당,특정계층이용시설,경상북도 경산시 조영길 24,-,114,50,2,2,-,아니오,아니오,아니오
울진군,36.7111085,129.3427505,백암온천마을정보센터,공공시설,경상북도 울진군 온정면온정1길 46,-,69,50,2,1,-,아니오,아니오,아니오
영양군,36.66513,129.1166702,영의33경로당(남),특정계층이용시설,경상북도 영양군 영양읍 동서부길 15,-,98,24,2,1,-,-,-,아니오
영양군,36.6656464,129.1104385,북새경로당,특정계층이용시설,경상북도 영양군 영양읍 지역골길 9,-,128.25,32,3,1,-,-,-,아니오
고령군,35.708146,128.350161,개진면사무소,공공시설,경상북도 고령군 개진면 개경포로 589-9,-,705.65,20,1,1,-,아니오,아니오,아니오
영주시,36.7752021,128.5805232,반구마을회관,공공시설,경상북도 영주시 장수면 반구로 11,-,149,37,2,1,-,아니오,아니오,아니오
영주시,36.7834343,128.5904869,반구2리문화마을회관,공공시설,경상북도 영주시 장수면 장수로193번길 1,-,90,22,2,1,-,아니오,아니오,아니오
상주시,36.3749949,128.248163,낙동면행정복지센터,공공시설,경상북도 상주시 낙동면상촌1길 29,-,630,136,8,5,-,아니오,아니오,아니오
상주시,36.3749,128.2492,낙동면민회관,공공시설,경상북도 상주시 낙동면 삼봉로 421,-,626,190,6,9,-,아니오,아니오,아니오
상주시,36.412209,128.067001,내서면행정복지센터,공공시설,경상북도 상주시 내서면 신촌2길 10-5,-,758,230,6,6,-,아니오,아니오,아니오
상주시,36.4663,128.2087,사벌국면행정복지센터,공공시설,경상북도 상주시 사벌국면 덕담1길 39,-,304,92,5,3,-,아니오,아니오,아니오
포항시,36.0039028,129.3459634,연일대교교량하부,야외시설,경상북도 포항시 남구 형산강북로 167 (상도동),-,100,3,0,0,-,아니오,아니오,아니오
상주시,36.3387496,128.1304964,청리면행정복지센터,공공시설,경상북도 상주시 청리면원장1길 12,-,762,70,0,3,-,아니오,아니오,아니오
상주시,36.3424737,127.960112,모서면행정복지센터,공공시설,경상북도 상주시 모서면중화로 901,-,559,169,8,2,-,아니오,아니오,아니오
상주시,36.3068302,127.870995,모서서부출장소,공공시설,경상북도 상주시 모서면백화로 366-10,-,148,45,1,1,-,아니오,아니오,아니오
상주시,36.3200959,127.9594132,모동면행정복지센터,공공시설,경상북도 상주시 모동면 용호3길 5,-,145,44,10,3,-,아니오,아니오,아니오
상주시,36.4289163,128.157799,북문동행정복지센터,공공시설,경상북도 상주시  북천로  63   (만산동),-,182,55,10,2,-,아니오,아니오,아니오
구미시,36.1139614,128.3344001,형곡1동행정복지센터,공공시설,경상북도 구미시 경은로 52,-,277.78,69,10,2,-,아니오,아니오,아니오
영주시,36.875926,128.5255296,새마을회관(서부3리),공공시설,경상북도 영주시 풍기읍 금계로 39-4,-,67.2,20,4,1,-,아니오,아니오,아니오
영주시,36.8703219,128.5263557,성내2리마을회관,공공시설,경상북도 영주시 풍기읍 기주로 88-6,-,140,30,4,1,-,아니오,아니오,아니오
성주군,35.9225854,128.2881689,예산4리마을회관,공공시설,경상북도 성주군 성주읍 성주읍3길 49-13,-,54,13,1,1,-,아니오,아니오,아니오
성주군,35.9345049,128.260738,용산1리마을회관,공공시설,경상북도 성주군 성주읍 용산1길 23-2,-,114,28,0,1,-,아니오,아니오,아니오
성주군,35.936508,128.249199,용산2리마을회관,공공시설,"경상북도 성주군 성주읍 성주로  2804 , 용산2리노인회관",-,85,21,0,1,-,아니오,아니오,아니오
성주군,35.901275,128.293113,성산2리마을회관,공공시설,"경상북도 성주군 성주읍 성산2길  94 , 성산2리마을회관",-,108,27,2,1,-,아니오,아니오,아니오
영덕군,36.3736051,129.3871445,금호1리,공공시설,경상북도 영덕군 강구면 금호길 62-8,-,284,71,4,2,-,아니오,아니오,아니오
성주군,35.949041,128.294697,학산1리마을회관,공공시설,"경상북도 성주군 성주읍 학산길  183 , 학산1리경로회관",-,82,20,0,1,-,아니오,아니오,아니오
성주군,35.942194,128.3011,학산2리마을회관,공공시설,경상북도 성주군 성주읍 학산1길 1,-,74,18,3,1,-,아니오,아니오,아니오
성주군,35.94652,128.278493,금산1리마을회관,공공시설,경상북도 성주군 성주읍 성주금산1길 35,-,60,15,1,1,-,아니오,아니오,아니오
성주군,35.942568,128.280474,금산2리마을회관,공공시설,경상북도 성주군 성주읍 성주금산2길 22,-,87,22,3,1,-,아니오,아니오,아니오
성주군,35.933291,128.27746,금산3리마을회관,공공시설,경상북도 성주군 성주읍 성주금산3길 47-3,-,94,23,1,1,-,아니오,아니오,아니오
성주군,35.923404,128.285293,예산1리마을회관,공공시설,경상북도 성주군 성주읍 예산3길 21,-,89,22,2,1,-,아니오,아니오,아니오
성주군,35.9264364,128.2892901,예산2리마을회관,공공시설,경상북도 성주군 성주읍 예산2길 46,-,124,31,1,1,-,아니오,아니오,아니오
예천군,36.721115,128.526456,감천면사무소,공공시설,경상북도 예천군 감천면 충효로 1389 (감천면행정복지센터),-,476,119,5,3,-,아니오,아니오,아니오
예천군,36.510601,128.299021,풍양면사무소,공공시설,경상북도 예천군 풍양면 낙상2길 50 (풍양면행정복지센터),-,531,132,4,1,-,아니오,아니오,아니오
성주군,35.836609,128.336276,보건소,공공시설,경상북도 성주군 용암면 상성로 14,-,362,50,5,2,-,아니오,아니오,아니오
성주군,35.8007923,128.2659173,남은2리마을회관,공공시설,경상북도 성주군 수륜면 남작로1길 6,-,97,24,1,1,-,아니오,아니오,아니오
성주군,35.795547,128.166988,백운1리마을회관,공공시설,"경상북도 성주군 수륜면 덕운로  1350 , 백운1리마을회관",-,76,19,1,1,-,아니오,아니오,아니오
성주군,35.8323884,128.1920144,신파1리마을회관,공공시설,경상북도 성주군 수륜면 신파1길 14,-,97,24,1,1,-,아니오,아니오,아니오
성주군,35.831445,128.186965,적송1리마을회관,공공시설,경상북도 성주군 수륜면 적송1길  15,-,74,18,1,1,-,아니오,아니오,아니오
성주군,35.9959264,128.2729903,어산경로당,특정계층이용시설,경상북도 성주군 초전면 어인로 85,-,87,37,2,1,-,아니오,아니오,아니오
성주군,35.9158973,128.3025402,성산6리마을회관,공공시설,경상북도 성주군 성주읍 성산9길 62-16,-,85,25,0,1,-,아니오,아니오,아니오
영주시,36.8281071,128.6237454,영주1동행정복지센터,공공시설,경상북도 영주시 광복로 43-16 (영주동),-,131,60,6,2,-,아니오,아니오,아니오
영주시,36.8208157,128.6187753,영주2동행정복지센터,공공시설,경상북도 영주시 선비로181번길 10 (가흥동),-,150,37,5,4,-,아니오,아니오,아니오
성주군,35.90258,128.297715,성산3리마을회관,공공시설,"경상북도 성주군 성주읍 본성로  869 , 성산3리마을회관",-,82,20,2,1,-,아니오,아니오,아니오
성주군,35.9166576,128.2896549,성산5리마을회관,공공시설,경상북도 성주군 성주읍 성산7길 13-1,-,199,49,3,1,-,아니오,아니오,아니오
성주군,35.9217405,128.300719,삼산1리마을회관,공공시설,경상북도 성주군 성주읍 삼산1길 69-10,-,73,18,1,1,-,아니오,아니오,아니오
성주군,35.9334,128.2994,삼산2리마을회관,공공시설,경상북도 성주군 성주읍 삼산2길 18,-,41,10,1,1,-,아니오,아니오,아니오
경산시,35.8103,128.7537,동부동행정복지센터,공공시설,경상북도 경산시 백자로 46 (사동),-,100,100,0,3,-,예,예,아니오
성주군,35.854176,128.193185,신정리마을회관,공공시설,"경상북도 성주군 수륜면 신정2길  15 , 신정리경로회관",-,82,20,1,1,-,아니오,아니오,아니오
성주군,35.8628,128.182543,수성1리마을회관,공공시설,"경상북도 성주군 수륜면 수성1길  43 , 수성1리회관,경로당",-,206,51,1,1,-,아니오,아니오,아니오
성주군,35.872478,128.200826,송계2리마을회관,공공시설,"경상북도 성주군 수륜면 송계2길  11 , 송계2리경로당",-,80,20,1,1,-,아니오,아니오,아니오
성주군,35.8396184,128.1699505,봉양2리마을회관,공공시설,경상북도 성주군 수륜면 봉양로1길 131,-,85,21,1,1,-,아니오,아니오,아니오
경산시,35.827033,128.733951,중방동행정복지센터,공공시설,"경상북도 경산시 중방동 중앙초등길  62 ,  중방동주민센터 (중방동)",-,200,50,10,4,-,예,예,아니오
경산시,35.838107,128.810175,계림리마을회관,공공시설,"경상북도 경산시 자인면 계림길  1 , 계림리 마을회관",-,95,20,1,3,-,아니오,아니오,-
경산시,35.793311,128.875853,용성면행정복지센터,공공시설,경상북도 경산시 용성면 원효로  1423,-,120,30,12,8,-,예,예,아니오
안동시,36.559222,128.749626,마뜰작은도서관,공공시설,경상북도 안동시 전거리1길 93 (용상동행정복지센터),-,정보없음,15,3,1,-,아니오,아니오,아니오
영덕군,36.285984,129.372473,남정행정복지센터,공공시설,경상북도 영덕군 남정면 진불길 43,-,294.36,73,5,5,-,-,-,-
영덕군,36.53748,129.407092,영해행정복지센터,공공시설,경상북도 영덕군 영해면 예주3길 7 (영해면사무소),-,326.52,80,0,8,-,-,-,-
청도군,35.7206638,128.5936055,지슬1리,특정계층이용시설,경상북도 청도군 각북면 지슬1길 50-3,-,69.1,17,3,1,-,아니오,아니오,아니오
청도군,35.6887924,128.589845,각북면분회,특정계층이용시설,경상북도 청도군 각북면 헐티로 815-4,-,268,67,2,1,-,아니오,아니오,아니오
영주시,36.7130714,128.6975491,강동1리마을회관,공공시설,경상북도 영주시 평은면 강동로410번길 127,-,100,20,2,2,-,아니오,아니오,아니오
영덕군,36.3797047,129.4026441,금진1리,공공시설,경상북도 영덕군 강구면 번영길 231,-,124,31,3,1,-,아니오,아니오,아니오
고령군,35.679839,128.241909,쌍림면사무소,공공시설,경상북도 고령군 쌍림면대가야로 613,-,200,20,1,1,-,아니오,아니오,아니오
성주군,35.9189406,128.2896066,성주읍행정복지센터,공공시설,경상북도 성주군 성주읍 성주읍1길 13,-,552,30,5,2,-,아니오,아니오,아니오
문경시,36.6391778,128.256547,현리경로당,특정계층이용시설,경상북도 문경시 산양면 현리 335-2,-,85,30,2,1,-,아니오,아니오,-
성주군,35.929208,128.13583,봉두리마을쉼터,공공시설,경상북도 성주군 금수강산면 봉두길 13,-,56,20,4,1,-,-,-,-
안동시,36.567598,128.701352,안동시립중앙도서관,공공시설,경상북도 안동시 경북대로 426-36 (안동시립중앙도서관),-,정보없음,100,5,10,-,아니오,아니오,아니오
고령군,35.7253697,128.2627527,고령군청,공공시설,경상북도 고령군 대가야읍 왕릉로 55,-,50,5,1,1,-,-,예,-
의성군,36.450315,128.351884,다인면작은도서관,공공시설,경상북도 의성군 다인면 서부로 2798,-,정보없음,32,0,6,-,-,-,-
영덕군,36.399049,129.303391,달산행정복지센터,공공시설,경상북도 영덕군 달산면 팔각산로 1829,-,278.5,70,5,5,-,-,-,-
영덕군,36.546214,129.348357,창수행정복지센터,공공시설,경상북도 영덕군 창수면 신기길 5,-,264.84,65,5,5,-,-,-,-
경산시,35.9132142,128.8129462,경산시립도서관,공공시설,경상북도 경산시 하양읍문화로10길 15,-,4343,500,0,55,-,아니오,아니오,아니오
청송군,36.529636,129.051049,청송군립진보공공도서관,공공시설,경상북도 청송군 진보면 진보로 183-15 (청송군립진보공공도서관),-,1604,정보없음,5,10,-,-,-,-
영덕군,36.341656,129.271888,옥산3리,공공시설,경상북도 영덕군 달산면 수구만길 15,-,51,15,2,1,-,아니오,아니오,아니오
영덕군,36.357224,129.281997,옥산학구,공공시설,경상북도 영덕군 달산면 팔각산로 1141,-,73,22,3,1,-,아니오,아니오,아니오
포항시,35.96221,129.414394,오천읍행정복지센터,공공시설,경상북도 포항시 남구 오천읍 정몽주로 494-4,-,700,30,1,1,-,-,-,-
포항시,36.060956,129.380117,두호동행정복지센터,공공시설,경상북도 포항시 북구 삼호로 260 (두호동주민센터),-,187.52,40,10,4,-,-,-,-
안동시,36.566209,128.7353,안동시립웅부도서관,공공시설,경상북도 안동시 태사길 78 (안동시립웅부도서관),-,정보없음,50,1,10,-,아니오,아니오,아니오
영덕군,36.448349,129.281713,지품행정복지센터,공공시설,경상북도 영덕군 지품면 경동로 7153,-,256.12,63,5,5,-,-,-,-
포항시,36.033137,129.369488,청암작은도서관,공공시설,경상북도 포항시 북구 죽도로 82-2,-,276,30,2,2,-,-,-,-
포항시,36.049483,129.368564,중앙동행정복지센터,공공시설,경상북도 포항시 북구 학산로 54 (중앙동주민센터),-,306,30,10,5,-,-,-,-
의성군,36.300281,128.576231,봉양온누리터도서관,공공시설,경상북도 의성군 봉양면 도리원3길 27-8 (봉양온누리터),-,1205.1,276,0,19,-,-,예,-
안동시,36.560467,128.720167,책읽는기쁨작은도서관,공공시설,경상북도 안동시 제비원로 93 (안동시평생학습관),-,87.47,50,3,1,-,아니오,아니오,아니오
영덕군,36.508885,129.414423,축산행정복지센터,공공시설,경상북도 영덕군 축산면 도곡길 67 (축산면사무소),-,324.01,80,5,5,-,-,-,-
영덕군,36.602336,129.410668,병곡행정복지센터,공공시설,경상북도 영덕군 병곡면 병곡길 72 (병곡면사무소),-,271.68,66,5,5,-,-,-,-
영덕군,36.409484,129.372817,영덕읍행정복지센터,공공시설,경상북도 영덕군 영덕읍 우곡길 62 (영덕읍사무소),-,443,105,10,10,-,-,-,-
영양군,36.7251136,129.1281536,도계2리마을회관,공공시설,경상북도 영양군 일월면 무등길 250,-,79,30,2,1,-,아니오,-,아니오
영양군,36.706182,129.1406205,섬촌리마을회관,공공시설,경상북도 영양군 일월면 섬촌1길 27-8,-,95,30,2,1,-,아니오,-,아니오
영양군,36.7025306,129.1272551,일월면분회(할아버지경로당),공공시설,경상북도 영양군 일월면 영양로 2407-5,-,100,30,2,1,-,아니오,-,아니오
고령군,35.779377,128.232962,덕곡면사무소,공공시설,경상북도 고령군 덕곡면 덕운로 570,-,515,25,1,1,-,아니오,아니오,아니오
영양군,36.6965048,129.0656716,정족2리마을회관,공공시설,경상북도 영양군 청기면 청기로 1606,-,134,34,4,1,-,아니오,-,아니오
경산시,35.7951578,128.8752642,용성보건지소,공공시설,경상북도 경산시 용성면 용성당리1길 26,-,80,20,4,5,-,아니오,아니오,아니오
경산시,35.7940601,128.8752245,당리리마을회관,공공시설,경상북도 경산시 용성면 용성당리1길 11,-,60,30,5,1,-,-,아니오,-
경산시,35.7969087,128.8821811,덕천1리마을회관,공공시설,경상북도 경산시 용성면 덕천1길 15-1,-,60,30,5,1,-,-,아니오,-
경산시,35.793216,128.837387,남산면행정복지센터,공공시설,"경상북도 경산시 남산면 하남로  323 , 남산면사무소",-,40,12,7,4,-,예,예,아니오
경산시,35.946317,128.83655,와촌면행정복지센터,공공시설,"경상북도 경산시 와촌면 금송로  416 , 와촌면사무소",-,1639,30,10,5,-,예,예,아니오
경주시,35.992256,129.21857,칠평도서관,공공시설,경상북도 경주시 안강읍 비화중로 51,-,994.68,153,0,19,-,-,예,-
경주시,35.793567,129.439761,문무대왕꿈마루작은도서관,공공시설,경상북도 경주시 문무대왕면 감은로 17 (양북면민복지회관),-,156,36,0,3,-,-,-,-
경주시,35.842134,129.181528,송화도서관,공공시설,경상북도 경주시 태종로 472-9,-,2030.6,185,0,45,-,-,예,-
경주시,35.874205,129.191741,현곡꿈마루작은도서관,공공시설,경상북도 경주시 현곡면 용담로 311 (현곡면복지회관),-,122.4,20,0,2,-,-,-,-
경주시,35.838747,129.207781,중앙도서관,공공시설,경상북도 경주시 금성로 236,-,536,58,0,10,-,-,예,-
경주시,35.8517,129.102613,단석도서관,공공시설,경상북도 경주시 건천읍 작원3길 23 (건천읍민도서관),-,668,46,0,10,-,-,예,-
경주시,35.859683,129.218957,경주시립도서관,공공시설,경상북도 경주시 원화로 431-12 (경주시립도서관),-,3295.5,321,0,46,-,-,예,-
청도군,35.685254,128.724192,청도소싸움미디어체험관,공공시설,경상북도 청도군 화양읍 남성현로 346,-,1000,25,2,5,-,-,-,-
경주시,35.7987,129.493011,감포도서관,공공시설,경상북도 경주시 감포읍 동해안로 2151,-,308,12,0,6,-,-,예,-
경주시,35.987092,129.272833,강동꿈마루작은도서관,공공시설,경상북도 경주시 강동면 강동로 17,-,126,36,0,3,-,-,-,-
영양군,36.6283233,129.0631601,저리마을회관,공공시설,경상북도 영양군 청기면 모시골길 7,-,99,25,4,1,-,아니오,-,아니오
영양군,36.6473757,129.0510127,상청2리마을회관,공공시설,경상북도 영양군 청기면 신당2길 9-2,-,99,25,4,1,-,아니오,-,아니오
포항시,36.201326,129.340405,해아작은도서관,공공시설,경상북도 포항시 북구 청하면 청하로 247,-,70,20,2,1,-,-,-,-
의성군,36.383796,128.440254,의성군립도서관,공공시설,경상북도 의성군 안계면 안계길 114 (의성군안계도서관),-,1228.6,253,4,17,-,-,예,-
의성군,36.256965,128.680857,금성면작은도서관,공공시설,경상북도 의성군 금성면 탑리길 65,-,113.58,20,0,3,-,-,-,-
경주시,35.69912,129.471892,양남꿈마루작은도서관,공공시설,경상북도 경주시 양남면 죽전안길 27-3,-,232,36,0,2,-,-,-,-
경주시,35.860752,129.178469,화랑마을꿈마루도서관,공공시설,경상북도 경주시 석현로 123 (화랑마을),-,115.4,43,0,3,-,-,-,-
안동시,36.616494,128.767379,어깨동무작은도서관,공공시설,경상북도 안동시 와룡면 퇴계로 826,-,정보없음,10,2,1,-,아니오,아니오,아니오
예천군,36.771397,128.4188494,효자면사무소,공공시설,경상북도 예천군 효자면 도효자로 1481,-,324,81,3,3,-,아니오,아니오,아니오
경산시,35.819766,128.740226,중앙동행정복지센터,공공시설,"경상북도 경산시 삼북동 경안로30길  18 , 중앙동주민센터 (삼북동)",-,120,36,5,3,-,예,예,아니오
상주시,36.5121225,128.158902,공검면행정복지센터,공공시설,경상북도 상주시 공검면비재로 1308,-,234,71,0,2,-,아니오,아니오,아니오
경산시,35.912262,128.81216,하양읍행정복지센터,공공시설,경상북도 경산시 하양읍 문화로  36,-,200,50,12,1,-,예,예,아니오
경산시,35.91151,128.812784,경산시문화회관,공공시설,"경상북도 경산시 하양읍 문화로  24 , 경산시 문화회관",-,200,50,10,2,-,-,예,아니오
경산시,35.757141,128.764934,송백1리마을회관,공공시설,"경상북도 경산시 남천면 송백1길  21 , 송백1리마을회관",-,143.43,43,2,2,-,-,-,-
포항시,36.1120963,129.3471549,약성1리마을쉼터,특정계층이용시설,경상북도 포항시 북구 흥해읍 흥해로85번길 5,-,79,24,1,1,-,아니오,아니오,아니오
봉화군,36.9398916,128.9130284,의양3리마을회관,공공시설,경상북도 봉화군 춘양면 현마1길 15,-,99,24,3,1,-,아니오,아니오,아니오
봉화군,36.938123,128.9156328,춘양복지회관,공공시설,경상북도 봉화군 춘양면 의양로1길 7,-,424,106,4,2,-,아니오,아니오,아니오
봉화군,36.9376599,129.0031399,소천면사무소,공공시설,경상북도 봉화군 소천면 소천로 1294,-,537.71,100,4,2,-,아니오,아니오,아니오
영양군,36.7652253,129.2025903,수비면사무소,공공시설,경상북도 영양군 수비면 한티로 503,-,308.73,100,2,2,-,아니오,-,아니오
포항시,36.1055842,129.3430847,옥성2리마을쉼터,특정계층이용시설,경상북도 포항시 북구 흥해읍 동해대로 1489-2,-,215,65,1,1,-,아니오,아니오,아니오
봉화군,36.81603,128.961891,재산면사무소,공공시설,경상북도 봉화군 재산면 대내골길  4,-,682,40,5,1,-,아니오,아니오,아니오
경산시,35.8245639,128.7410867,경산시청별관2,공공시설,경상북도 경산시 경안로43길 6 (중방동),-,16.5,5,0,1,-,예,예,-
경산시,35.8193595,128.7542027,경산시동부동생활문화복합센터,공공시설,경상북도 경산시 원효로34길 12 (사동),-,83.4,25,0,2,-,아니오,예,아니오
구미시,36.207123,128.327679,이례1마을회관,공공시설,경상북도 구미시 고아읍이례로3길 5,-,66.9,17,2,1,-,아니오,아니오,아니오
구미시,36.2993248,128.2839726,농소1마을회관,공공시설,경상북도 구미시 옥성면 중농소길 3-8,-,117,29,1,1,-,아니오,아니오,아니오
구미시,36.3136959,128.280472,농소2마을회관,공공시설,경상북도 구미시 옥성면선상동로 1045,-,94,24,1,1,-,아니오,아니오,아니오
구미시,36.2947324,128.277472,주아1마을회관,공공시설,경상북도 구미시 옥성면주아1길 27,-,247,62,1,1,-,아니오,아니오,아니오
상주시,36.4791648,128.108089,외서면행정복지센터,공공시설,경상북도 상주시 외서면가곡1길 2,-,250,76,3,2,-,아니오,아니오,아니오
영양군,36.5587695,129.125627,원리2리마을회관,공공시설,경상북도 영양군 석보면 원리5길 24,-,108,30,2,1,-,아니오,-,아니오
경산시,35.873893,128.816287,진량읍행정복지센터,공공시설,"경상북도 경산시 진량읍 다문로  50 , 진량읍사무소",-,1203,50,10,6,-,-,-,아니오
경산시,35.875712,128.812485,진량복지회관,공공시설,"경상북도 경산시 진량읍 낙산길  7 , 진량복지회관",-,550,50,8,6,-,아니오,아니오,아니오
경산시,35.8529752,128.8290312,속초새마을회관,공공시설,경상북도 경산시 진량읍 속초길 58,-,146,15,3,3,-,-,아니오,-
영주시,36.867643,128.4961234,두산2리마을회관,공공시설,경상북도 영주시 봉현면 테라피로 453,-,147,46,1,1,-,아니오,아니오,아니오
구미시,36.197981,128.391879,해평복지회관,공공시설,경상북도 구미시 해평면강동로 1652,-,59,15,2,1,-,아니오,아니오,아니오
성주군,35.948496,128.216293,벽진면사무소,공공시설,경상북도 성주군 벽진면 수촌길 12,-,300,30,5,1,-,아니오,아니오,예
상주시,36.4152756,128.169616,동성동행정복지센터,공공시설,경상북도 상주시  성동새싹길  42   (성동동),-,140,42,4,1,-,아니오,아니오,아니오
경산시,35.8250902,128.7413925,경산시청본관,공공시설,경상북도 경산시 남매로 159 (중방동),-,15.3,4,0,1,-,예,예,-
상주시,36.4482773,127.905609,화남면행정복지센터,공공시설,경상북도 상주시 화남면평온동관로 3,-,310,94,4,2,-,아니오,아니오,아니오
구미시,36.2095673,128.328891,관심2마을회관,공공시설,경상북도 구미시 고아읍선산대로 969-1,-,105.8,26,2,1,-,아니오,아니오,아니오
봉화군,36.8144213,128.9612719,재산면복지회관,공공시설,경상북도 봉화군 재산면 재산로 483,-,162,60,5,2,-,아니오,아니오,아니오
구미시,36.2851979,128.263618,주아2마을회관,공공시설,경상북도 구미시 옥성면주아5길 39,-,99,25,1,1,-,아니오,아니오,아니오
구미시,36.151529,128.3322161,원호7마을회관,공공시설,경상북도 구미시 고아읍 문장로22길 33 (원호한누리타운3단지),-,138.1,35,2,2,-,아니오,아니오,아니오
구미시,36.1636066,128.3476958,문성1마을회관,공공시설,경상북도 구미시 고아읍들성로11길 28,-,65.5,20,2,2,-,아니오,아니오,아니오
경산시,35.7936501,128.8371956,남산보건지소,공공시설,경상북도 경산시 남산면 하남로 323,-,20,6,1,1,-,아니오,아니오,아니오
경산시,35.7929169,128.8374907,남산우체국,공공시설,경상북도 경산시 남산면 하남로 325,-,40,12,1,1,-,-,-,-
경산시,35.7938954,128.8354032,남산복지회관,공공시설,경상북도 경산시 남산면 산양길 1,-,331,100,5,3,-,아니오,아니오,아니오
경산시,35.8067486,128.8011623,인흥리마을회관,공공시설,경상북도 경산시 남산면 상대로 894,-,52,15,4,1,-,-,아니오,-
경산시,35.8431433,128.7596792,압량읍행정복지센터,공공시설,경상북도 경산시 압량읍부적길 35,-,200,50,11,7,-,아니오,아니오,아니오
경산시,35.788865,128.732063,협석리마을회관,공공시설,"경상북도 경산시 남천면 남천로  798 , 협석리마을회관",-,160.4,48,2,1,-,-,-,-
경산시,35.7666,128.7268,남천면행정복지센터,공공시설,경상북도 경산시 남천면 남천로 465,-,120,30,6,1,-,예,예,아니오
성주군,35.890459,128.184844,도남2리마을회관,공공시설,경상북도 성주군 대가면 대금로  48,-,84,21,3,1,-,아니오,아니오,아니오
성주군,35.881058,128.184412,대천2리마을회관,공공시설,"경상북도 성주군 대가면 대천1길  22-5, 대천2리경로당",-,93,23,3,1,-,아니오,아니오,아니오
성주군,35.901965,128.181148,도남1리마을회관,공공시설,경상북도 성주군 대가면 대금로  192-8,-,84,21,3,1,-,아니오,아니오,아니오
영양군,36.6661448,129.122242,산촌문화누림센터(북카페),공공시설,경상북도 영양군 영양읍 바들양지1길 33-32,-,70,21,1,1,-,아니오,아니오,아니오
상주시,36.3574415,128.089518,외남면행정복지센터,공공시설,경상북도 상주시 외남면석단로 932,-,496,150,6,2,-,아니오,아니오,아니오
경산시,35.7519761,128.7308702,흥산1리마을회관,공공시설,경상북도 경산시 남천면 흥산길 69-4,-,170.42,51,1,1,-,-,-,-
경산시,35.7489155,128.7210479,흥산2리마을회관,공공시설,경상북도 경산시 남천면 흥산길 178,-,93.96,28,2,1,-,-,-,-
경산시,35.8661063,128.8679494,아사리마을회관,공공시설,경상북도 경산시 진량읍 아사길 136,-,101,19,3,2,-,-,아니오,-
영양군,36.720079,129.0984937,주곡리마을회관,공공시설,경상북도 영양군 일월면 주실1길 5,-,142,30,2,1,-,아니오,-,아니오
영양군,36.7921001,129.1526625,용화1리마을회관,공공시설,경상북도 영양군 일월면 절구길 31,-,100,30,2,1,-,아니오,-,아니오
영주시,36.848446,128.549802,신전2리마을회관,공공시설,경상북도 영주시 안정면신재로607번길 33,-,97.73,24,3,1,-,아니오,아니오,아니오
영양군,36.7132628,129.1598868,가천리마을회관,공공시설,경상북도 영양군 일월면 가천로 185,-,100,30,2,1,-,아니오,-,아니오
경산시,35.780811,128.719523,대명1리마을회관,공공시설,"경상북도 경산시 남천면 대명길  68 , 대명1리마을회관",-,114.32,34,2,1,-,-,-,-
경산시,35.7739,128.7311,신석리마을회관,공공시설,경상북도 경산시 남천면 신석길 82-1,-,110.87,33,2,1,-,-,-,-
경산시,35.766319,128.725187,삼성1리마을회관,공공시설,"경상북도 경산시 남천면 삼성길  22 , 삼성1리마을회관",-,126.51,38,2,1,-,-,-,-
성주군,35.9245533,128.2434779,용흥2리마을회관,공공시설,경상북도 성주군 대가면 용흥2길 46-12,-,69,17,2,1,-,아니오,아니오,아니오
구미시,36.1970743,128.3161381,대망1마을회관,공공시설,경상북도 구미시 고아읍 원대로21안길 3,-,99,25,2,2,-,아니오,아니오,아니오
구미시,36.1826623,128.3162633,대망2마을회관,공공시설,경상북도 구미시 고아읍 원대로 362,-,83.16,21,2,2,-,아니오,아니오,아니오
구미시,36.208416,128.307758,파산마을회관,공공시설,경상북도 구미시 고아읍파산3길 14-2,-,100.96,25,1,2,-,아니오,아니오,아니오
구미시,36.2130356,128.287948,황산마을회관,공공시설,경상북도 구미시 고아읍황산3길 6-3,-,132,33,2,1,-,아니오,아니오,아니오
구미시,36.183083,128.282775,외예마을회관,공공시설,경상북도 구미시 고아읍포아로 478-11,-,106.6,27,2,2,-,아니오,아니오,아니오
구미시,36.1868506,128.2898167,내예리마을회관,공공시설,경상북도 구미시 고아읍 내예길 6,-,66.1,17,1,1,-,아니오,아니오,아니오
구미시,36.157908,128.339232,원호1마을회관,공공시설,경상북도 구미시 고아읍들성로 160-3,-,44,11,2,2,-,아니오,아니오,아니오
성주군,35.91975,128.174219,광산2리마을쉼터,공공시설,"경상북도 성주군 금수면 광산2길  6 , 복지회관",-,329.46,100,2,1,-,아니오,아니오,아니오
영양군,36.5382648,129.1623773,택전1리마을회관,공공시설,경상북도 영양군 석보면 택전1길 11,-,96,30,1,1,-,아니오,-,아니오
영양군,36.528074,129.174026,택전2리마을회관,공공시설,"경상북도 영양군 석보면 석보로  1026 , 택전2리 마을회관",-,121,30,1,2,-,아니오,-,아니오
구미시,36.2119368,128.334277,관심1마을회관,공공시설,경상북도 구미시 고아읍관심길 65,-,91.63,23,2,1,-,아니오,아니오,아니오
영양군,36.5510151,129.1393358,원리3리마을회관,공공시설,경상북도 영양군 석보면 가구길 7,-,110,30,3,1,-,아니오,-,아니오
예천군,36.743941,128.4439718,은풍면복지회관,공공시설,경상북도 예천군 은풍면 은풍로 78-16,-,568,142,1,2,-,아니오,아니오,아니오
구미시,36.1404654,128.3325648,도량동주민센터,공공시설,경상북도 구미시 문장로12길 1 (도량동),-,240,60,10,4,-,아니오,아니오,아니오
구미시,36.1435628,128.3326963,금오종합사회복지관,공공시설,경상북도 구미시 문장로 110 (도량동),-,453,113,6,8,-,아니오,아니오,아니오
성주군,35.916407,128.262731,대흥1리마을회관,공공시설,"경상북도 성주군 성주읍 대흥1길  16 , 대흥1리회관",-,91,22,2,1,-,아니오,아니오,아니오
성주군,35.918306,128.263934,대흥2리마을회관,공공시설,"경상북도 성주군 성주읍 대흥길  51 , 대흥2리마을회관",-,96,20,2,1,-,아니오,아니오,아니오
성주군,35.920856,128.264364,대흥3리마을회관,공공시설,경상북도 성주군 성주읍 대흥길  79-11,-,85,21,2,1,-,아니오,아니오,아니오
구미시,36.2559753,128.2512738,덕촌1마을회관,공공시설,경상북도 구미시 옥성면 덕촌1길 50,-,87,22,1,1,-,아니오,아니오,아니오
영주시,36.9917962,128.6808834,북지2리노인회관(마을회관),공공시설,경상북도 영주시 부석면 봉황산로78번길 16,-,90,30,1,1,-,아니오,아니오,아니오
성주군,35.891077,128.203997,금산2리마을회관,공공시설,"경상북도 성주군 대가면 대가금산3길  69 , 금곡마을회관",-,84,21,3,1,-,아니오,아니오,아니오
성주군,35.890023,128.192696,옥화1리쉼터,공공시설,경상북도 성주군 대가면 옥화1길  17,-,20,5,0,1,-,아니오,아니오,아니오
성주군,35.8957,128.19899,옥화2리마을회관,공공시설,경상북도 성주군 대가면 참별로  1867,-,87,21,3,1,-,아니오,아니오,아니오
상주시,36.5794255,128.145784,이안면행정복지센터,공공시설,경상북도 상주시 이안면양범안룡길 46,-,150,45,3,4,-,아니오,아니오,아니오
경산시,35.820943,128.822572,자인면행정복지센터,공공시설,"경상북도 경산시 자인면 일연로  82 , 자인면사무소",-,1726,100,6,2,-,예,예,아니오
경산시,35.8207868,128.8219066,자인우체국,공공시설,경상북도 경산시 자인면 일연로 90,-,425,50,5,2,-,아니오,아니오,아니오
경산시,35.8205253,128.727901,서부1동행정복지센터,공공시설,경상북도 경산시 경산로 135 (사정동),-,120,30,5,7,-,예,예,아니오
예천군,36.576141,128.434275,어지리경로당,특정계층이용시설,경상북도 예천군 호명읍 한어길 136-4,-,79,19,1,1,-,아니오,아니오,아니오
고령군,35.724367,128.263448,지산2리경로당,특정계층이용시설,경상북도 고령군 대가야읍 월기길 3,-,141,43,1,1,-,아니오,아니오,아니오
청도군,35.6508538,128.6558622,구라리,특정계층이용시설,경상북도 청도군 이서면 가금구라길 263,-,99,24,2,1,-,아니오,아니오,아니오
구미시,36.3471375,128.2773153,구봉1마을회관,공공시설,경상북도 구미시 옥성면 선상동로 1463,-,161,40,1,1,-,아니오,아니오,아니오
구미시,36.3521397,128.257868,구봉2마을회관,공공시설,경상북도 구미시 옥성면구봉1길 217,-,99,25,1,1,-,아니오,아니오,아니오
구미시,36.3392275,128.264111,옥관1마을회관,공공시설,경상북도 구미시 옥성면옥관구평길 11-3,-,98,25,1,1,-,아니오,아니오,아니오
경산시,35.8183634,128.735497,경산생활문화센터,공공시설,경상북도 경산시 장산로23길 23 (서상동),-,108,33,0,4,-,아니오,예,아니오
구미시,36.3051673,128.24121,산촌마을회관,공공시설,경상북도 구미시 옥성면산촌1길 12-2,-,148,37,1,1,-,아니오,아니오,아니오
구미시,36.2841245,128.2278286,태봉1마을회관,공공시설,경상북도 구미시 옥성면 태봉1길 58-2,-,86,22,1,1,-,아니오,아니오,아니오
구미시,36.2832705,128.2337295,대원1마을회관,공공시설,경상북도 구미시 옥성면 대원1길 34-5,-,184,46,1,1,-,아니오,아니오,아니오
상주시,36.2833863,128.092518,공성면행정복지센터,공공시설,경상북도 상주시 공성면공성중앙로 67,-,501,152,4,3,-,아니오,아니오,아니오
성주군,35.909489,128.229869,대가면복지회관,공공시설,"경상북도 성주군 대가면 참별로  2260 , 대가면복지관",-,399,99,5,1,-,아니오,아니오,아니오
성주군,35.923203,128.249755,용흥1리마을회관,공공시설,"경상북도 성주군 대가면 봉흥로  380-9, 용전노인회관",-,79,19,2,1,-,아니오,아니오,아니오
안동시,36.3715182,128.9649458,대사2리경로당,특정계층이용시설,경상북도 안동시 길안면 대사로  753-3,-,83.39,20,3,2,-,아니오,아니오,아니오
안동시,36.4023318,128.9334475,고란1리경로당,특정계층이용시설,경상북도 안동시 길안면 고란길  127,-,98.64,9,3,2,-,아니오,아니오,아니오
안동시,36.4161901,128.9139521,묵계1리경로당,특정계층이용시설,경상북도 안동시 길안면 묵계중리길  8,-,176.19,29,3,3,-,아니오,아니오,아니오
영주시,36.8099902,128.6217836,휴천2동주민자치센터,공공시설,경상북도 영주시 대학로 22 (휴천동),-,208,75,6,3,-,아니오,아니오,아니오
예천군,36.68874,128.4090844,용문면주민자치센터,공공시설,경상북도 예천군 용문면 용문경천로 1209-5,-,568,142,1,5,-,아니오,아니오,아니오
구미시,36.1644788,128.3714872,다식마을회관,공공시설,경상북도 구미시 고아읍다평길 60-7,-,206.8,52,2,2,-,아니오,아니오,아니오
안동시,36.580126,128.57207,풍산읍행정복지센터,공공시설,경상북도 안동시 풍산읍 풍산중앙길 99,-,353.69,20,정보없음,정보없음,-,아니오,아니오,아니오
구미시,36.142355,128.362667,괴평3마을회관,공공시설,경상북도 구미시 고아읍대평길 171,-,98.8,25,3,2,-,아니오,아니오,아니오
경산시,35.8136654,128.7391073,남부동행정복지센터,공공시설,경상북도 경산시 경안로 68 (신교동),-,53.46,20,0,1,-,아니오,아니오,아니오
구미시,36.199747,128.338812,예강1마을회관,공공시설,경상북도 구미시 고아읍예강1길 5,-,97.6,24,2,1,-,아니오,아니오,아니오
구미시,36.1944898,128.3610436,예강2마을회관,공공시설,경상북도 구미시 고아읍 강정4길 52-5,-,134.1,34,2,2,-,아니오,아니오,아니오
구미시,36.179936,128.348555,봉한2마을회관,공공시설,경상북도 구미시 고아읍봉한3안길 2,-,98.7,25,2,1,-,아니오,아니오,아니오
영주시,36.845301,128.559412,신전1리마을회관,공공시설,경상북도 영주시 안정면신재로 514-4,-,97.15,21,2,1,-,아니오,아니오,아니오
구미시,36.1441303,128.322351,도량동우체국,공공시설,경상북도 구미시 송동로 127 (도량동),-,215,53,2,1,-,아니오,아니오,아니오
구미시,36.2169449,128.3150938,오로1마을회관,공공시설,경상북도 구미시 고아읍 오로3길 9,-,100.5,25,3,1,-,아니오,아니오,아니오
구미시,36.3409953,128.2577835,옥관2마을회관,공공시설,경상북도 구미시 산촌옥관로 807  (옥성면),-,92,23,1,1,-,아니오,아니오,아니오
성주군,35.8915427,128.3468729,동암농촌활력증진센터,공공시설,경상북도 성주군 선남면 명관로 376,-,405,20,5,2,-,아니오,아니오,아니오
구미시,36.1610193,128.354117,문성3마을회관,공공시설,경상북도 구미시 고아읍문성12길 15-9,-,148.2,37,2,2,-,아니오,아니오,아니오
포항시,35.9899557,129.3975753,인덕어울림복지회관,공공시설,경상북도 포항시 남구 인덕로 52 (인덕동),-,257,20,2,2,-,아니오,아니오,아니오
구미시,36.095333,128.3535558,상모사곡동주민센터,공공시설,경상북도 구미시 박정희로 188 (사곡동),-,557.64,214,5,41,-,아니오,아니오,아니오
경주시,35.991913,129.22114,양월4리마을회관,특정계층이용시설,경상북도 경주시 안강읍 안강시장길  12-47,-,138,42,2,2,-,아니오,아니오,아니오
성주군,35.9425335,128.3475718,문방2리경로당,특정계층이용시설,경상북도 성주군 선남면 문방길 386,-,79,40,1,1,-,아니오,아니오,아니오
성주군,35.932913,128.350016,문방3리경로당,특정계층이용시설,"경상북도 성주군 선남면 문방2길  22 , 문방3리마을회관",-,103,50,1,1,-,아니오,아니오,아니오
문경시,36.779057,128.314154,적성2리대촌회관앞정자,야외시설,경상북도 문경시 동로면 적성큰마길 50,-,45,7,정보없음,정보없음,-,-,-,-
경산시,35.854664,128.77785,용암리,야외시설,경상북도 경산시 압량읍 용암길 107,-,20,2,정보없음,정보없음,-,아니오,아니오,아니오
김천시,36.2353256,128.1248626,문무리쉼터,야외시설,경상북도 김천시 감문면 보광길 44-21,-,70,7,정보없음,정보없음,-,아니오,아니오,아니오
상주시,36.4454,127.954,화령시민센터,공공시설,경상북도 상주시 화서면 반송길 12,-,675,20,3,1,-,아니오,아니오,아니오
구미시,36.1628162,128.3721596,괴평1마을회관,공공시설,경상북도 구미시 고아읍 다평8길 6,-,102.6,26,4,2,-,아니오,아니오,아니오
구미시,36.171368,128.371449,괴평2마을회관,공공시설,경상북도 구미시 고아읍송평구길 103-4,-,110.9,28,1,1,-,아니오,아니오,아니오
경주시,35.8420559,129.2063266,중부동주민센터,공공시설,경상북도 경주시 원효로 50 (노서동),-,365.7,111,4,4,-,아니오,아니오,아니오
구미시,36.169715,128.3648962,송림마을회관,공공시설,경상북도 구미시 고아읍 송평구3길 13,-,95,24,2,1,-,아니오,아니오,아니오
구미시,36.1062525,128.3355214,형곡2동주민센터,공공시설,경상북도 구미시 형곡로 180,-,370.87,93,10,5,-,-,아니오,아니오
구미시,36.1208512,128.359285,신평1동행정복지센터,공공시설,경상북도 구미시 칠성로 32 (신평동),-,656,164,0,5,-,아니오,아니오,아니오
구미시,36.1231442,128.3656871,신평2동행정복지센터,공공시설,경상북도 구미시 신비로7길 9,-,989,247,2,4,-,아니오,아니오,아니오
상주시,36.5633,127.9173,화북면행정복지센터,공공시설,경상북도 상주시 화북면문장로 1739,-,531,161,1,2,-,아니오,아니오,아니오
울진군,37.0790448,129.284277,덕구온천휴게실,생활밀착민간시설,경상북도 울진군 북면 덕구온천로 924,-,2400,20,1,3,-,아니오,아니오,아니오
영주시,36.8238346,128.6302659,하망동행정복지센터,공공시설,경상북도 영주시 영주로280번길 21 (하망동),-,79.92,24,0,1,-,아니오,아니오,아니오
경산시,35.8332691,128.7465397,북부동행정복지센터,공공시설,경상북도 경산시 중방로 125 (계양동),-,66.6,20,0,3,-,예,예,아니오
예천군,36.7670446,128.5338386,돈산(돈답)경로당,특정계층이용시설,경상북도 예천군 감천면 돈답길 146,-,65,16,1,1,-,아니오,아니오,아니오
예천군,36.7602457,128.5470381,유1리경로당,특정계층이용시설,경상북도 예천군 감천면 유동길 149,-,33,8,1,1,-,아니오,아니오,아니오
상주시,36.4438032,127.9506424,화서면복지회관,공공시설,경상북도 상주시 화서면 화령남4길 10-1,-,225,20,2,1,-,아니오,아니오,아니오
성주군,35.8605743,128.1681937,동원2리경로당,특정계층이용시설,경상북도 성주군 가천면 동원2길 24,-,84.52,21,3,1,-,아니오,아니오,아니오
성주군,35.9894051,128.1970596,봉학4리경로당,특정계층이용시설,경상북도 성주군 벽진면 봉학3길 10,-,42,10,2,1,-,아니오,아니오,아니오
성주군,36.002412,128.201465,용암1리경로당,특정계층이용시설,경상북도 성주군 벽진면 달창길  27,-,50,10,2,1,-,아니오,아니오,아니오
성주군,36.020693,128.182784,용암2리경로당,특정계층이용시설,경상북도 성주군 벽진면 벽봉로  1035,-,100,20,2,1,-,아니오,아니오,아니오
안동시,36.5876405,128.571386,안교1리어란경로당,특정계층이용시설,경상북도 안동시 풍산읍 안교리 222,-,49,10,1,1,-,아니오,아니오,아니오
안동시,36.6188796,128.6010486,죽전리대밭골경로당,특정계층이용시설,경상북도 안동시 풍산읍 죽전길 418-3,-,71.5,20,1,1,-,아니오,아니오,아니오
안동시,36.6096263,128.6087251,오동정경로당,특정계층이용시설,경상북도 안동시 서후면 대두서2길 12,-,79.23,10,1,1,-,아니오,아니오,아니오
안동시,36.4901664,128.5618535,승통곡경로당,특정계층이용시설,경상북도 안동시 풍천면 승통길 5-1,-,38,10,1,1,-,아니오,아니오,아니오
안동시,36.5795294,128.7677184,성곡엄달골경로당,특정계층이용시설,경상북도 안동시 성곡동 산 180-17,-,66.06,10,1,1,-,아니오,아니오,아니오
청도군,35.6522204,128.7082404,합천1리,특정계층이용시설,경상북도 청도군 화양읍 상천리길 14,-,95.4,23,2,1,-,아니오,아니오,아니오
영양군,36.6701379,129.1142464,도무골경로당,특정계층이용시설,경상북도 영양군 영양읍 동부천2길 39,-,198.73,49,2,1,-,-,-,아니오
의성군,36.3640383,128.5398138,산제1리마을회관,특정계층이용시설,경상북도 의성군 비안면 모산길 17,-,103.52,20,3,3,-,-,아니오,-
영덕군,36.371921,129.308615,흥기2리,특정계층이용시설,경상북도 영덕군 달산면 오봉길 37-7,-,106,32,3,1,-,아니오,아니오,아니오
영덕군,36.3639604,129.3107605,흥기3리,특정계층이용시설,경상북도 영덕군 달산면 궁터길 24-61,-,87,26,3,1,-,아니오,아니오,아니오
영덕군,36.3636893,129.2905933,주응1리,특정계층이용시설,경상북도 영덕군 달산면 주응길 184-2,-,90,27,3,1,-,아니오,아니오,아니오
문경시,36.733369,128.110338,하리2쉼터,야외시설,경상북도 문경시 문경읍 주흘로 175-14,-,30,5,정보없음,정보없음,-,-,-,-
영덕군,36.3589832,129.2789585,주응2리,특정계층이용시설,경상북도 영덕군 달산면 주응길 42,-,46,14,2,1,-,아니오,아니오,아니오
칠곡군,35.9871422,128.4130769,왜관18리주공3단지경로당,특정계층이용시설,경상북도 칠곡군 왜관읍 평장7길 11,-,66,40,2,2,-,아니오,아니오,아니오
성주군,35.962111,128.301785,용각3리경로당,특정계층이용시설,"경상북도 성주군 월항면 용각2길  13-9, 당소노인정",-,72,18,1,1,-,아니오,아니오,아니오
성주군,35.967475,128.29787,보암1리경로당,특정계층이용시설,경상북도 성주군 월항면 보암1길  35,-,51,12,2,1,-,아니오,아니오,아니오
의성군,36.3880288,128.605957,박곡3리경로당,특정계층이용시설,경상북도 의성군 안평면 박실길 44,-,111.82,37,2,1,-,아니오,아니오,아니오
김천시,36.1154846,128.1187885,학사대경로당,특정계층이용시설,경상북도 김천시 학사대1길 10 (황금동),-,63,16,2,1,-,아니오,아니오,예
포항시,35.9419922,129.5337759,구평1마을쉼터,특정계층이용시설,경상북도 포항시 남구 구룡포읍 동해안로4240번길 48,-,105.96,32,2,1,-,아니오,아니오,아니오
포항시,35.9929089,129.5496081,구룡포2마을쉼터,특정계층이용시설,경상북도 포항시 남구 구룡포읍 구룡포길57번길 52,-,38.03,12,2,1,-,아니오,아니오,아니오
포항시,35.9930762,129.5552973,중앙마을쉼터,특정계층이용시설,경상북도 포항시 남구 구룡포읍 석문길 24-1,-,65,20,2,1,-,아니오,아니오,아니오
포항시,36.2153191,129.1249087,석계리마을쉼터,특정계층이용시설,경상북도 포항시 북구 죽장면 합석길 365,-,96,29,2,1,-,아니오,아니오,아니오
포항시,36.3038648,129.2502437,하옥리마을쉼터,특정계층이용시설,경상북도 포항시 북구 죽장면 죽장로 2822-8,-,73,22,1,1,-,아니오,아니오,아니오
포항시,36.1662031,129.1276942,침곡리경로당,특정계층이용시설,경상북도 포항시 북구 죽장면 침곡길 165,-,69,14,1,1,-,아니오,아니오,아니오
성주군,35.9474627,128.2653272,후산경로당,특정계층이용시설,경상북도 성주군 초전면 용대로 164,-,146,35,2,1,-,아니오,아니오,아니오
경산시,35.815773,128.728414,옥곡2동경로당,특정계층이용시설,경상북도 경산시 장산로 27,-,176,44,2,2,-,아니오,아니오,아니오
경산시,35.817719,128.72706,사정1동경로당,특정계층이용시설,경상북도 경산시 선비길2길 30,-,200,50,1,1,-,아니오,아니오,아니오
김천시,35.9907522,128.0111203,지전곡경로당,특정계층이용시설,경상북도 김천시 지례면 도곡1길 310,-,74,18,2,1,-,아니오,아니오,예
김천시,35.9705488,128.0238674,도곡2리(신평)경로당,특정계층이용시설,경상북도 김천시 지례면 남김천대로 1614,-,93,22,3,1,-,아니오,아니오,예
청도군,35.6251488,128.608481,차산1리,특정계층이용시설,경상북도 청도군 풍각면 월봉길 108,-,86,21,2,1,-,아니오,아니오,아니오
안동시,36.4867509,128.887565,오대2리어덕경로당,특정계층이용시설,경상북도 안동시 임하면 어덕길 30,-,93.22,28,2,1,-,아니오,아니오,아니오
성주군,35.920072,128.219362,산양경로당,특정계층이용시설,경상북도 성주군 대가면 흥산2길  30,-,81,20,2,1,-,아니오,아니오,아니오
성주군,35.8862056,128.165085,창천3리경로당,특정계층이용시설,경상북도 성주군 가천면 창천3길 8,-,107.32,27,3,1,-,아니오,아니오,아니오
성주군,35.977344,128.246256,자양1경로당,특정계층이용시설,"경상북도 성주군 초전면 자양길  109 , 자양1리경로당",-,108,25,3,1,-,아니오,아니오,아니오
성주군,35.972208,128.236549,자양2경로당,특정계층이용시설,"경상북도 성주군 초전면 자양길  236-8, 자양2리경로당",-,109,37,3,1,-,아니오,아니오,아니오
성주군,35.989915,128.247049,고산경로당,특정계층이용시설,"경상북도 성주군 초전면 고산2길  3 , 고산정마을회관",-,123,51,1,1,-,아니오,아니오,아니오
문경시,36.797706,128.155704,관음3쉼터,야외시설,경상북도 문경시 문경읍 여우목로 406-12,-,30,5,정보없음,정보없음,-,-,-,-
울진군,37.0058156,129.4169917,연지3리쉼터,야외시설,경상북도 울진군 울진읍 대나리항길 285,-,15,7,정보없음,정보없음,-,아니오,아니오,아니오
청도군,35.6379304,128.7461507,고수7리,특정계층이용시설,경상북도 청도군 청도읍 뒷마2길 12-1,-,36,9,2,1,-,아니오,아니오,아니오
청도군,35.6361059,128.7590361,구미리,특정계층이용시설,경상북도 청도군 청도읍 구미길 55-9,-,61.25,15,2,1,-,아니오,아니오,아니오
문경시,36.6762174,128.1217352,신현2리정현경로당,특정계층이용시설,경상북도 문경시 마성면 정현길 42,-,102,17,2,1,-,아니오,아니오,아니오
울진군,36.980746,129.3947104,읍남1리쉼터,야외시설,경상북도 울진군 울진읍 토일2길 28,-,15,8,정보없음,정보없음,-,아니오,아니오,아니오
성주군,35.940638,128.239569,가암1리경로당,특정계층이용시설,"경상북도 성주군 벽진면 가암2길  17 , 가암1리회관",-,67,10,2,1,-,아니오,아니오,아니오
울진군,36.7329436,129.4757958,직산1리마을회관,특정계층이용시설,경상북도 울진군 평해읍제장로 135,-,80,20,1,1,-,아니오,아니오,아니오
포항시,36.0856509,129.3982845,양덕2차e편한세상마을쉼터,특정계층이용시설,"경상북도 포항시 북구 천마로90번길 11 (양덕동, 2차이편한세상아파트)",-,119,36,2,1,-,아니오,아니오,아니오
포항시,36.0692601,129.3784325,장량마을쉼터,특정계층이용시설,경상북도 포항시 북구 삼흥로 77-14 (장성동),-,84,25,2,1,-,아니오,아니오,아니오
포항시,36.0236374,129.342496,이동현대홈타운마을쉼터,특정계층이용시설,"경상북도 포항시 남구 대이로 100 (대잠동, 이동현대홈타운)",-,148,45,1,1,-,아니오,아니오,아니오
성주군,36.001544,128.294404,인촌1리경로당,특정계층이용시설,"경상북도 성주군 월항면 인촌1길  30-1, 인촌1리마을회관",-,151,37,3,1,-,아니오,아니오,아니오
성주군,36.0106381,128.3006975,인촌2리경로당,특정계층이용시설,경상북도 성주군 월항면 인촌1길 173,-,51,12,1,1,-,아니오,아니오,아니오
포항시,35.9977412,129.3513289,영남아파트경로당,특정계층이용시설,"경상북도 포항시 남구 연일읍 연일중앙로 69 (영남비치타운1,2차)",-,44,13,1,1,-,아니오,아니오,아니오
청송군,36.504412,129.118883,신촌1리경로당,특정계층이용시설,경상북도 청송군 진보면 신촌1길 19,-,84,25,2,1,-,아니오,아니오,아니오
청도군,35.5702146,128.7706259,유호1리(여),특정계층이용시설,경상북도 청도군 청도읍 유천강변길 10,-,93.35,23,2,1,-,아니오,아니오,아니오
청도군,35.6494023,128.7423822,청도에코파크아파트,특정계층이용시설,경상북도 청도군 청도읍 한내길 50-14 (BS에코파크),-,81.98,20,2,1,-,아니오,아니오,아니오
안동시,36.515834,128.7546346,도로리경로당,특정계층이용시설,경상북도 안동시 남선면 지리골길 129-34,-,71.43,17,3,1,-,아니오,아니오,아니오
김천시,36.141896,128.113955,신음덕일아파트경로당,특정계층이용시설,경상북도 김천시 시청6길 27 (덕일아파트 102동),-,84,21,2,1,-,아니오,아니오,예
성주군,35.9727734,128.2623521,대장1경로당,특정계층이용시설,경상북도 성주군 초전면대장1길 35-6,-,98,30,2,1,-,아니오,아니오,아니오
포항시,36.0070086,129.3142365,대림한숲경로당,특정계층이용시설,경상북도 포항시 남구 연일읍 유강길9번길 62 (대림한숲타운1차아파트),-,131,40,1,1,-,아니오,아니오,아니오
구미시,36.140482,128.422165,도담공원,야외시설,"경상북도 구미시 옥계신당로5길 51  (옥계동, 도담공원화장실)",-,157.8,24,정보없음,정보없음,-,아니오,아니오,아니오
포항시,35.9977345,129.3426998,삼도한솔타운2차경로당,특정계층이용시설,경상북도 포항시 남구 연일읍 연일로 150 (삼도한솔타운2차),-,77,23,1,1,-,아니오,아니오,아니오
고령군,35.759944,128.355114,고탄경로당,특정계층이용시설,경상북도 고령군 성산면 운성로 755,-,148.8,45,1,1,-,아니오,아니오,아니오
예천군,36.6270222,128.3767117,매산1리경로당,특정계층이용시설,경상북도 예천군 유천면 매산길 74,-,86,21,1,1,-,아니오,아니오,아니오
고령군,35.768817,128.289813,봉평1리경로당,특정계층이용시설,경상북도 고령군 운수면 운용로 103,-,252.06,76,1,1,-,아니오,아니오,아니오
고령군,35.763274,128.290444,금성리경로당,특정계층이용시설,경상북도 고령군 운수면금성길 40,-,48.86,15,1,1,-,아니오,아니오,아니오
고령군,35.775633,128.301929,봉평2리경로당,특정계층이용시설,경상북도 고령군 운수면 연봉길 98,-,111.89,34,1,1,-,아니오,아니오,아니오
청도군,35.646135,128.7362507,고수2리(여),특정계층이용시설,경상북도 청도군 청도읍 양정1길 18,-,152,38,2,1,-,아니오,아니오,아니오
청도군,35.7071985,128.583,덕촌2리,특정계층이용시설,경상북도 청도군 각북면 덕촌2길 11-3,-,110.7,27,2,1,-,아니오,아니오,아니오
예천군,36.7518295,128.562527,미석2리경로당,특정계층이용시설,경상북도 예천군 감천면 미석2길 83,-,86,21,1,1,-,아니오,아니오,아니오
안동시,36.4105225,128.8699644,백자리경로당,특정계층이용시설,경상북도 안동시 길안면 만음백자길  457,-,159.95,9,5,4,-,아니오,아니오,아니오
안동시,36.3654891,128.8996434,금곡리소일경로당,특정계층이용시설,경상북도 안동시 길안면 미내소일길  557,-,113,20,2,3,-,아니오,아니오,아니오
포항시,35.869648,129.527592,계원1리마을쉼터,특정계층이용시설,경상북도 포항시 남구 장기면 계원3길 3,-,181,55,1,1,-,아니오,아니오,아니오
포항시,36.1021365,129.2087904,계전학서마을쉼터,특정계층이용시설,경상북도 포항시 북구 기계면 계전길 128,-,26,8,1,1,-,아니오,아니오,아니오
포항시,36.1270847,129.1260128,가안2리마을쉼터,특정계층이용시설,경상북도 포항시 북구 기계면 새마을로2694번길 7-6,-,100,30,2,1,-,아니오,아니오,아니오
포항시,36.0634563,129.1936401,문성리부녀마을쉼터,특정계층이용시설,경상북도 포항시 북구 기계면 새마을발상지길 129-6,-,50,15,1,1,-,아니오,아니오,아니오
경주시,35.838171,129.022842,우라중리경로당,특정계층이용시설,경상북도 경주시 산내면 땅들길  24,-,133,40,1,1,-,아니오,아니오,아니오
포항시,35.9794495,129.4128869,구정2리마을쉼터,특정계층이용시설,경상북도 포항시 남구 오천읍 정몽주로694번길 6-2,-,148,45,1,1,-,아니오,아니오,아니오
포항시,35.9836493,129.4107935,구정1리마을쉼터,특정계층이용시설,경상북도 포항시 남구 오천읍 정몽주로738번길 3,-,66,20,2,1,-,아니오,아니오,아니오
포항시,35.9735372,129.41315,용덕6리마을쉼터,특정계층이용시설,경상북도 포항시 남구 오천읍 정몽주로617번길 17,-,64,19,1,1,-,아니오,아니오,아니오
청도군,35.6342006,128.8214216,예전1리,특정계층이용시설,경상북도 청도군 매전면 청매로 1095-2,-,192.36,48,3,2,-,아니오,아니오,아니오
의성군,36.3639411,128.5691786,마전경로당,특정계층이용시설,경상북도 의성군 안평면 마전길 77,-,91.8,44,2,1,-,아니오,아니오,아니오
의성군,36.3745991,128.5666686,기도1리경로당,특정계층이용시설,경상북도 의성군 안평면 기도길 166,-,93.6,53,2,1,-,아니오,아니오,아니오
의성군,36.3470424,128.443324,모흥1리경로당,특정계층이용시설,경상북도 의성군 구천면 모흥1길 40-11,-,111,36,3,1,-,-,아니오,-
의성군,36.3433632,128.3961064,소호4리경로당,특정계층이용시설,경상북도 의성군 구천면 소호4길 124,-,85.06,11,2,1,-,-,아니오,-
포항시,36.0369854,129.3524002,용흥삼성푸른마을쉼터,특정계층이용시설,경상북도 포항시 북구 탑산길 62 (용흥동),-,100,30,1,1,-,아니오,아니오,아니오
영덕군,36.3899444,129.2892939,용평리,특정계층이용시설,경상북도 영덕군 달산면 용평길 140-1,-,62,19,2,1,-,아니오,아니오,아니오
포항시,36.028876,129.357249,용흥2동마을쉼터,특정계층이용시설,경상북도 포항시 북구 중흥로267번길 42 (용흥동),-,177,54,1,1,-,아니오,아니오,아니오
포항시,36.0441878,129.3478901,한라타워마을쉼터,특정계층이용시설,"경상북도 포항시 북구 대안길 93 (용흥동, 한라타워맨션)",-,47,14,1,1,-,아니오,아니오,아니오
성주군,35.884991,128.310043,장골경로당,특정계층이용시설,"경상북도 성주군 선남면 장학1길  2 , 장학리마을회관",-,104,50,1,1,-,아니오,아니오,아니오
성주군,35.873698,128.375968,선원2경로당,특정계층이용시설,경상북도 성주군 선남면 나선로  920,-,87,30,1,1,-,아니오,아니오,아니오
성주군,35.890764,128.377743,소학1경로당,특정계층이용시설,"경상북도 성주군 선남면 선노로  111 , 소학1리마을회관",-,194,70,3,2,-,아니오,아니오,아니오
포항시,36.0449774,129.3578022,쌍용아파트마을쉼터,특정계층이용시설,"경상북도 포항시 북구 용흥로 354 (용흥동, 용흥쌍용아파트)",-,130,39,2,1,-,아니오,아니오,아니오
포항시,36.0396824,129.3558989,용흥마을쉼터,특정계층이용시설,경상북도 포항시 북구 대안길 12 (용흥동),-,191,58,1,1,-,아니오,아니오,아니오
포항시,36.039812,129.348,용흥보성마을쉼터,특정계층이용시설,경상북도 포항시 북구 용흥로 128 (보성타운아파트),-,105,32,1,1,-,아니오,아니오,아니오
포항시,36.0465129,129.3555817,해원하나로1차마을쉼터,특정계층이용시설,"경상북도 포항시 북구 우미길 90 (용흥동, 해원하나로타운)",-,41,12,2,1,-,아니오,아니오,아니오
구미시,36.1147628,128.3325648,우방3차경로당,특정계층이용시설,"경상북도 구미시 형곡로 73 (형곡동, 우방3차아파트)",-,40,10,2,1,-,아니오,아니오,아니오
구미시,36.1196032,128.3370474,서부경로당,특정계층이용시설,경상북도 구미시 신시로17길 41,-,25,6,1,1,-,아니오,아니오,아니오
성주군,35.873103,128.1413528,법전1리경로당,특정계층이용시설,경상북도 성주군 가천면 포천계곡로 376,-,28.7,7,1,1,-,아니오,아니오,아니오
성주군,35.912233,128.191453,명천2리마을쉼터,특정계층이용시설,"경상북도 성주군 금수면 명천로4길  20 , 명천2리경로당",-,75.84,40,2,1,-,아니오,아니오,아니오
성주군,35.9239886,128.1138119,무학리마을쉼터,특정계층이용시설,경상북도 성주군 금수면 무학2길 15-4,-,84.76,40,1,1,-,아니오,아니오,아니오
성주군,35.926857,128.097893,무학리2마을쉼터,특정계층이용시설,"경상북도 성주군 금수면 무학3길  11 , 무학2리마을회관",-,150,50,2,1,-,아니오,아니오,아니오
포항시,36.0618991,129.3750982,두호우방하이츠마을쉼터,특정계층이용시설,"경상북도 포항시 북구 학전로 103 (두호동, 우방하이츠)",-,135,41,2,1,-,아니오,아니오,아니오
청도군,35.7178394,128.8113981,관하1리상방천,특정계층이용시설,경상북도 청도군 매전면 관방로 156-9,-,57.06,14,2,1,-,아니오,아니오,아니오
성주군,35.977761,128.221629,자산1리경로당,특정계층이용시설,경상북도 성주군 벽진면 자산2길  13,-,200,20,2,1,-,아니오,아니오,아니오
성주군,35.975575,128.209481,자산2리경로당,특정계층이용시설,"경상북도 성주군 벽진면 자산5길  16 , 지산2리회관 지산2리경로당",-,104,15,2,1,-,아니오,아니오,아니오
문경시,36.6603937,128.0831945,하내1리경로당,특정계층이용시설,경상북도 문경시 마성면 하내2길 9,-,193,81,3,1,-,아니오,아니오,아니오
문경시,36.733225,128.312456,간송1리경로당,특정계층이용시설,경상북도 문경시 동로면간곡동길 39-1,-,85,40,1,1,-,아니오,아니오,아니오
문경시,36.768719,128.31409,노은2리경로당,특정계층이용시설,경상북도 문경시 동로면 노은2길  33,-,85,40,1,1,-,아니오,아니오,아니오
문경시,36.6565766,128.0960664,구랑리경로당,특정계층이용시설,경상북도 문경시 마성면 구랑1길 21-7,-,101,14,2,1,-,아니오,아니오,아니오
영양군,36.6672184,129.1152951,동부1리경로당,특정계층이용시설,경상북도 영양군 영양읍 황용천길 68,-,167.7,41,3,2,-,-,-,아니오
영양군,36.6635049,129.1170332,서부1리경로당,특정계층이용시설,경상북도 영양군 영양읍 시장4길 19,-,175.6,43,2,2,-,-,-,아니오
영양군,36.661678,129.1118988,서부2리경로당,특정계층이용시설,경상북도 영양군 영양읍 팔수로 541,-,110.36,27,4,2,-,-,-,아니오
영덕군,36.5774521,129.4045783,천방마을경로당,특정계층이용시설,경상북도 영덕군 병곡면 천방마을길 32-5,-,52.86,15,2,1,-,아니오,아니오,아니오
의성군,36.3483991,128.5460392,산제2리마을회관,특정계층이용시설,경상북도 의성군 비안면 교화길 873,-,404.7,20,1,1,-,-,아니오,-
의성군,36.3371063,128.552231,화신1리마을회관,특정계층이용시설,경상북도 의성군 비안면 교화길 1018-1,-,82.44,20,3,1,-,아니오,아니오,아니오
성주군,35.872422,128.153296,화죽2리경로당,특정계층이용시설,"경상북도 성주군 가천면 포천계곡로  254 , 화죽2리경로당",-,73.8,18,3,1,-,아니오,아니오,아니오
포항시,36.0114967,129.3041323,자명2리경로당,특정계층이용시설,경상북도 포항시 남구 연일읍 자명로145번길 4,-,66,20,1,1,-,아니오,아니오,아니오
성주군,35.855979,128.141129,마수리경로당,특정계층이용시설,경상북도 성주군 가천면 마수1길  28-1,-,102.66,25,2,1,-,아니오,아니오,아니오
청도군,35.6805987,128.8660213,매전금곡,특정계층이용시설,경상북도 청도군 매전면 청려로 3887,-,115.58,28,3,1,-,아니오,아니오,아니오
영천시,36.0705608,128.9076197,금호1리경로당,특정계층이용시설,경상북도 영천시 화남면 금호1길 67,-,36.36,20,1,1,-,-,-,아니오
의성군,36.4190378,128.7261173,병방리안정경로당,특정계층이용시설,경상북도 의성군 단촌면 병방길 253,-,101.5,10,2,1,-,아니오,아니오,아니오
영천시,35.946779,128.968155,범어경로당,특정계층이용시설,경상북도 영천시  범어2길  187   (범어동),-,98.96,40,1,1,-,-,-,아니오
영천시,35.943791,128.959673,범어진옥경로당,특정계층이용시설,경상북도 영천시  범어2길  3-3  (범어동),-,84.81,30,3,1,-,-,-,아니오
영천시,35.9353085,128.9361557,도남경로당,특정계층이용시설,경상북도 영천시 칠백로 843 (도남동),-,90.64,35,2,1,-,-,-,아니오
영천시,35.9341031,128.9399967,도남윗마을경로당,특정계층이용시설,경상북도 영천시 도남길 40 (도남동),-,76.02,30,2,1,-,-,-,아니오
의성군,36.4808287,128.4336171,월소1리,특정계층이용시설,경상북도 의성군 안사면 안사풍천길 725,-,79.8,6,2,1,-,-,아니오,-
의성군,36.4556372,128.4510353,만리2리경로당,특정계층이용시설,경상북도 의성군 안사면 안사풍천길 213,-,95.1,30,3,1,-,-,아니오,-
의성군,36.3512334,128.6998209,중리1리경로당,특정계층이용시설,"경상북도 의성군 문소1길 122  (의성읍, 중리1리경로당)",-,79.99,70,2,1,-,아니오,아니오,아니오
칠곡군,35.9783355,128.4034838,왜관24리태왕경로당,특정계층이용시설,경상북도 칠곡군 왜관읍 달오2길 37,-,125.5,40,3,1,-,아니오,아니오,아니오
영덕군,36.3977339,129.3030328,대지1리,특정계층이용시설,경상북도 영덕군 달산면 대지1길 31-3,-,113,34,3,1,-,아니오,아니오,아니오
영덕군,36.4024297,129.2983359,대지2리,특정계층이용시설,경상북도 영덕군 달산면 대지2길 23,-,82,25,2,1,-,아니오,아니오,아니오
김천시,36.124869,128.022271,향천2리경로당,특정계층이용시설,경상북도 김천시 대항면황악로 1565-8,-,203,50,1,1,-,아니오,아니오,예
의성군,36.3581693,128.4488304,미천마을쉼터,특정계층이용시설,경상북도 의성군 구천면 미천1길  70,-,140,20,4,1,-,아니오,아니오,아니오
의성군,36.3155846,128.707674,구정자(오로2리),특정계층이용시설,경상북도 의성군 의성읍 오로3길 66-1,-,28.56,5,1,1,-,아니오,아니오,아니오
영천시,36.08928,128.912859,오동리경로당,특정계층이용시설,경상북도 영천시 화북면 오동안길  30,-,89,22,1,1,-,-,-,아니오
청도군,35.6447466,128.7429321,고수5리,특정계층이용시설,경상북도 청도군 청도읍 고수동2길 44,-,264.6,66,2,1,-,아니오,아니오,아니오
포항시,36.2446578,129.3713778,화진3리마을쉼터,특정계층이용시설,경상북도 포항시 북구 송라면 해안로 3016,-,66,20,1,1,-,아니오,아니오,아니오
포항시,36.2659058,129.3748234,지경1리마을쉼터,특정계층이용시설,경상북도 포항시 북구 송라면 동해대로3378번길 21,-,100,30,1,1,-,아니오,아니오,아니오
포항시,36.2508622,129.371876,지경2리마을쉼터,특정계층이용시설,경상북도 포항시 북구 송라면 동해대로3218번길 19,-,100,30,1,1,-,아니오,아니오,아니오
성주군,35.941803,128.316405,안포5리경로당,특정계층이용시설,"경상북도 성주군 월항면 안무실길  8-4, 안포5리마을회관",-,111,27,0,2,-,아니오,아니오,아니오
김천시,35.9750289,128.0253852,도곡2리경로당,특정계층이용시설,경상북도 김천시 지례면 도곡2길 31,-,84,21,2,1,-,아니오,아니오,예
김천시,35.9697513,128.0132644,도곡3리경로당,특정계층이용시설,경상북도 김천시 지례면 가좌길 125,-,86,21,2,1,-,아니오,아니오,예
성주군,35.9674956,128.3030766,용각1리경로당,특정계층이용시설,경상북도 성주군 월항면 용각길 61,-,102,25,2,1,-,아니오,아니오,아니오
성주군,35.970352,128.31806,용각2리경로당,특정계층이용시설,"경상북도 성주군 월항면 용각길  228 , 팔산경로당",-,132,33,1,1,-,아니오,아니오,아니오
포항시,36.0801051,129.5590129,구만1리마을쉼터,특정계층이용시설,경상북도 포항시 남구 호미곶면 해맞이로208번길 7-1,-,717,217,2,1,-,아니오,아니오,아니오
포항시,36.0786147,129.5597187,대보3리마을쉼터,특정계층이용시설,경상북도 포항시 남구 호미곶면 해맞이로 195-2,-,196,59,1,1,-,아니오,아니오,아니오
안동시,36.5743577,128.6942849,송하6통경로당,특정계층이용시설,경상북도 안동시 송현2길 22 (송현동),-,68.95,20,1,1,-,아니오,아니오,아니오
김천시,35.9633512,128.0244698,관덕1리경로당,특정계층이용시설,경상북도 김천시 지례면 관덕길 146,-,98,23,3,1,-,아니오,아니오,예
김천시,35.989964,127.958508,사등경로당,특정계층이용시설,경상북도 김천시 부항면사등3길 7-10,-,85,43,1,1,-,아니오,아니오,예
김천시,36.00662,127.92177,해인경로당,특정계층이용시설,경상북도 김천시 부항면 해인길 92,-,54,24,2,1,-,아니오,아니오,예
김천시,35.954935,127.9767448,조룡1리경로당,특정계층이용시설,경상북도 김천시 대덕면 조룡2길 25-16,-,193,33,2,1,-,아니오,아니오,예
김천시,35.895756,127.9522148,화전1리(광신)경로당,특정계층이용시설,경상북도 김천시 대덕면 화전4길 295-6,-,86,15,2,1,-,아니오,아니오,예
김천시,35.9541156,127.9848607,추량1리경로당,특정계층이용시설,경상북도 김천시 대덕면 조룡길 242,-,106,19,0,1,-,아니오,아니오,예
김천시,35.9001529,128.0173619,평촌리경로당,특정계층이용시설,경상북도 김천시 증산면 평촌1길 14,-,92,23,2,1,-,아니오,아니오,-
의성군,36.4634485,128.4527412,신수리경로당,특정계층이용시설,경상북도 의성군 안사면 안사풍천길 301,-,87,36,3,1,-,-,아니오,-
의성군,36.418768,128.4863198,중하1리마을회관,특정계층이용시설,경상북도 의성군 안사면 중하길 300,-,99.1,20,2,1,-,아니오,-,아니오
의성군,36.4232065,128.4793797,중하2리마을회관,특정계층이용시설,경상북도 의성군 안사면 중하길  215,-,67,20,2,1,-,아니오,아니오,아니오
청도군,35.6650064,128.6817321,토평2리,특정계층이용시설,경상북도 청도군 화양읍 토평길 35,-,78.3,19,1,1,-,아니오,아니오,아니오
청도군,35.6599681,128.6809731,토평3리,특정계층이용시설,경상북도 청도군 화양읍 학산토평길 83,-,107.06,26,2,1,-,아니오,아니오,아니오
의성군,36.3500604,128.7060866,혜인아파트(도동2리),특정계층이용시설,경상북도 의성군 의성읍 동서1길 106 (혜인파크맨션),-,29.22,15,2,1,-,아니오,아니오,아니오
의성군,36.3884492,128.6279295,석탑1리경로당,특정계층이용시설,경상북도 의성군 안평면 석탑1길  125-1,-,63.99,26,2,1,-,아니오,아니오,아니오
의성군,36.3707682,128.6344823,신월경로당,특정계층이용시설,경상북도 의성군 안평면 안평의성로 578-4,-,103.1,47,2,1,-,아니오,아니오,아니오
의성군,36.2819577,128.6406787,삼산2리경로당,특정계층이용시설,경상북도 의성군 봉양면삼산2길 65,-,77.7,16,2,1,-,아니오,아니오,아니오
영천시,36.0254522,128.8289565,덕암1리경로당,특정계층이용시설,경상북도 영천시 화산면 덕암길 12-5,-,272,30,2,1,-,-,-,아니오
포항시,36.0680003,129.3822055,제일우성마을쉼터,특정계층이용시설,"경상북도 포항시 북구 삼흥로62번길 27-8 (두호동, 제일우성2차아파트)",-,43,13,1,1,-,아니오,아니오,아니오
영천시,36.0276442,128.826912,대안1리경로당,특정계층이용시설,경상북도 영천시 화산면 대안1길 45,-,66,30,1,1,-,-,-,아니오
김천시,36.0935212,128.0967001,양곡경로당,특정계층이용시설,경상북도 김천시 하로길 453 (양천동),-,69,17,2,1,-,아니오,아니오,예
안동시,36.5640884,128.7263937,재향군인특별경로당,특정계층이용시설,경상북도 안동시 천리동 퇴계로  56   (천리동),-,52.8,50,3,2,-,아니오,아니오,아니오
의성군,36.348546,128.572526,대사2리경로당(대사2길),특정계층이용시설,경상북도 의성군 안평면 대사2길 180,-,87.39,15,2,1,-,-,아니오,-
김천시,36.177165,128.23534,신촌할머니경로당,특정계층이용시설,경상북도 김천시 아포읍의1길 83,-,96,24,2,1,-,아니오,아니오,예
김천시,36.1629786,128.2815787,상송경로당,특정계층이용시설,경상북도 김천시 아포읍 송내길 209-1,-,81,20,1,1,-,아니오,아니오,아니오
김천시,36.1579926,128.2209634,작동경로당,특정계층이용시설,경상북도 김천시 아포읍작동길 19-9,-,116,29,2,2,-,아니오,아니오,아니오
칠곡군,35.998014,128.5249785,송산3리상어경로당,특정계층이용시설,경상북도 칠곡군 동명면 송산3길 30,-,48.57,10,1,1,-,아니오,아니오,아니오
영주시,36.8048224,128.6181521,지천경로당(노인회),특정계층이용시설,경상북도 영주시 휴천동 지천로55번길  17-8  (휴천동),-,126,92,3,1,-,아니오,아니오,아니오
영주시,36.818018,128.6187029,시설동우회경로당,특정계층이용시설,경상북도 영주시 원당로 27-5 (가흥동),-,127,50,2,1,-,아니오,아니오,아니오
영주시,36.8085923,128.6213151,남부경로당,특정계층이용시설,경상북도 영주시 휴천동 대학로35번길  21   (휴천동),-,88,20,2,1,-,아니오,아니오,아니오
영주시,36.8151039,128.6211207,행복경로당,특정계층이용시설,경상북도 영주시 휴천동 선비로119번길  19-1  (휴천동),-,64,22,2,1,-,아니오,아니오,아니오
영주시,36.81725,128.631043,동산타운경로당,특정계층이용시설,경상북도 영주시 남간로 38-10,-,54,47,1,1,-,아니오,아니오,아니오
청도군,35.6494066,128.8726571,남양1리사곡,특정계층이용시설,경상북도 청도군 매전면 남양길 171,-,33.75,8,1,1,-,아니오,아니오,아니오
청도군,35.6495113,128.8909766,남양2리,특정계층이용시설,경상북도 청도군 매전면 임실길 41,-,101.94,25,3,2,-,아니오,아니오,아니오
청도군,35.6758708,128.8720778,당호리,특정계층이용시설,경상북도 청도군 매전면 당호길 80,-,89.3,22,3,1,-,아니오,아니오,아니오
김천시,36.0939281,128.1050898,중리경로당,특정계층이용시설,경상북도 김천시 중리길 31-2 (양천동),-,97,24,2,1,-,아니오,아니오,예
김천시,36.0920099,128.1020729,양오경로당,특정계층이용시설,경상북도 김천시 양오길 28 (양천동),-,63,16,2,1,-,아니오,아니오,예
문경시,36.633084,128.208778,막곡2리여성경로당,특정계층이용시설,경상북도 문경시 호계면구막실길 24-3,-,82,22,1,1,-,아니오,아니오,아니오
문경시,36.6223843,128.2176456,봉서1리경로당,특정계층이용시설,경상북도 문경시 호계면 봉서1길 45-12,-,75,13,3,1,-,아니오,아니오,아니오
봉화군,36.955988,128.8861,서동리마을회관앞,야외시설,경상북도 봉화군 춘양면 서당골길 1-4,-,60,10,정보없음,정보없음,-,아니오,아니오,아니오
김천시,36.1156871,128.1227613,황금공원경로당,특정계층이용시설,경상북도 김천시 자래봉길 16 (황금동),-,63,16,2,1,-,아니오,아니오,예
경산시,35.822468,128.724337,옥산34통경로당,특정계층이용시설,경상북도 경산시 옥산로 83,-,196,49,2,2,-,아니오,아니오,아니오
문경시,36.6019546,128.2604188,신전2리경로당,특정계층이용시설,경상북도 문경시 산양면 신기리길 1,-,85,30,1,1,-,아니오,아니오,-
문경시,36.5907249,128.2596111,신전2리장잠경로당,특정계층이용시설,경상북도 문경시 산양면 장잠마길  19,-,85,30,1,1,-,아니오,아니오,아니오
문경시,36.6030829,128.2517968,송죽리옥산경로당,특정계층이용시설,경상북도 문경시 산양면 옥산길 8,-,85,30,3,1,-,아니오,아니오,-
문경시,36.651719,128.206079,우로1리경로당,특정계층이용시설,경상북도 문경시 호계면우로2길 3,-,178,34,3,1,-,아니오,아니오,아니오
문경시,36.6397438,128.2013538,우로2리경로당,특정계층이용시설,경상북도 문경시 호계면 뱃나들2길 3,-,99,29,1,1,-,아니오,아니오,아니오
문경시,36.644637,128.184321,별암리경로당,특정계층이용시설,경상북도 문경시 호계면대학길 5,-,274,33,2,1,-,아니오,아니오,아니오
문경시,36.655594,128.188405,호계리경로당,특정계층이용시설,경상북도 문경시 호계면호계길 119,-,168,21,1,1,-,아니오,아니오,아니오
문경시,36.697586,128.215902,선암2리경로당,특정계층이용시설,경상북도 문경시 호계면선암길 346,-,69,29,2,1,-,아니오,아니오,아니오
예천군,36.7747554,128.4604285,동사리경로당,특정계층이용시설,경상북도 예천군 은풍면 은풍준시길 53-4,-,96,24,1,1,-,아니오,아니오,아니오
포항시,36.0608332,129.3740813,동부분회마을쉼터,특정계층이용시설,경상북도 포항시 북구 두호로52번길 16 (두호동),-,97,29,3,2,-,아니오,아니오,아니오
포항시,36.0690331,129.3807929,장미경로당,특정계층이용시설,경상북도 포항시 북구 삼흥로88번길 10,-,96,26,1,1,-,아니오,아니오,아니오
포항시,36.0710619,129.3781657,장성청구마을쉼터,특정계층이용시설,"경상북도 포항시 북구 삼흥로 100-22 (장성동, 장성청구하이츠)",-,77,23,2,1,-,아니오,아니오,아니오
포항시,36.075033,129.381498,두산위브더제니스마을쉼터,특정계층이용시설,"경상북도 포항시 북구 새천년대로 1235 (장성동, 두산 위브 더 제니스)",-,295,89,2,1,-,아니오,아니오,아니오
포항시,36.0838669,129.4003938,양덕트리니엔마을쉼터,특정계층이용시설,"경상북도 포항시 북구 천마로72번길 33 (양덕동, 삼구트리니엔아파트)",-,117,35,2,1,-,아니오,아니오,아니오
포항시,35.9930056,129.4561914,임곡1리경로당,특정계층이용시설,경상북도 포항시 남구 동해면 호미로3192번길 48-1,-,67,20,1,1,-,아니오,아니오,아니오
포항시,35.9896458,129.4375789,협성APT경로당,특정계층이용시설,경상북도 포항시 남구 동해면 일월로41번길 13 (협성비취타운2차),-,30,9,1,1,-,아니오,아니오,아니오
포항시,35.9899509,129.4769175,신형아파트마을쉼터,특정계층이용시설,경상북도 포항시 남구 동해면 일월로375번길 50 (신형석리아파트),-,85,26,1,1,-,아니오,아니오,아니오
포항시,35.8797275,129.5180912,양포리마을쉼터,특정계층이용시설,경상북도 포항시 남구 장기면 양포항길 28-1,-,95,29,1,1,-,아니오,아니오,아니오
청도군,35.6331782,128.6141244,승마,특정계층이용시설,경상북도 청도군 풍각면 덕양1길 30,-,72,18,2,1,-,아니오,아니오,아니오
포항시,35.994386,129.5558487,구룡포4마을쉼터,특정계층이용시설,경상북도 포항시 남구 구룡포읍 석문길30번길 12,-,99.2,30,2,1,-,아니오,아니오,아니오
포항시,36.1658269,129.185777,오덕1리마을쉼터,특정계층이용시설,경상북도 포항시 북구 기북면 덕동문화길 19,-,56,17,3,2,-,아니오,아니오,아니오
문경시,36.6949262,128.1244281,외어4리경로당,특정계층이용시설,경상북도 문경시 마성면 외어6길 11,-,261,123,3,1,-,아니오,아니오,아니오
문경시,36.7058831,128.1200293,남호1리경로당,특정계층이용시설,경상북도 문경시 마성면 새재로 87,-,203,120,3,1,-,아니오,아니오,아니오
문경시,36.7123081,128.1228697,남호2리경로당,특정계층이용시설,경상북도 문경시 마성면 남호7길 38,-,187,102,3,1,-,아니오,아니오,아니오
문경시,36.6865661,128.0980164,정리1리경로당,특정계층이용시설,경상북도 문경시 마성면 정리2길 80,-,148,60,2,1,-,아니오,아니오,아니오
문경시,36.6015799,128.0058785,농암분회경로당,특정계층이용시설,경상북도 문경시 농암면 농암2길 9,-,336,75,1,1,-,-,아니오,-
포항시,36.0650697,129.3856552,두무치마을쉼터,특정계층이용시설,경상북도 포항시 북구 삼호로 324-24 (두호동),-,70,21,2,2,-,아니오,아니오,아니오
문경시,36.6038538,128.0045561,농암2리경로당,특정계층이용시설,경상북도 문경시 농암면 농암1길 23,-,132,44,1,1,-,-,아니오,-
포항시,36.0700285,129.3813381,동아금강마을쉼터,특정계층이용시설,"경상북도 포항시 북구 용두산길 74 (두호동, 동아금강아파트)",-,238,72,1,1,-,아니오,아니오,아니오
청도군,35.6546352,128.70805,합천2리,특정계층이용시설,경상북도 청도군 화양읍 합천길 19,-,113.35,28,2,1,-,아니오,아니오,아니오
영천시,36.114232,128.94928,횡계리경로당,특정계층이용시설,경상북도 영천시 화북면 별빛로  135,-,99,24,3,1,-,-,-,아니오
영천시,36.091189,128.945605,공덕리경로당,특정계층이용시설,"경상북도 영천시 화북면 공덕길  33-3, 공덕리마을회관",-,108,27,3,1,-,-,-,아니오
구미시,36.1528891,128.3330369,원호56리경로당,특정계층이용시설,경상북도 구미시 고아읍 문장로22길 40 (원호한누리타운2단지),-,155,60,2,2,-,아니오,아니오,아니오
의성군,36.2820035,128.6306977,장대리(나호)경로당,특정계층이용시설,경상북도 의성군 봉양면 장대3길 16,-,67.86,12,2,1,-,아니오,아니오,아니오
의성군,36.2890172,128.5657051,신평리(마전)경로당,특정계층이용시설,경상북도 의성군 봉양면 농공마전길 95-22,-,97.4,10,2,1,-,아니오,아니오,아니오
청도군,35.6506882,128.7101072,동천리,특정계층이용시설,경상북도 청도군 화양읍 동천1길 3-1,-,147.75,36,2,1,-,아니오,아니오,아니오
청도군,35.6476651,128.706159,서상1리,특정계층이용시설,경상북도 청도군 화양읍 동헌길 13,-,177.65,44,2,1,-,아니오,아니오,아니오
경산시,35.822715,128.729584,사정2동경로당,특정계층이용시설,경상북도 경산시 강변서로 169,-,80,20,3,2,-,아니오,아니오,아니오
경산시,35.823459,128.718314,옥산동노인회관,특정계층이용시설,"경상북도 경산시 옥산동 성암로3길  19 ,  옥산동 노인회관 (옥산동)",-,196,49,3,1,-,아니오,아니오,아니오
경산시,35.823588,128.728397,옥산12통경로당,특정계층이용시설,경상북도 경산시 경산로34길 14-2,-,124,31,2,1,-,아니오,아니오,아니오
안동시,36.5659165,128.7384888,신세동경로당,특정계층이용시설,경상북도 안동시 신세동 성진2길  10   (신세동),-,75.8,50,6,2,-,아니오,아니오,아니오
문경시,36.6509324,128.2159397,가도리경로당,특정계층이용시설,경상북도 문경시 호계면 부천로 377,-,56,25,2,1,-,아니오,아니오,아니오
문경시,36.6822276,128.2058305,부곡리경로당,특정계층이용시설,경상북도 문경시 호계면 부곡안길 9,-,59.5,26,2,1,-,아니오,아니오,아니오
문경시,36.6383019,128.2479693,서중리마을회관,특정계층이용시설,경상북도 문경시 산북면 서중길 15,-,85,50,5,1,-,아니오,아니오,-
상주시,36.3834,128.1498,가장1동경로당,특정계층이용시설,경상북도 상주시 가장오갈미길 77-1 (가장동),-,89,27,4,1,-,아니오,아니오,아니오
청송군,36.354146,129.050082,감연1리경로당,특정계층이용시설,경상북도 청송군 부남면 감연길 87,-,69,21,2,3,-,아니오,아니오,아니오
청송군,36.380665,129.119277,하의송락경로당,특정계층이용시설,경상북도 청송군 주왕산면 주왕산로 585,-,104,32,2,1,-,아니오,아니오,아니오
청송군,36.373357,129.162191,부일2리상새골경로당,특정계층이용시설,경상북도 청송군 주왕산면 윗새골길 186-1,-,91,28,2,1,-,아니오,아니오,아니오
청송군,36.3582219,129.1616696,주산지경로당,특정계층이용시설,경상북도 청송군 주왕산면 이전새마을길 15,-,88,27,2,1,-,아니오,아니오,아니오
포항시,35.9763359,129.3536876,남성1리마을쉼터,특정계층이용시설,경상북도 포항시 남구 대송면 남성길61번길 19,-,54,16,1,1,-,아니오,아니오,아니오
포항시,35.9582951,129.3455493,장동3리마을쉼터,특정계층이용시설,경상북도 포항시 남구 대송면 장동홍계길 228,-,69,21,2,1,-,아니오,아니오,아니오
청송군,36.387426,129.135184,상의리경로당,특정계층이용시설,경상북도 청송군 주왕산면 공원길 76,-,150,45,2,1,-,아니오,아니오,아니오
영덕군,36.4668624,129.4344044,석리경로당겸마을회관,특정계층이용시설,경상북도 영덕군 영덕읍 영덕대게로 1531-5,-,102.9,26,2,1,-,아니오,아니오,아니오
고령군,35.820235,128.426716,장척경로당,특정계층이용시설,경상북도 고령군 다산면장척1길 10,-,77,23,1,1,-,아니오,아니오,아니오
포항시,36.1071162,129.3417198,흥해읍행정복지센터,공공시설,경상북도 포항시 북구 흥해읍 동해대로 1511,-,1040,100,정보없음,13,-,-,-,-
포항시,36.0584317,129.3720683,우방신천지마을쉼터,특정계층이용시설,"경상북도 포항시 북구 새천년대로1020번길 12 (두호동, 우방신천지타운)",-,416,126,2,2,-,아니오,아니오,아니오
포항시,36.0694791,129.3840708,산호녹원마을쉼터,특정계층이용시설,"경상북도 포항시 북구 삼흥로100번길 43 (두호동, 산호녹원맨션)",-,106,32,1,1,-,아니오,아니오,아니오
포항시,36.0640752,129.3811925,산호그린1차마을쉼터,특정계층이용시설,"경상북도 포항시 북구 삼흥로18번길 6 (두호동, 산호그린맨션1차)",-,324,98,1,1,-,아니오,아니오,아니오
경주시,35.985699,129.124835,강교2리마을회관,특정계층이용시설,"경상북도 경주시 안강읍 검곡길  8 , 강교2리회관",-,140,42,1,1,-,아니오,아니오,아니오
포항시,36.0580595,129.3772276,롯데아파트마을쉼터,특정계층이용시설,"경상북도 포항시 북구 삼호로 221 (두호동, 롯데아파트)",-,112,34,3,1,-,아니오,아니오,아니오
포항시,36.0707525,129.3815276,두호천호타운마을쉼터,특정계층이용시설,"경상북도 포항시 북구 삼흥로100번길 24 (두호동, 천호타운)",-,75,23,1,1,-,아니오,아니오,아니오
김천시,35.9834057,128.0741139,고렴경로당,특정계층이용시설,경상북도 김천시 지례면 고렴길 101-24,-,66,16,2,1,-,아니오,아니오,예
김천시,35.9703991,128.048828,거물1리경로당,특정계층이용시설,경상북도 김천시 지례면 거물길 623,-,77,19,2,1,-,아니오,아니오,예
포항시,35.9483639,129.3678378,대각2리마을쉼터,특정계층이용시설,경상북도 포항시 남구 대송면 운제로479번길 9,-,81,25,1,1,-,아니오,아니오,아니오
포항시,35.9643469,129.3519761,공수리마을쉼터,특정계층이용시설,경상북도 포항시 남구 대송면 장동홍계길80번길 40,-,45,14,1,1,-,아니오,아니오,아니오
포항시,35.9599534,129.3541734,장동1리마을쉼터,특정계층이용시설,경상북도 포항시 남구 대송면 장동홍계길147번길 23,-,90,27,1,1,-,아니오,아니오,아니오
포항시,35.9832622,129.3618624,제내4리마을쉼터,특정계층이용시설,경상북도 포항시 남구 대송면 제내길36번길 9,-,71,22,2,1,-,아니오,아니오,아니오
포항시,35.9804407,129.363737,제내2리마을쉼터,특정계층이용시설,경상북도 포항시 남구 대송면 제내길61번길 16,-,84,25,1,1,-,아니오,아니오,아니오
김천시,35.956981,128.0526157,거물2리경로당,특정계층이용시설,경상북도 김천시 지례면 거물길 1006,-,88,22,2,1,-,아니오,아니오,예
안동시,36.5739286,128.7332796,신안경로당,특정계층이용시설,경상북도 안동시 퇴계로 190,-,121.77,20,4,1,-,아니오,아니오,아니오
성주군,35.930665,128.180039,어은1리마을쉼터,특정계층이용시설,"경상북도 성주군 금수면 어은1길  69 , 어은1리마을회관,어은1리경로당",-,91.8,40,2,1,-,아니오,아니오,아니오
김천시,36.1174778,128.12819,용두경로당,특정계층이용시설,경상북도 김천시 용머리2길 44-1 (용두동),-,86,50,2,2,-,-,-,예
김천시,36.126467,128.120815,성안경로당,특정계층이용시설,경상북도 김천시 성안2길 9 (성내동),-,85,36,3,2,-,-,-,예
김천시,35.9492729,128.0429777,관덕2리경로당,특정계층이용시설,경상북도 김천시 지례면 관덕길 752,-,73,18,2,1,-,아니오,아니오,예
성주군,35.927693,128.172208,어은2리마을쉼터,특정계층이용시설,"경상북도 성주군 금수면 어은2길  28 , 어은리마을회관",-,98.6,40,4,1,-,아니오,아니오,아니오
성주군,35.9412001,128.1614023,상후마을쉼터,특정계층이용시설,경상북도 성주군 금수면 성주로 1596,-,83.12,40,2,1,-,아니오,아니오,아니오
김천시,35.987255,128.0295128,교1리경로당,특정계층이용시설,경상북도 김천시 지례면 장터길 56-5,-,249,50,3,1,-,아니오,아니오,예
안동시,36.5601526,128.7188458,안동센트럴자이경로당,특정계층이용시설,경상북도 안동시 배움길 75 (당북동),-,156.1,30,2,2,-,아니오,아니오,아니오
고령군,35.67532,128.2310809,매촌경로당,특정계층이용시설,경상북도 고령군 쌍림면 매촌1길  77,-,93.09,28,1,1,-,아니오,아니오,아니오
김천시,35.998773,128.03294,교2리(은평)경로당,특정계층이용시설,경상북도 김천시 지례면 남김천대로 1956-7,-,80,20,2,1,-,아니오,아니오,예
문경시,36.576899,128.2711405,오룡리팔각정,야외시설,경상북도 문경시 영순면 오룡길 17,-,25,4,정보없음,정보없음,-,-,-,-
예천군,36.70454,128.438096,제곡경로당,특정계층이용시설,경상북도 예천군 용문면 맛질길 48,-,88,22,1,1,-,아니오,아니오,아니오
안동시,36.6639374,128.813965,오천1리경로당,특정계층이용시설,경상북도 안동시 와룡면 적은골길 2-14,-,60.55,20,1,1,-,아니오,아니오,아니오
영양군,36.8559028,129.1856763,신암경로당,특정계층이용시설,경상북도 영양군 수비면 낙동정맥로 4358-8,-,92.4,30,1,1,-,아니오,-,아니오
영천시,35.995268,128.825754,신학1리경로당,특정계층이용시설,경상북도 영천시 청통면청통로 632,-,86.49,30,2,1,-,예,예,아니오
포항시,36.0680793,129.3803512,산호5차마을쉼터,특정계층이용시설,"경상북도 포항시 북구 용두산길 45 (장성동, 산호그린5차아파트)",-,40,12,2,1,-,아니오,아니오,아니오
청도군,35.6147943,128.6150712,덕양1리,특정계층이용시설,경상북도 청도군 풍각면 가양길 20,-,99,24,2,2,-,아니오,아니오,아니오
청도군,35.6812284,128.7572953,안인리,특정계층이용시설,경상북도 청도군 청도읍 안인1길 8,-,65.64,16,2,1,-,아니오,아니오,아니오
청도군,35.6757924,128.77525,운산2리,특정계층이용시설,경상북도 청도군 청도읍 팔치길 356,-,68.63,17,2,1,-,아니오,아니오,아니오
청도군,35.6109761,128.7649235,원리할머니,특정계층이용시설,경상북도 청도군 청도읍 원동1길 3,-,126.01,31,2,1,-,아니오,아니오,아니오
청도군,35.6295288,128.7535992,월곡1리,특정계층이용시설,경상북도 청도군 청도읍 월곡1길 68,-,97,24,4,1,-,아니오,아니오,아니오
포항시,36.0607483,129.374045,동부부인회마을쉼터,특정계층이용시설,경상북도 포항시 북구 두호로52번길 16 (두호동),-,97,29,1,1,-,아니오,아니오,아니오
경주시,35.961704,129.218391,대동리마을회관,특정계층이용시설,"경상북도 경주시 안강읍 대동길  164 , 대동리마을회관",-,125,38,1,1,-,아니오,아니오,아니오
구미시,36.1802211,128.3486866,봉한2리경로당,특정계층이용시설,경상북도 구미시 고아읍봉한3길 26,-,140.2,35,4,1,-,아니오,아니오,아니오
울진군,36.7432573,129.4596229,월송3리마을회관,특정계층이용시설,경상북도 울진군 평해읍월송3길 37,-,102,25,1,1,-,아니오,아니오,아니오
청송군,36.356864,129.159331,주왕산면행정복지센터,공공시설,경상북도 청송군 주왕산면 이전앞길 1 (주왕산면사무소),-,정보없음,정보없음,정보없음,2,-,-,예,-
영양군,36.665742,129.110361,서부3리경로당,특정계층이용시설,경상북도 영양군 영양읍 지역골길 9-1,-,97.2,24,2,1,-,-,-,아니오
영양군,36.665546,129.1131505,서부4리경로당,특정계층이용시설,경상북도 영양군 영양읍 솔광장길 9-3,-,183.68,45,3,2,-,-,-,아니오
영양군,36.6924947,129.1034141,황용리경로당,특정계층이용시설,경상북도 영양군 영양읍 황용길 131,-,99.6,24,2,3,-,-,-,아니오
경주시,36.015993,129.206136,육통2리능골경로당,특정계층이용시설,경상북도 경주시 안강읍 육통길  208,-,98,30,1,1,-,아니오,아니오,아니오
경주시,35.988565,129.22863,안강1리마을회관,특정계층이용시설,"경상북도 경주시 안강읍 칠평북4길  7 , 안강1리마을회관",-,189,57,1,1,-,아니오,아니오,아니오
경주시,35.9879185,129.2282966,소망아파트경로당,특정계층이용시설,경상북도 경주시 안강읍 안현로 1486-13 (경림소망타운),-,45,14,1,1,-,아니오,아니오,아니오
경주시,35.994664,129.22624,안강2리경로당,특정계층이용시설,"경상북도 경주시 안강읍 북부리1길  52 , 안강제2리회관",-,163,49,1,1,-,아니오,아니오,아니오
경주시,35.9943162,129.2260408,안강3리마을회관,특정계층이용시설,경상북도 경주시 안강읍 북부리2길 24-6,-,152,46,1,2,-,아니오,아니오,아니오
안동시,36.4640309,128.6172625,새용각경로당,특정계층이용시설,경상북도 안동시 일직면 새용각길 59,-,40,13,4,1,-,아니오,아니오,아니오
안동시,36.476662,128.595947,국곡리경로당,특정계층이용시설,경상북도 안동시 일직면 하국길 6,-,117.63,56,2,1,-,아니오,아니오,아니오
안동시,36.489751,128.5974585,국곡리간평경로당,특정계층이용시설,경상북도 안동시 일직면 남일로 194-3,-,77.15,22,2,1,-,아니오,아니오,아니오
안동시,36.4828088,128.6349934,조탑리경로당,특정계층이용시설,경상북도 안동시 일직면 조탑본길 57,-,99.3,56,2,1,-,아니오,아니오,아니오
청송군,36.53779,128.98806,기곡리경로당,특정계층이용시설,경상북도 청송군 진보면 텃골길 37,-,53,16,2,1,-,아니오,아니오,아니오
청송군,36.539127,128.981119,기곡리조시경로당,특정계층이용시설,경상북도 청송군 진보면 기곡길 593-11,-,83,25,2,1,-,아니오,아니오,아니오
청송군,36.562844,129.013131,부곡리경로당,특정계층이용시설,경상북도 청송군 진보면 진보부곡길 141,-,102,31,2,1,-,아니오,아니오,아니오
청송군,36.570777,129.013578,부곡리석장골경로당,특정계층이용시설,경상북도 청송군 진보면 석장길 9-4,-,52,16,2,1,-,아니오,아니오,아니오
청송군,36.531431,129.0565,각산리경로당,특정계층이용시설,경상북도 청송군 진보면 진보로 229-26,-,95,29,2,1,-,아니오,아니오,아니오
문경시,36.586708,128.186092,문경시립모전도서관,공공시설,경상북도 문경시 시청2길 45,-,정보없음,100,정보없음,15,-,-,-,-
안동시,36.5047635,128.8511666,금소2리경로당,특정계층이용시설,경상북도 안동시 임하면 금소길  342,-,174.81,52,3,1,-,아니오,아니오,아니오
안동시,36.47947,128.8934684,오대1리경로당,특정계층이용시설,경상북도 안동시 임하면 오대1길 7,-,103.89,31,2,4,-,아니오,아니오,아니오
안동시,36.4593048,128.8920875,천지1리새터경로당,특정계층이용시설,경상북도 안동시 길안면 천지안길  37,-,85,21,2,1,-,아니오,아니오,아니오
안동시,36.4566554,128.8943481,천지1리장터경로당,특정계층이용시설,경상북도 안동시 길안면 천지길 62-7,-,89.13,22,3,3,-,아니오,아니오,아니오
안동시,36.4527516,128.893057,천지2리경로당,특정계층이용시설,경상북도 안동시 길안면 창리길  16,-,144.51,29,3,2,-,아니오,아니오,아니오
안동시,36.4583747,128.9027549,산하리경로당,특정계층이용시설,경상북도 안동시 길안면 산하리길  14,-,76.7,19,2,1,-,아니오,아니오,아니오
경산시,35.829572,128.763349,갑제경로당,특정계층이용시설,경상북도 경산시 갑제길 5,-,110,50,2,3,-,아니오,아니오,아니오
안동시,36.5529522,128.8256863,노산리경로당,특정계층이용시설,경상북도 안동시 임하면 노산리안길 12,-,49.44,14,3,1,-,아니오,아니오,아니오
영덕군,36.3318912,129.3786353,남호리경로당,특정계층이용시설,경상북도 영덕군 남정면 남호길 8-1,-,203,62,3,1,-,아니오,아니오,아니오
안동시,36.4952784,128.8619975,고곡리경로당,특정계층이용시설,경상북도 안동시 임하면 고곡중앙길  22,-,90.2,27,3,1,-,아니오,아니오,아니오
안동시,36.4583165,128.8916901,길안면분회경로당,특정계층이용시설,경상북도 안동시 길안면 천지길 40,-,96.48,36,4,2,-,아니오,아니오,아니오
문경시,36.600867,128.003573,농암면행정복지센터2,야외시설,경상북도 문경시 농암면 농암길 50,-,50,8,정보없음,정보없음,-,-,-,-
울진군,36.8916281,129.3938394,북수동경로당옆쉼터,야외시설,경상북도 울진군 매화면 삼산신흥로 1294,-,15,8,정보없음,정보없음,-,아니오,아니오,아니오
포항시,36.0902587,129.3946062,장량5단지마을쉼터,특정계층이용시설,경상북도 포항시 북구 장량중앙로 115 (양덕동),-,145,44,2,1,-,아니오,아니오,아니오
성주군,35.957132,128.24392,문덕2경로당,특정계층이용시설,"경상북도 성주군 초전면 문덕로2길  29-3, 문덕2리마을회관",-,99,18,0,1,-,아니오,아니오,아니오
문경시,36.7577002,128.0777013,상초리경로당,특정계층이용시설,경상북도 문경시 문경읍 새재로 887,-,85,35,3,1,-,아니오,아니오,아니오
성주군,35.85092,128.170536,봉양1리경로당,특정계층이용시설,경상북도 성주군 수륜면 봉양로  234-1,-,95,23,1,1,-,아니오,아니오,아니오
성주군,35.8826134,128.1655517,창천1리경로당,특정계층이용시설,경상북도 성주군 가천면 창천길 25-20,-,97.38,24,2,1,-,아니오,아니오,아니오
성주군,35.886065,128.162582,창천2리경로당,특정계층이용시설,경상북도 성주군 가천면 가천로  101-4,-,89.31,22,1,1,-,아니오,아니오,아니오
포항시,36.0684001,129.3801431,산호4차마을쉼터,특정계층이용시설,경상북도 포항시 북구 삼흥로 74 (장성동),-,42,13,2,1,-,아니오,아니오,아니오
포항시,36.0886542,129.3824475,삼도뷰엔빌W경로당,특정계층이용시설,"경상북도 포항시 북구 장량로17번길 65 (장성동, 삼도뷰엔빌아파트)",-,145,44,2,1,-,아니오,아니오,아니오
성주군,35.969559,128.249425,송천경로당,특정계층이용시설,"경상북도 성주군 초전면 문덕로1길  19-28, 송천경로당",-,107,72,2,2,-,아니오,아니오,아니오
포항시,36.094969,129.330456,초곡호반베르디움마을쉼터,특정계층이용시설,경상북도 포항시 북구 흥해읍 초곡지구로 176 (포항초곡호반베르디움),-,95.68,16,3,5,-,아니오,아니오,아니오
포항시,36.101743,129.344289,흥해서희스타힐스마을쉼터,특정계층이용시설,경상북도 포항시 북구 흥해읍 남옥로 20 (흥해서희스타힐스 더캐슬),-,207,30,0,3,-,아니오,아니오,아니오
영양군,36.7385875,129.2040682,오기2리경로당,특정계층이용시설,경상북도 영양군 수비면 낙동정맥로 2092,-,87.78,30,1,1,-,아니오,-,아니오
예천군,36.5280669,128.3738794,마전1리노인회관,특정계층이용시설,경상북도 예천군 지보면 지풍로 63-5,-,100,25,3,1,-,아니오,아니오,아니오
문경시,36.6151036,128.2346016,추산쉼터,야외시설,경상북도 문경시 산양면 굿배미길 24,-,400,30,정보없음,정보없음,-,-,-,-
예천군,36.5459465,128.4408565,대죽경로당,특정계층이용시설,경상북도 예천군 지보면 대죽길 110,-,126,31,0,2,-,아니오,아니오,아니오
청도군,35.7092044,128.5766834,오산1리,특정계층이용시설,경상북도 청도군 각북면 헐티로 1112,-,69,17,2,1,-,아니오,아니오,아니오
안동시,36.5702024,128.6984986,송현2주공2차경로당,특정계층이용시설,"경상북도 안동시 합전2길 12 (송현동, 송현주공아파트)",-,42.48,12,4,3,-,아니오,아니오,아니오
안동시,36.569,128.7001,송현우성아파트경로당,특정계층이용시설,경상북도 안동시 합전길 12,-,76.5,19,5,2,-,아니오,아니오,아니오
안동시,36.5708,128.6986,송현영남아파트경로당,특정계층이용시설,"경상북도 안동시 합전3길 33-22 (송현동, 영남아파트)",-,84.84,21,5,1,-,아니오,아니오,아니오
안동시,36.5736,128.6897,청구하이츠경로당,특정계층이용시설,"경상북도 안동시 송현길 84-28 (송현동, 청구송현하이츠1차)",-,89.8,29,3,1,-,아니오,아니오,아니오
안동시,36.573681,128.692417,삼성명가타운경로당,특정계층이용시설,경상북도 안동시 송현길 154-19,-,52.53,13,3,1,-,아니오,아니오,아니오
안동시,36.5421864,128.736121,정하경로당,특정계층이용시설,경상북도 안동시 아늑2길 14-6,-,55.2,29,3,1,-,아니오,아니오,아니오
포항시,36.0208665,129.3399517,대잠2마을쉼터,특정계층이용시설,경상북도 포항시 남구 대이로67번길 5-1 (대잠동),-,84,25,1,1,-,아니오,아니오,아니오
포항시,36.0128057,129.3380623,대잠1마을쉼터,특정계층이용시설,경상북도 포항시 남구 대잠길 35 (대잠동),-,121,37,1,1,-,아니오,아니오,아니오
포항시,36.0906055,129.3918644,삼구트리니엔4차경로당,특정계층이용시설,경상북도 포항시 북구 장량중앙로 81 (양덕동),-,160,25,1,1,-,아니오,아니오,아니오
포항시,36.1132094,129.3963617,곡강1리경로당,특정계층이용시설,경상북도 포항시 북구 흥해읍 한동로467번길 63,-,79,14,1,1,-,아니오,아니오,아니오
포항시,36.0126514,129.3591206,영암경로당,특정계층이용시설,경상북도 포항시 남구 상공로56번길 16-5 (대도동),-,94,50,5,2,-,아니오,아니오,아니오
안동시,36.5755338,128.6856455,이안아파트경로당,특정계층이용시설,"경상북도 안동시 송현길 23 (송현동, 안동송현이안)",-,129.8,24,3,4,-,아니오,아니오,아니오
안동시,36.5747,128.6882,송현휴먼시아3단지경로당,특정계층이용시설,경상북도 안동시 송현길 16,-,149.8,37,3,1,-,아니오,아니오,아니오
안동시,36.5486327,128.751043,정상경로당,특정계층이용시설,경상북도 안동시 거북골길 21-32 (정상동),-,77.1,82,2,1,-,아니오,아니오,아니오
안동시,36.551015,128.722308,강남경로당(강남복지회관),특정계층이용시설,경상북도 안동시 정하동 먼달길  11   (정하동),-,82.5,160,4,1,-,아니오,아니오,아니오
청도군,35.6386868,128.7548465,윗구미,특정계층이용시설,경상북도 청도군 청도읍 구미길 15-7,-,55.04,13,2,1,-,아니오,아니오,아니오
포항시,36.1644417,129.3989934,오도2리마을쉼터,특정계층이용시설,경상북도 포항시 북구 흥해읍 해안로1774번길 41-3,-,177,54,2,1,-,아니오,아니오,아니오
칠곡군,36.035442,128.363219,복성3리경로당,특정계층이용시설,"경상북도 칠곡군 약목면 복성1길  46 , 복성3리노인회관",-,109.41,27,2,1,-,아니오,아니오,아니오
안동시,36.5511013,128.7332029,강정경로당,특정계층이용시설,경상북도 안동시 정하동 강남4길  13   (정하동),-,69.3,71,3,1,-,아니오,아니오,아니오
안동시,36.5473721,128.7121789,마지경로당,특정계층이용시설,경상북도 안동시 수상동 건지기길  11   (수상동),-,33,37,3,1,-,아니오,아니오,아니오
안동시,36.541505,128.697023,수상경로당,특정계층이용시설,경상북도 안동시 수상동 무주무5길  101-2  (수상동),-,79.2,48,4,1,-,아니오,아니오,아니오
포항시,35.9871906,129.3334876,택전1리마을회관,특정계층이용시설,경상북도 포항시 남구 연일읍 원서길117번길 9,-,62,19,2,1,-,아니오,아니오,아니오
문경시,36.6779641,128.1293955,오천1리경로당,특정계층이용시설,경상북도 문경시 마성면 저부실1길 43,-,256,80,3,1,-,아니오,아니오,아니오
문경시,36.692165,128.119713,오천2리소야경로당,특정계층이용시설,경상북도 문경시 마성면 소야2길  10,-,98,27,3,1,-,아니오,아니오,아니오
문경시,36.6969263,128.1353353,외어1리경로당,특정계층이용시설,경상북도 문경시 마성면 늘목1길 15,-,234,80,3,1,-,아니오,아니오,-
문경시,36.6985973,128.1430024,외어2리경로당,특정계층이용시설,경상북도 문경시 마성면 안늘목1길 63,-,95,34,3,1,-,아니오,아니오,아니오
문경시,36.7043305,128.12948,외어3리경로당,특정계층이용시설,경상북도 문경시 마성면 금곡길 41,-,113,75,2,1,-,아니오,아니오,-
포항시,35.9936747,129.347295,괴정2리경로당,특정계층이용시설,경상북도 포항시 남구 연일읍 동문로53번길 47,-,74,22,1,1,-,아니오,아니오,아니오
포항시,35.9910986,129.3498477,삼도한솔타운3차경로당,특정계층이용시설,경상북도 포항시 남구 연일읍 철강로 71 (삼도한솔타운3차),-,76,23,1,1,-,아니오,아니오,아니오
칠곡군,35.9843755,128.4070164,왜관17리대동다숲경로당,특정계층이용시설,경상북도 칠곡군 왜관읍 평장3길 47,-,107.64,30,2,2,-,아니오,아니오,아니오
성주군,35.96181,128.2202607,운정2리경로당,특정계층이용시설,경상북도 성주군 벽진면 별미산1길 10,-,50,10,2,1,-,아니오,아니오,아니오
포항시,35.9950478,129.3492666,중앙경로당,특정계층이용시설,경상북도 포항시 남구 연일읍 철강로71번길 55 (황금맨션),-,102,31,1,1,-,아니오,아니오,아니오
포항시,35.9948273,129.3493424,중앙할머니경로당,특정계층이용시설,경상북도 포항시 남구 연일읍 철강로71번길 53-3,-,64,19,1,1,-,아니오,아니오,아니오
예천군,36.774802,128.478847,수한리한티경로당,특정계층이용시설,경상북도 예천군 감천면 수한길 381-1,-,67,15,1,1,-,아니오,아니오,아니오
고령군,35.756095,128.381026,강정리경로당,특정계층이용시설,경상북도 고령군 성산면강정길 32-3,-,98.7,30,1,1,-,아니오,아니오,아니오
문경시,36.6442448,128.2927822,형천2리쉼터,야외시설,경상북도 문경시 산양면 서당마길 7-16,-,20,10,정보없음,정보없음,-,-,-,-
문경시,36.6453117,128.2859327,형천3리쉼터,야외시설,경상북도 문경시 산양면 현리3길 6-5,-,20,10,정보없음,정보없음,-,-,-,-
청송군,36.531157,129.040601,중간이촌경로당,특정계층이용시설,경상북도 청송군 진보면 이촌3길 20,-,85,26,2,1,-,아니오,아니오,아니오
안동시,36.5562185,128.7606615,신원아침도시경로당,특정계층이용시설,"경상북도 안동시 길주길 39 (용상동, 안동 신원아침도시)",-,100,20,1,1,-,아니오,아니오,아니오
포항시,36.0656384,129.5400737,대동배2리마을쉼터,특정계층이용시설,경상북도 포항시 남구 호미곶면 호미로 1702,-,276,84,2,1,-,아니오,아니오,아니오
포항시,36.0569254,129.5328264,대동배1리마을쉼터,특정계층이용시설,경상북도 포항시 남구 호미곶면 호미로 1853,-,691,209,1,1,-,아니오,아니오,아니오
포항시,36.0803525,129.5493041,구만2리마을쉼터,특정계층이용시설,경상북도 포항시 남구 호미곶면 해맞이로298번길 1-2,-,192,58,1,1,-,아니오,아니오,아니오
문경시,36.630999,128.206786,막곡2리원두막,야외시설,경상북도 문경시 호계면 부천로 114,-,20,4,정보없음,정보없음,-,아니오,아니오,아니오
문경시,36.655592,128.188837,호계리정자,야외시설,경상북도 문경시 호계면 부곡길 40-24,-,30,5,정보없음,정보없음,-,아니오,아니오,아니오
청도군,35.5908226,128.7586552,신도2리,특정계층이용시설,경상북도 청도군 청도읍 신도1길 49,-,89.2,22,4,1,-,아니오,아니오,아니오
포항시,36.036234,129.378535,송도동행정복지센터,공공시설,경상북도 포항시 남구 송도해안길 67 (송도동행정복지센터),-,150,50,정보없음,3,-,-,-,-
포항시,35.978333,129.362037,큰솔작은도서관,공공시설,경상북도 포항시 남구 대송면 운제로 111 (다목적복지회관),-,272,80,정보없음,1,-,-,-,-
칠곡군,35.975134,128.366935,영1리경로당,특정계층이용시설,경상북도 칠곡군 기산면 영리3길  28,-,197.88,50,2,1,-,아니오,아니오,아니오
청도군,35.6242876,128.5742801,흑석녹평,특정계층이용시설,경상북도 청도군 풍각면 노리굴길 31-2,-,68,17,2,1,-,아니오,아니오,아니오
청도군,35.601479,128.5809696,월봉2리,특정계층이용시설,경상북도 청도군 풍각면 월봉길 480,-,80,20,2,1,-,아니오,아니오,아니오
청도군,35.622986,128.6066732,차산2리,특정계층이용시설,경상북도 청도군 풍각면 차옥길 1,-,111,27,2,1,-,아니오,아니오,아니오
청도군,35.6185141,128.6192742,송월,특정계층이용시설,경상북도 청도군 풍각면 덕양3길 137,-,66,16,2,1,-,아니오,아니오,아니오
청도군,35.6311965,128.6205456,덕양2리,특정계층이용시설,경상북도 청도군 풍각면 송덕길 112,-,156,39,2,1,-,아니오,아니오,아니오
고령군,35.749294,128.338524,지경경로당,특정계층이용시설,경상북도 고령군 성산면지경길 41,-,57.46,17,1,1,-,아니오,아니오,아니오
고령군,35.742154,128.318549,사부1리경로당,특정계층이용시설,경상북도 고령군 성산면 사부길 47,-,109.08,33,1,1,-,아니오,아니오,아니오
고령군,35.74047,128.312172,사부2리경로당,특정계층이용시설,경상북도 고령군 성산면도룡길 51,-,82.85,25,1,1,-,아니오,아니오,아니오
의성군,36.4363934,128.3583087,가원1리새내경로당,특정계층이용시설,경상북도 의성군 다인면 새내길 88,-,49.58,9,1,1,-,-,-,-
청도군,35.6479681,128.7291616,청도코아루블루핀아파트,특정계층이용시설,경상북도 청도군 화양읍 청화로 26-1 (청도 코아루 블루핀),-,119.88,18,2,1,-,아니오,아니오,아니오
청도군,35.6423729,128.7453756,고수8리(여),특정계층이용시설,경상북도 청도군 청도읍 청화로 189-1,-,264,66,2,1,-,아니오,아니오,아니오
청도군,35.6473905,128.7409472,고수1리(여),특정계층이용시설,경상북도 청도군 청도읍 냉정1길 35-3,-,132,33,2,2,-,아니오,아니오,아니오
포항시,36.0255144,129.3422909,대우APT마을쉼터,특정계층이용시설,경상북도 포항시 남구 포스코대로 152 (대잠동),-,122,37,1,1,-,아니오,아니오,아니오
안동시,36.562971,128.696223,주공6아파트경로당,특정계층이용시설,경상북도 안동시 옥서1길 46,-,66,50,6,3,-,아니오,아니오,아니오
청도군,35.6448817,128.6592659,각남면분회,특정계층이용시설,경상북도 청도군 각남면 예리2길 28,-,181,45,2,1,-,아니오,아니오,아니오
성주군,35.952389,128.314618,안포1리경로당,특정계층이용시설,"경상북도 성주군 월항면 안포1길  32 , 안포1리마을회관",-,167,41,2,1,-,아니오,아니오,아니오
성주군,35.987508,128.287953,지방리경로당,특정계층이용시설,경상북도 성주군 월항면 모산1길  57,-,77,19,1,1,-,아니오,아니오,아니오
성주군,35.951534,128.310569,안포2리경로당,특정계층이용시설,"경상북도 성주군 월항면 안포2길  16-2, 안포2리경로당",-,71,17,1,1,-,아니오,아니오,아니오
성주군,35.948914,128.22903,운정1리경로당,특정계층이용시설,"경상북도 성주군 벽진면 운정길  41 , 운정1리마을회관",-,132,25,2,1,-,아니오,아니오,아니오
청도군,35.706482,128.5825494,덕산학구,특정계층이용시설,경상북도 청도군 각북면 덕촌2길 3,-,77.4,19,2,1,-,아니오,아니오,아니오
성주군,35.966311,128.335695,유월2리경로당,특정계층이용시설,"경상북도 성주군 월항면 유월2길  138 , 유촌마을회관",-,89,22,3,1,-,아니오,아니오,아니오
예천군,36.6141436,128.4532347,종산1리경로당,특정계층이용시설,경상북도 예천군 호명읍 종산길 97,-,33,8,1,1,-,아니오,아니오,아니오
청도군,35.6581026,128.616313,명대1리,특정계층이용시설,경상북도 청도군 각북면 명대1길 180,-,118.4,29,3,1,-,아니오,아니오,아니오
포항시,36.007564,129.3198501,코아루1단지경로당,특정계층이용시설,경상북도 포항시 남구 연일읍 유강길10번길 47,-,104,32,1,1,-,아니오,아니오,아니오
포항시,36.0073116,129.3224697,코아루2단지경로당,특정계층이용시설,경상북도 포항시 남구 연일읍 유강길10번길 34-7,-,104,32,1,1,-,아니오,아니오,아니오
포항시,35.9940144,129.3530347,연일에코코아루경로당,특정계층이용시설,경상북도 포항시 남구 연일읍 동문로54번길 20 (연일에코코아루아파트),-,87,26,1,1,-,아니오,아니오,아니오
청도군,35.7083986,128.9067641,방지1길,특정계층이용시설,경상북도 청도군 금천면 방지1길 7,-,102,25,3,1,-,아니오,아니오,아니오
경주시,35.673625,129.463197,하서1리경로당,특정계층이용시설,경상북도 경주시 양남면 하서중앙길 30,-,164.96,30,0,1,-,아니오,아니오,아니오
경주시,35.666758,129.460896,수렴1리경로당,특정계층이용시설,경상북도 경주시 양남면 양남로 205,-,117.08,25,0,1,-,아니오,아니오,아니오
경주시,35.729696,129.415433,석읍리경로당,특정계층이용시설,경상북도 경주시 양남면 석읍길 41,-,68.74,20,0,1,-,아니오,아니오,아니오
포항시,36.0092779,129.345604,상도코아루센트럴하임마을쉼터,특정계층이용시설,"경상북도 포항시 남구 상도남로 25 (상도동, 포항 상도 코아루 센트럴 하임)",-,100,30,2,1,-,아니오,아니오,아니오
울진군,36.7228249,129.4709452,직산2리마을회관,특정계층이용시설,경상북도 울진군 평해읍직고개길 55-7,-,90,22,2,2,-,아니오,아니오,아니오
울진군,36.7114905,129.4744714,거일1리마을회관,특정계층이용시설,경상북도 울진군 평해읍울진대게로 679,-,65,16,1,1,-,아니오,아니오,아니오
울진군,36.7001258,129.4752972,거일2리마을회관,특정계층이용시설,경상북도 울진군 평해읍울진대게로 545,-,65,16,1,1,-,아니오,아니오,아니오
고령군,35.698692,128.247436,대곡경로당,특정계층이용시설,경상북도 고령군 쌍림면 죽성길 41-1,-,55.81,17,1,1,-,아니오,아니오,아니오
의성군,36.492759,128.423795,월소3리,특정계층이용시설,경상북도 의성군 안사면월소3길 63,-,78,15,1,1,-,아니오,아니오,아니오
고령군,35.707381,128.234038,월막경로당,특정계층이용시설,경상북도 고령군 쌍림면 월막길  30,-,230.96,70,1,1,-,아니오,아니오,아니오
고령군,35.7160273,128.2228513,용1리경로당,특정계층이용시설,경상북도 고령군 쌍림면 미숭로 358,-,105.46,32,1,1,-,아니오,아니오,아니오
성주군,35.955594,128.213818,수촌4리경로당,특정계층이용시설,경상북도 성주군 벽진면 수촌5길  49-7,-,96,25,2,1,-,아니오,아니오,아니오
안동시,36.5426728,128.7907638,송천경로당,특정계층이용시설,경상북도 안동시 송천2길 31,-,150.8,30,3,2,-,아니오,아니오,아니오
성주군,35.867001,128.378937,선원1경로당,특정계층이용시설,"경상북도 성주군 선남면 나선로  838 , 선원리마을회관",-,188,60,1,1,-,아니오,아니오,아니오
성주군,35.998539,128.260918,봉정경로당,특정계층이용시설,"경상북도 성주군 초전면 봉정1길  1 , 대한노인회초전봉정경로당",-,102,30,1,1,-,아니오,아니오,아니오
문경시,36.553503,128.233502,율곡1리경로당,특정계층이용시설,경상북도 문경시 영순면율곡길 9-5,-,85,30,2,1,-,아니오,아니오,아니오
문경시,36.5810565,128.2359248,의곡1리경로당,특정계층이용시설,경상북도 문경시 영순면 의곡2길 18,-,85,70,2,1,-,아니오,아니오,-
문경시,36.560185,128.2236604,의곡3리경로당,특정계층이용시설,경상북도 문경시 영순면 청산재길 221,-,85,40,2,1,-,아니오,아니오,-
문경시,36.6975574,128.017538,원북2리경로당,특정계층이용시설,경상북도 문경시 가은읍 원북큰마길 31,-,77,16,1,1,-,아니오,아니오,아니오
문경시,36.6445862,128.0646229,왕능1리경로당,특정계층이용시설,경상북도 문경시 가은읍 양산개2길 13,-,111,40,1,1,-,아니오,아니오,-
성주군,35.8905668,128.3406007,취곡1리경로당,특정계층이용시설,경상북도 성주군 선남면 명관로 316,-,90,40,1,1,-,아니오,아니오,아니오
안동시,36.6701831,128.7495205,서현리경로당,특정계층이용시설,경상북도 안동시 와룡면 와북로 601,-,87.24,43,4,1,-,아니오,아니오,아니오
안동시,36.6185944,128.7690542,문화마을경로당,특정계층이용시설,경상북도 안동시 와룡면 문화마을길 17,-,91.85,58,4,1,-,아니오,아니오,아니오
안동시,36.6005688,128.7633322,중가구1리경로당,특정계층이용시설,경상북도 안동시 와룡면 가장실길 92,-,92.38,75,4,1,-,아니오,아니오,아니오
울진군,36.9517304,129.3760952,구산1리마을회관,특정계층이용시설,경상북도 울진군 근남면뒷들길 55,-,85,21,2,1,-,아니오,아니오,아니오
문경시,36.5914782,128.2156447,김용리경로당,특정계층이용시설,경상북도 문경시 영순면 김용1길 1-7,-,85,20,2,1,-,아니오,아니오,아니오
문경시,36.594491,128.2145758,포내1리경로당,특정계층이용시설,경상북도 문경시 영순면 포내1길 26,-,85,40,2,1,-,아니오,아니오,-
문경시,36.5784309,128.2432164,사근1리마을회관,특정계층이용시설,경상북도 문경시 영순면 사근2길 6,-,85,30,2,1,-,아니오,아니오,-
문경시,36.6134328,128.2586606,산양면분회경로당,특정계층이용시설,경상북도 문경시 산양면 불암3길 26,-,85,20,2,1,-,아니오,아니오,-
포항시,35.9919941,129.354692,오천리경로당,특정계층이용시설,경상북도 포항시 남구 연일읍 동문로36번길 31,-,61,18,1,1,-,아니오,아니오,아니오
청송군,36.48686,129.118968,괴정1리경로당,특정계층이용시설,경상북도 청송군 진보면 신촌갈평길 216,-,80,24,2,1,-,아니오,아니오,아니오
고령군,35.673001,128.330921,야정2리아랫골경로당,특정계층이용시설,경상북도 고령군 우곡면야정3길 8,-,90.75,27,1,1,-,아니오,아니오,아니오
청송군,36.496516,129.127748,괴정2리경로당,특정계층이용시설,경상북도 청송군 진보면 갈머리길 3,-,58,18,2,1,-,아니오,아니오,아니오
청송군,36.492804,129.144721,이무골경로당,특정계층이용시설,경상북도 청송군 진보면 경동로 5426-53,-,63,19,2,1,-,아니오,아니오,아니오
청송군,36.529526,129.049949,진안2리경로당,특정계층이용시설,경상북도 청송군 진보면 진안동6길 8-1,-,97,29,2,1,-,아니오,아니오,아니오
청송군,36.527545,129.048402,진안3리경로당,특정계층이용시설,경상북도 청송군 진보면 진안남4길 10-1,-,208,63,2,1,-,아니오,아니오,아니오
청송군,36.518665,129.040847,진안4리경로당,특정계층이용시설,경상북도 청송군 진보면 새밭길 40,-,66,20,2,1,-,아니오,아니오,아니오
청송군,36.530939,129.036703,이촌1리경로당,특정계층이용시설,경상북도 청송군 진보면 이촌1길 11,-,127,38,2,1,-,아니오,아니오,아니오
포항시,36.071748,129.398237,신촌마을쉼터,특정계층이용시설,경상북도 포항시 북구 삼호로501번길 15 (환호동),-,85,26,1,1,-,아니오,아니오,아니오
포항시,36.0694471,129.3911142,해맞이그린빌마을쉼터,특정계층이용시설,"경상북도 포항시 북구 삼호로 391 (환호동, 환호해맞이그린빌)",-,87,26,1,1,-,아니오,아니오,아니오
포항시,36.0704341,129.3932609,해맞이그린빌2차마을쉼터,특정계층이용시설,"경상북도 포항시 북구 환호로 24 (환호동, 해맞이그린빌2단지아파트)",-,110,33,1,1,-,아니오,아니오,아니오
안동시,36.535321,128.66733,접실경로당,특정계층이용시설,경상북도 안동시 남후면 접실길 3-2,-,81.9,50,4,1,-,아니오,아니오,아니오
문경시,36.65478,128.266338,약석리마을회관,특정계층이용시설,경상북도 문경시 산북면구룡판길 14,-,85,40,3,1,-,아니오,아니오,아니오
문경시,36.6615104,128.3226246,월천리마을회관,특정계층이용시설,경상북도 문경시 산북면 월천2길 25-1,-,85,30,2,1,-,아니오,아니오,아니오
문경시,36.6461799,128.3289517,지내1리마을회관,특정계층이용시설,경상북도 문경시 산북면 지내길 38,-,85,20,2,1,-,아니오,아니오,아니오
문경시,36.655642,128.259684,대상1리마을회관,특정계층이용시설,경상북도 문경시 산북면한두리들길 10,-,165,40,2,1,-,아니오,아니오,아니오
문경시,36.6938208,128.3064294,마광리마을회관,특정계층이용시설,경상북도 문경시 동로면 마광길 53,-,85,40,4,1,-,아니오,아니오,아니오
문경시,36.7107643,128.321384,인곡1리경로당,특정계층이용시설,경상북도 문경시 동로면 용문경천로 255,-,85,40,1,1,-,아니오,아니오,-
문경시,36.7346,128.292834,수평2리경로당,특정계층이용시설,경상북도 문경시 동로면 무라이길  236,-,85,40,1,1,-,아니오,아니오,아니오
청도군,35.6263479,128.6050907,석통,특정계층이용시설,경상북도 청도군 풍각면 석통차산길 24-8,-,68,17,2,1,-,아니오,아니오,아니오
성주군,35.996831,128.23223,유곡경로당,특정계층이용시설,"경상북도 성주군 초전면 벽소로  595-4, 고산리유곡마을회관",-,77,14,1,1,-,아니오,아니오,아니오
성주군,36.031227,128.211903,월곡2경로당,특정계층이용시설,"경상북도 성주군 초전면 월곡3길  38-3, 월곡2리경로당",-,78,22,2,1,-,아니오,아니오,아니오
김천시,36.021633,128.06638,금평2리경로당,특정계층이용시설,경상북도 김천시 구성면금평1길 27,-,66.96,47,3,2,-,아니오,아니오,아니오
청도군,35.6443194,128.7395659,고수3리(여),특정계층이용시설,경상북도 청도군 청도읍 고수뒷길 26,-,45.55,11,2,1,-,아니오,아니오,아니오
포항시,35.951732,129.4642531,정천2리마을쉼터,특정계층이용시설,경상북도 포항시 남구 장기면 장기로1178번길 3,-,100,30,2,1,-,아니오,아니오,아니오
포항시,35.8598129,129.5250317,계원2리마을쉼터,특정계층이용시설,경상북도 포항시 남구 장기면 계원길 1,-,100,30,1,1,-,아니오,아니오,아니오
포항시,35.9162018,129.4966941,범오마을쉼터,특정계층이용시설,경상북도 포항시 남구 장기면 장기로654번길 78,-,48,15,1,1,-,아니오,아니오,아니오
포항시,35.8864616,129.5023164,수성성황경로당,특정계층이용시설,경상북도 포항시 남구 장기면 장기로198번길 46-1,-,100,30,1,1,-,아니오,아니오,아니오
칠곡군,35.983919,128.553625,동명작은도서관,공공시설,경상북도 칠곡군 동명면 금암중앙길 56 (동명면사무소),-,200,50,정보없음,4,-,-,-,-
상주시,36.417087,128.169782,상주시립도서관(생활문화센터),공공시설,경상북도 상주시 복룡2길 22,-,3780,200,정보없음,73,-,-,예,-
예천군,36.7664046,128.4432078,은산2리경로당,특정계층이용시설,경상북도 예천군 은풍면 은산길 67,-,66,16,1,1,-,아니오,아니오,아니오
포항시,35.8914813,129.5106819,신평경로당,특정계층이용시설,경상북도 포항시 남구 장기면 읍내길16번길 143-5,-,100,30,1,1,-,아니오,아니오,아니오
청도군,35.6447444,128.7429562,고수5리(여),특정계층이용시설,경상북도 청도군 청도읍 고수동2길 44,-,264.6,66,2,1,-,아니오,아니오,아니오
청도군,35.6379065,128.7461749,고수7리(여),특정계층이용시설,경상북도 청도군 청도읍 뒷마2길 12-1,-,95.9,23,2,2,-,아니오,아니오,아니오
청도군,35.5708604,128.7752929,내호리(여),특정계층이용시설,경상북도 청도군 청도읍 유천길 18-1,-,83,20,2,1,-,아니오,아니오,아니오
포항시,36.0092233,129.3378328,효자마을쉼터,특정계층이용시설,경상북도 포항시 남구 효자로118번길 18 (효자동),-,155.1,28,2,1,-,아니오,아니오,아니오
포항시,36.0115953,129.3309621,제철어버이집마을쉼터,특정계층이용시설,경상북도 포항시 남구 행복길 128 (효자동),-,148.5,23,1,1,-,아니오,아니오,아니오
포항시,36.017461,129.344736,대잠트리니엔경로당,특정계층이용시설,경상북도 포항시 남구 대이로 10 (대잠트리니엔 102동),-,69,22,1,1,-,아니오,아니오,아니오
포항시,36.0290635,129.340455,이동경성골드마을쉼터,특정계층이용시설,"경상북도 포항시 남구 대이로 160 (이동, 경성골드아파트)",-,63,19,2,1,-,아니오,아니오,아니오
상주시,36.3141,128.131,마공동회관,특정계층이용시설,경상북도 상주시 청리면 마공1길 67,-,98,65,2,1,-,아니오,아니오,아니오
상주시,36.4485,127.8979,평온2리마을회관,특정계층이용시설,경상북도 상주시 화남면 평온2길 22,-,98,30,2,1,-,아니오,아니오,아니오
포항시,36.038316,129.357646,용흥동행정복지센터,공공시설,경상북도 포항시 북구 새마을로 20 (용흥동행정복지센터),-,47,20,정보없음,2,-,-,-,-
포항시,35.9809035,129.5403008,병포2리마을쉼터,특정계층이용시설,경상북도 포항시 남구 구룡포읍 호미로 44-3,-,111,34,1,1,-,아니오,아니오,아니오
안동시,36.5236308,128.7678089,구미리경로당,특정계층이용시설,경상북도 안동시 남선면 구미양지마길 36,-,112.75,28,3,1,-,아니오,아니오,아니오
구미시,36.079012,128.370291,오태공원,야외시설,경상북도 구미시 지주중류4길 3-39 (오태동),-,105,16,정보없음,정보없음,-,아니오,아니오,아니오
문경시,36.7539696,128.1181866,지곡2리경로당,특정계층이용시설,경상북도 문경시 문경읍 요성지곡길 213,-,85,40,3,1,-,아니오,아니오,아니오
문경시,36.7240343,128.1021416,마원1리경로당,특정계층이용시설,경상북도 문경시 문경읍 오서길 70,-,85,40,4,1,-,아니오,아니오,아니오
문경시,36.717438,128.111538,마원2리경로당,특정계층이용시설,경상북도 문경시 문경읍마원새터길 42,-,85,40,4,1,-,아니오,아니오,아니오
성주군,35.896469,128.232125,새터경로당,특정계층이용시설,"경상북도 성주군 대가면 칠봉2길  112 , 칠봉2리신평회관",-,79.32,57,3,1,-,아니오,아니오,아니오
성주군,35.94873,128.216737,복지회관,특정계층이용시설,"경상북도 성주군 벽진면 수촌길  8 , 벽진면복지회관",-,346,20,2,1,-,아니오,아니오,아니오
성주군,35.948805,128.220218,수촌2리경로당,특정계층이용시설,"경상북도 성주군 벽진면 수촌2길  18-43, 수촌회관",-,102,20,2,1,-,아니오,아니오,아니오
문경시,36.590679,128.198256,문경시립중앙도서관,공공시설,경상북도 문경시 신흥로 101,-,정보없음,100,정보없음,20,-,-,-,-
문경시,36.7397181,128.0842003,진안리경로당,특정계층이용시설,경상북도 문경시 문경읍 진안길 3,-,85,35,3,1,-,아니오,아니오,아니오
문경시,36.7441163,128.0703506,각서1리경로당,특정계층이용시설,경상북도 문경시 문경읍 각서안길  2-3,-,85,30,4,1,-,아니오,아니오,아니오
칠곡군,36.032746,128.363948,약목작은도서관,공공시설,경상북도 칠곡군 약목면 복성1길 15 (약목면사무소),-,200,50,정보없음,5,-,-,-,-
상주시,36.415804,128.16691,성동기찻길작은도서관동기찻길작은도서관,공공시설,경상북도 상주시 중앙로 260,-,282,20,정보없음,3,-,-,예,-
안동시,36.5121285,128.719067,외하리경로당,특정계층이용시설,경상북도 안동시 남선면 외하새터길 8,-,72.4,30,3,1,-,아니오,아니오,아니오
안동시,36.5273985,128.8059555,이천2리경로당,특정계층이용시설,경상북도 안동시 남선면 뱁실길 64,-,98.54,18,3,1,-,아니오,아니오,아니오
성주군,35.934608,128.320488,대산2리경로당,특정계층이용시설,"경상북도 성주군 월항면 대산1길  20 , 대산2리복지회관",-,106,26,2,1,-,아니오,아니오,아니오
성주군,35.945124,128.324709,대산3리경로당,특정계층이용시설,"경상북도 성주군 월항면 대산2길  92 , 대산리관동새마을회관",-,96,24,3,1,-,아니오,아니오,아니오
성주군,35.954028,128.334966,유월1리경로당,특정계층이용시설,"경상북도 성주군 월항면 유월1길  24 , 유월경로당",-,108,27,1,1,-,아니오,아니오,아니오
성주군,35.937987,128.221429,봉계1리경로당,특정계층이용시설,"경상북도 성주군 벽진면 봉흥로  36 , 봉계1리마을회관",-,132,25,2,1,-,아니오,아니오,아니오
성주군,35.932416,128.231011,봉계2리경로당,특정계층이용시설,"경상북도 성주군 벽진면 봉흥로  158 , 봉계2리마을회관",-,100,25,2,1,-,아니오,아니오,아니오
성주군,35.925745,128.231789,봉계3리경로당,특정계층이용시설,경상북도 성주군 벽진면 봉계길  48,-,100,20,2,1,-,아니오,아니오,아니오
성주군,35.943409,128.208376,매수1리경로당,특정계층이용시설,"경상북도 성주군 벽진면 매수1길  12-2, 매수1리노인회관",-,87,15,2,1,-,아니오,아니오,아니오
성주군,35.937952,128.19433,매수2리경로당,특정계층이용시설,"경상북도 성주군 벽진면 매수4길  35 , 매수2리회관",-,93,20,2,1,-,아니오,아니오,아니오
성주군,35.955103,128.200957,외기1리경로당,특정계층이용시설,"경상북도 성주군 벽진면 장기길  56 , 외기1리회관",-,81,20,2,1,-,아니오,아니오,아니오
성주군,35.963423,128.200269,외기2리경로당,특정계층이용시설,"경상북도 성주군 벽진면 벽봉로  256 , 외기2리동회관",-,117,25,2,1,-,아니오,아니오,아니오
성주군,35.976341,128.19326,봉학1리경로당,특정계층이용시설,"경상북도 성주군 벽진면 봉학길  6 , 선학회관,선학노인정",-,73,20,2,1,-,아니오,아니오,아니오
포항시,35.9467455,129.5370269,구평2마을쉼터,특정계층이용시설,경상북도 포항시 남구 구룡포읍 동해안로4260번길 3,-,84,25,1,1,-,아니오,아니오,아니오
안동시,36.5682033,128.7337482,동구경로당,특정계층이용시설,경상북도 안동시 밤적골길 12 (율세동),-,66.41,40,3,1,-,아니오,아니오,아니오
안동시,36.5647492,128.737721,중구경로당,특정계층이용시설,경상북도 안동시  서동문로  238   (법흥동),-,87.65,40,2,3,-,아니오,아니오,아니오
포항시,35.9913057,129.5604048,장안마을쉼터,특정계층이용시설,경상북도 포항시 남구 구룡포읍 구룡포길 145-13,-,56.36,17,1,1,-,아니오,아니오,아니오
포항시,35.9917777,129.5626554,구룡포읍마을쉼터,특정계층이용시설,경상북도 포항시 남구 구룡포읍 용주로7번길 20-6,-,100,30,2,1,-,아니오,아니오,아니오
성주군,35.964918,128.261761,칠선1경로당,특정계층이용시설,"경상북도 성주군 초전면 용대로  377 , 칠선1리마을회관",-,61,39,1,1,-,아니오,아니오,아니오
포항시,35.9851047,129.3294315,택전2리경로당,특정계층이용시설,경상북도 포항시 남구 연일읍 원서길137번길 23,-,108,33,2,1,-,아니오,아니오,아니오
포항시,35.9825653,129.3404256,인주경로당,특정계층이용시설,경상북도 포항시 남구 연일읍 인주길22번길 28,-,62,19,1,1,-,아니오,아니오,아니오
포항시,35.96355,129.5468842,해뜨는마을,특정계층이용시설,경상북도 포항시 남구 구룡포읍 동해안로4492번길 15,-,100,30,1,1,-,아니오,아니오,아니오
포항시,35.9797328,129.5518062,병포1리마을쉼터,특정계층이용시설,경상북도 포항시 남구 구룡포읍 병포길129번길 21,-,92,28,2,1,-,아니오,아니오,아니오
봉화군,36.948728,128.790812,덕촌경로당앞,야외시설,경상북도 봉화군 봉성면 금봉로 446,-,60,10,정보없음,정보없음,-,아니오,아니오,아니오
봉화군,36.9087423,128.7797132,덕창마을경로당앞,야외시설,경상북도 봉화군 봉성면 덕창마길 42,-,60,10,정보없음,정보없음,-,아니오,아니오,아니오
포항시,35.9710612,129.3427472,우복경로당,특정계층이용시설,경상북도 포항시 남구 연일읍 남성길1번길 128,-,79,24,1,1,-,아니오,아니오,아니오
청도군,35.641429,128.5563818,화산1리,특정계층이용시설,경상북도 청도군 풍각면 원명길 79,-,168,42,2,2,-,아니오,-,아니오
청도군,35.6458648,128.5639161,화산2리,특정계층이용시설,경상북도 청도군 풍각면 동원길 86,-,66,16,2,1,-,아니오,-,아니오
청도군,35.6370716,128.5530397,금곡리,특정계층이용시설,경상북도 청도군 풍각면 금동길 40,-,123,30,4,2,-,아니오,아니오,아니오
청도군,35.7039881,128.8130209,관하구미,특정계층이용시설,경상북도 청도군 매전면 청려로 3028-2,-,84.72,21,2,1,-,아니오,아니오,아니오
청도군,35.6994837,128.803829,덕산리사촌,특정계층이용시설,경상북도 청도군 매전면 덕산1길 18,-,67.6,16,3,1,-,아니오,아니오,아니오
청도군,35.7069546,128.7950581,두곡리,특정계층이용시설,경상북도 청도군 매전면 두곡길 110,-,144.75,36,3,1,-,아니오,아니오,아니오
청도군,35.6605652,128.8801083,남양1리,특정계층이용시설,경상북도 청도군 매전면 서복길 2,-,113.03,28,2,3,-,아니오,아니오,아니오
청도군,35.6320969,128.5711473,안산1리,특정계층이용시설,경상북도 청도군 풍각면 구산1길 39,-,105,26,2,1,-,아니오,아니오,아니오
성주군,35.9617579,128.2589731,원동경로당,특정계층이용시설,경상북도 성주군 초전면 칠선1길 51,-,41,25,2,1,-,아니오,아니오,아니오
성주군,35.962132,128.270333,산막골경로당,특정계층이용시설,"경상북도 성주군 초전면 칠선3길  12 , 칠선2리마을회관",-,72,15,2,1,-,아니오,아니오,아니오
안동시,36.5627608,128.7274488,천리경로당,특정계층이용시설,경상북도 안동시 맑은샘3길 8,-,63.83,40,4,2,-,아니오,아니오,아니오
안동시,36.562596,128.73206,철우경로당,특정계층이용시설,경상북도 안동시 경동로 684,-,89.3,52,2,2,-,아니오,아니오,아니오
포항시,35.9974983,129.3441507,생지리경로당,특정계층이용시설,경상북도 포항시 남구 연일읍 연일중앙로 4,-,116,35,1,1,-,아니오,아니오,아니오
성주군,35.859197,128.263716,갈명경로당,특정계층이용시설,경상북도 성주군 용암면 계상길  386,-,73.26,13,1,1,-,아니오,아니오,아니오
성주군,35.8432647,128.2880992,대봉1리경로당,특정계층이용시설,경상북도 성주군 용암면 대봉1길 45,-,43.3,11,1,1,-,아니오,아니오,아니오
문경시,36.662141,128.260646,대하1쉼터,야외시설,경상북도 문경시 산북면 금천로 658,-,30,8,정보없음,정보없음,-,아니오,아니오,아니오
울진군,36.7172362,129.4472077,학곡1리마을회관,특정계층이용시설,경상북도 울진군 평해읍 학곡5길 197,-,102,25,1,1,-,아니오,아니오,아니오
울진군,36.7099879,129.4434337,학곡2리마을회관,특정계층이용시설,경상북도 울진군 평해읍학곡1길 108,-,81,20,1,1,-,아니오,아니오,아니오
울진군,36.7249892,129.4323731,삼달1리마을회관,특정계층이용시설,경상북도 울진군 평해읍삼달안길 7-6,-,123,30,1,1,-,아니오,아니오,아니오
울진군,36.7278346,129.4211367,삼달2리마을회관,특정계층이용시설,경상북도 울진군 평해읍삼달성골길 2-5,-,107,26,1,1,-,아니오,아니오,아니오
성주군,35.8396445,128.2782179,봉산경로당,특정계층이용시설,경상북도 성주군 용암면 대봉5길 18-6,-,90.5,22,2,1,-,아니오,아니오,아니오
성주군,35.8443432,128.2611778,상신리경로당,특정계층이용시설,경상북도 성주군 용암면 대송로 406,-,51.1,13,3,1,-,아니오,아니오,아니오
안동시,36.4581382,128.655634,원리경로당,특정계층이용시설,경상북도 안동시 일직면 원골2길 9,-,106.47,69,2,1,-,아니오,아니오,아니오
안동시,36.5356975,128.669065,개곡리경로당,특정계층이용시설,경상북도 안동시 남후면 접실길 21,-,83.77,57,3,1,-,아니오,아니오,아니오
안동시,36.5239032,128.6896018,남후면분회경로당,특정계층이용시설,경상북도 안동시 남후면 남일로 1465-9,-,167,20,2,1,-,아니오,아니오,아니오
상주시,36.46,128.266,회상1리경로당,특정계층이용시설,경상북도 상주시 중동면덕암로 819,-,101,30,3,1,-,아니오,아니오,아니오
김천시,36.1161321,128.1264169,한신아파트경로당,특정계층이용시설,"경상북도 김천시 김천로 248 (황금동, 한신아파트)",-,153,38,3,1,-,아니오,아니오,예
김천시,36.111347,128.123468,동보아파트경로당,특정계층이용시설,경상북도 김천시 양금로 196 (동보수정맨션 부대시설),-,103,26,3,1,-,아니오,아니오,예
김천시,36.1164697,128.1250587,황금시장경로당,특정계층이용시설,경상북도 김천시 황금시장3길 15 (황금동),-,44,11,3,1,-,아니오,아니오,예
김천시,36.1407639,128.1138663,부흥아파트경로당,특정계층이용시설,경상북도 김천시 시청6길 1 (신음동),-,108,20,1,1,-,아니오,아니오,아니오
경산시,35.830279,128.728797,중산어린이공원,야외시설,경상북도 경산시 강변서로51길 30,-,30,3,정보없음,정보없음,-,-,-,-
김천시,36.1354701,128.1468975,대홍맨션A경로당,특정계층이용시설,경상북도 김천시 환경로 202 (대광동),-,84,21,2,1,-,아니오,아니오,예
안동시,36.569905,128.72083,법상동경로당,특정계층이용시설,경상북도 안동시 금곡동 단원로  156-1  (금곡동),-,102.88,15,2,2,-,아니오,아니오,아니오
안동시,36.567708,128.720601,태성아파트경로당,특정계층이용시설,경상북도 안동시 제비원로 172,-,64.8,15,2,2,-,아니오,아니오,아니오
안동시,36.5613455,128.7250476,안흥경로당,특정계층이용시설,경상북도 안동시 영호1길 75-7,-,78.24,15,2,2,-,아니오,아니오,아니오
안동시,36.562356,128.718671,당북2경로당,특정계층이용시설,경상북도 안동시 당북동 배움길  18-26  (당북동),-,168.67,15,2,2,-,아니오,아니오,아니오
안동시,36.5648256,128.7185288,당북경로당,특정계층이용시설,경상북도 안동시 당북동 당북길  21-6  (당북동),-,106.32,15,2,2,-,아니오,아니오,아니오
안동시,36.5678303,128.7260883,화성경로당,특정계층이용시설,경상북도 안동시 화성동 법상화성1길  65   (화성동),-,53.88,15,2,2,-,아니오,아니오,아니오
안동시,36.566902,128.725293,안동교회기독교경로당,특정계층이용시설,경상북도 안동시 서동문로 121,-,57.07,15,2,2,-,아니오,아니오,아니오
안동시,36.5687972,128.7242779,법석골경로당,특정계층이용시설,경상북도 안동시 법상동 법상길  41-6  (법상동),-,132.93,15,2,2,-,아니오,아니오,아니오
안동시,36.5661335,128.7215513,광석1경로당,특정계층이용시설,경상북도 안동시 광석동 광석2길  19   (광석동),-,65.89,15,2,2,-,아니오,아니오,아니오
안동시,36.5662586,128.7248648,대석경로당,특정계층이용시설,경상북도 안동시 대석동 대석1길  2   (대석동),-,120.45,15,2,2,-,아니오,아니오,아니오
경산시,35.8309,128.7974,백안리,야외시설,경상북도 경산시 압량읍 의송길21길 30-20,-,20,2,정보없음,정보없음,-,아니오,아니오,아니오
울진군,36.756275,129.467447,기성구산2리쉼터,야외시설,경상북도 울진군 기성면 구산봉산로 37,-,15,8,정보없음,정보없음,-,아니오,아니오,아니오
울진군,36.7910958,129.3754548,이평쉼터,야외시설,경상북도 울진군 기성면 척산4길 61,-,15,8,정보없음,정보없음,-,아니오,아니오,아니오
문경시,36.6185716,128.1974172,우지경로당,특정계층이용시설,경상북도 문경시 우지동 우지공평로  106   (우지동),-,165,54,1,1,-,아니오,아니오,아니오
문경시,36.6355764,128.1942277,창동(송평)경로당,특정계층이용시설,경상북도 문경시 창동 장평길  323   (창동),-,66,68,1,1,-,아니오,아니오,아니오
안동시,36.560989,128.722825,옥야경로당,특정계층이용시설,경상북도 안동시 옥야동 영호5길  49   (옥야동),-,215.14,15,2,2,-,아니오,아니오,아니오
안동시,36.5648177,128.7258067,행정동우회경로당,특정계층이용시설,경상북도 안동시 안흥동 중앙시장5길  31   (안흥동),-,89.65,15,2,2,-,아니오,아니오,아니오
안동시,36.5648177,128.7258067,서구경로당,특정계층이용시설,경상북도 안동시 안흥동 중앙시장5길  31   (안흥동),-,89.65,15,2,2,-,아니오,아니오,아니오
포항시,36.1125492,129.3495576,학성리마을쉼터,특정계층이용시설,경상북도 포항시 북구 흥해읍 흥해로82번길 15-1,-,138,42,1,1,-,아니오,아니오,아니오
포항시,36.1141656,129.34499,약성2리마을쉼터,특정계층이용시설,경상북도 포항시 북구 흥해읍 동해대로1586번길 29-10,-,128,39,1,1,-,아니오,아니오,아니오
문경시,36.736261,128.106702,문경읍분회,특정계층이용시설,경상북도 문경시 문경읍주흘1길 24,-,85,50,3,1,-,아니오,아니오,아니오
안동시,36.5673468,128.728812,목성경로당,특정계층이용시설,경상북도 안동시 목성교길 16 (목성동),-,97.95,49,2,1,-,아니오,아니오,아니오
안동시,36.4870795,128.7095832,원림2리경로당,특정계층이용시설,경상북도 안동시 남선면 토갓길 460,-,69,17,3,1,-,아니오,아니오,아니오
포항시,35.9533121,129.5440261,장길마을쉼터,특정계층이용시설,경상북도 포항시 남구 구룡포읍 동해안로4363번길 6,-,76,23,2,1,-,아니오,아니오,아니오
포항시,35.9607983,129.5175851,구평3마을쉼터,특정계층이용시설,경상북도 포항시 남구 구룡포읍 동해안로4287번길 258,-,99,30,1,1,-,아니오,아니오,아니오
문경시,36.7404897,128.1074765,상리1리경로당,특정계층이용시설,경상북도 문경시 문경읍 주흘3길 70,-,85,50,3,1,-,아니오,아니오,아니오
문경시,36.7361457,128.1109527,하리1리경로당,특정계층이용시설,경상북도 문경시 문경읍 하리2길 43,-,85,50,3,1,-,아니오,아니오,아니오
문경시,36.7377664,128.1129804,교촌리경로당,특정계층이용시설,경상북도 문경시 문경읍 향교길 5-6,-,85,45,4,1,-,아니오,아니오,아니오
문경시,36.7387444,128.1234089,요성리경로당,특정계층이용시설,경상북도 문경시 문경읍 요성1길 2,-,85,40,4,1,-,아니오,아니오,아니오
성주군,36.001695,128.259975,봉정2경로당,특정계층이용시설,"경상북도 성주군 초전면 봉정길  76 , 봉정2리마을회관",-,127,51,0,1,-,아니오,아니오,아니오
성주군,35.998516,128.258922,무징이경로당,특정계층이용시설,"경상북도 성주군 초전면 봉정1길  24 , 봉정1리마을회관",-,100,30,1,1,-,아니오,아니오,아니오
성주군,35.985279,128.26134,동포1경로당,특정계층이용시설,"경상북도 성주군 초전면 동포로1길  8-12, 동포복지회관",-,111,31,1,1,-,아니오,아니오,아니오
성주군,35.991997,128.251724,동포2경로당,특정계층이용시설,경상북도 성주군 초전면 동포로5길  3-8,-,88,15,1,1,-,아니오,아니오,아니오
성주군,35.985432,128.257637,동산이경로당,특정계층이용시설,"경상북도 성주군 초전면 동포로3길  6 , 동포2리새마을회관",-,97,17,1,1,-,아니오,아니오,아니오
영천시,35.9725769,128.938576,영천시청시민의쉼터3,야외시설,경상북도 영천시 시청로 16,-,3,4,정보없음,정보없음,-,-,예,아니오
의성군,36.438247,128.788299,동변1리,특정계층이용시설,경상북도 의성군 점곡면 동변길 321,-,85.7,28,3,1,-,아니오,아니오,아니오
안동시,36.4924996,128.6507472,원호2리향교경로당,특정계층이용시설,경상북도 안동시 일직면 생기골길 70-1,-,86.59,16,3,1,-,아니오,아니오,아니오
안동시,36.4968639,128.6540893,원호2리경로당,특정계층이용시설,경상북도 안동시 일직면 생기골길 1,-,30.6,42,3,2,-,아니오,아니오,아니오
안동시,36.4714191,128.6476028,운산리구운산경로당,특정계층이용시설,경상북도 안동시 일직면 구운산길 79,-,68.44,30,2,1,-,아니오,아니오,아니오
안동시,36.5352121,128.7737892,신석2리경로당,특정계층이용시설,경상북도 안동시 남선면 기느리1길 60,-,70.24,17,3,1,-,아니오,아니오,아니오
구미시,36.0744997,128.3594124,오태2동경로당,특정계층이용시설,경상북도 구미시 오태3안길 3,-,64.4,16,2,1,-,아니오,아니오,아니오
구미시,36.0883322,128.3633164,임은동경로당,특정계층이용시설,경상북도 구미시 구미대로4길 15-3 (임은동),-,46,12,2,1,-,아니오,아니오,아니오
안동시,36.640744,128.753448,태2리마암경로당,특정계층이용시설,경상북도 안동시 와룡면 태리금산로 120,-,38.88,30,3,1,-,아니오,아니오,아니오
안동시,36.5713,128.6942,한성사랑채경로당,특정계층이용시설,"경상북도 안동시 송하1길 52 (송현동, 숲속한성사랑채아파트)",-,74.3,18,4,1,-,아니오,아니오,아니오
포항시,36.095642,129.334529,초곡3리리슈빌마을쉼터,특정계층이용시설,경상북도 포항시 북구 흥해읍 초곡지구로58번길 65-9 (초곡리슈빌 101동),-,107.26,14,1,1,-,아니오,아니오,아니오
포항시,36.098916,129.33406,초곡삼구트리니엔시티마을쉼터,특정계층이용시설,경상북도 포항시 북구 흥해읍 초곡지구로58번길 38-17,-,100,34,1,1,-,아니오,아니오,아니오
포항시,36.0091344,129.3428455,포항자이마을쉼터,특정계층이용시설,"경상북도 포항시 남구 상도남로 11 (대잠동, 포항 자이)",-,141,22,1,1,-,아니오,아니오,아니오
포항시,36.029792,129.3706626,해누리마을쉼터,특정계층이용시설,경상북도 포항시 남구 해동로119번길 7 (해도동),-,93.35,31,1,1,-,아니오,아니오,아니오
안동시,36.5548791,128.506676,풍천면분회경로당,특정계층이용시설,경상북도 안동시 풍천면 상좌길 11,-,89.82,17,2,2,-,아니오,아니오,아니오
안동시,36.7907454,128.828676,태자리탑선대경로당,특정계층이용시설,경상북도 안동시 도산면태자로 223,-,111.6,37,2,1,-,아니오,아니오,아니오
성주군,35.9585599,128.2754713,문치경로당,특정계층이용시설,경상북도 성주군 초전면 칠선4길 17,-,83,30,2,1,-,아니오,아니오,아니오
안동시,36.5608137,128.728231,운흥경로당,특정계층이용시설,"경상북도 안동시 축제장1길 55 (운흥동, 강변늘푸른타운)",-,90.68,65,2,1,-,아니오,아니오,아니오
안동시,36.639903,128.590496,죽전리경로당,특정계층이용시설,경상북도 안동시 풍산읍죽전길 700,-,202.8,100,2,1,-,아니오,아니오,아니오
성주군,35.938761,128.245105,가암2리경로당,특정계층이용시설,"경상북도 성주군 벽진면 가암1길  5 , 가암2리경로당",-,41,10,2,1,-,아니오,아니오,아니오
성주군,36.008875,128.206108,용암1리(달밭)경로당,특정계층이용시설,경상북도 성주군 벽진면 월전길 49,-,20,10,2,1,-,아니오,아니오,예
성주군,35.9721672,128.2625592,초전면복지회관,특정계층이용시설,경상북도 성주군 초전면 대장1길 29,-,268,160,2,3,-,아니오,아니오,아니오
성주군,35.98031,128.25436,도천경로당,특정계층이용시설,경상북도 성주군 초전면 도천길  31-5,-,47,30,1,1,-,아니오,아니오,아니오
성주군,35.97526,128.255552,노루뫼경로당,특정계층이용시설,"경상북도 성주군 초전면 노루뫼길  37-5, 대장3리회관",-,99,35,2,1,-,아니오,아니오,아니오
포항시,36.0791229,129.3302909,학천1리경로당,특정계층이용시설,경상북도 포항시 북구 흥해읍 도음로877번길 2,-,176,53,2,1,-,아니오,아니오,아니오
포항시,36.0462032,129.320908,대련3리마을쉼터,특정계층이용시설,경상북도 포항시 북구 흥해읍 달전로5번길 72,-,90,27,2,1,-,아니오,아니오,아니오
포항시,36.1115438,129.3375902,한동맨션마을쉼터,특정계층이용시설,경상북도 포항시 북구 흥해읍 신흥로 870 (한동맨션),-,72,22,2,1,-,아니오,아니오,아니오
포항시,36.080491,129.3486974,충곡마을쉼터,특정계층이용시설,경상북도 포항시 북구 흥해읍 성곡길 76,-,101,31,2,1,-,아니오,아니오,아니오
포항시,36.0467466,129.3125829,대련1리마을쉼터,특정계층이용시설,경상북도 포항시 북구 흥해읍 새마을로394번길 98,-,125,38,1,1,-,아니오,아니오,아니오
포항시,36.070367,129.3336382,대유타운마을쉼터,특정계층이용시설,경상북도 포항시 북구 흥해읍 달전로 291 (대유타운아파트),-,115,35,1,1,-,아니오,아니오,아니오
안동시,36.571626,128.717796,사오경로당,특정계층이용시설,경상북도 안동시 안기동 한화4길  13   (안기동),-,95.72,16,4,2,-,아니오,아니오,아니오
안동시,36.5738,128.7163,대원아파트경로당,특정계층이용시설,"경상북도 안동시 안기동 안기1길  39   (안기동, 안기동대원아파트)",-,99,25,4,2,-,아니오,아니오,아니오
안동시,36.572522,128.719896,안기우성아파트경로당,특정계층이용시설,경상북도 안동시 영남길 32,-,31.02,7,2,1,-,아니오,아니오,아니오
안동시,36.6058912,128.7202487,양의골경로당,특정계층이용시설,경상북도 안동시 이천동 양의골길  196   (이천동),-,72.6,33,3,2,-,아니오,아니오,아니오
영주시,36.8883921,128.4837184,창락2리경로당,특정계층이용시설,경상북도 영주시 풍기읍 죽령로1350번길 40,-,89.28,20,1,1,-,아니오,아니오,아니오
안동시,36.6037604,128.7125485,이천경로당,특정계층이용시설,경상북도 안동시 이천동 지르내길  17   (이천동),-,163.9,41,3,2,-,아니오,아니오,아니오
경주시,35.993405,129.222494,양월3리마을회관,특정계층이용시설,경상북도 경주시 안강읍 양월교동길  9-32,-,190,58,2,1,-,아니오,아니오,아니오
포항시,36.0762658,129.339258,삼도드림파크마을쉼터,특정계층이용시설,경상북도 포항시 북구 흥해읍 달전로 365 (삼도드림파크),-,478,145,1,1,-,아니오,아니오,아니오
안동시,36.670528,128.794847,오천2리이조경로당,특정계층이용시설,경상북도 안동시 와룡면 퇴계로 1591,-,86.25,28,4,1,-,아니오,아니오,아니오
안동시,36.6782029,128.8020989,오천3리경로당,특정계층이용시설,경상북도 안동시 와룡면 지삼리길 10,-,62.73,26,2,1,-,아니오,아니오,아니오
안동시,36.619087,128.839951,가류2리경로당,특정계층이용시설,경상북도 안동시 와룡면 자곡길 263-4,-,66.5,31,2,1,-,아니오,아니오,아니오
성주군,35.956585,128.229008,우복실경로당,특정계층이용시설,"경상북도 성주군 벽진면 운정길  141-3, 우복실경로당",-,50,10,2,1,-,아니오,아니오,아니오
포항시,36.0060886,129.3206547,대림한숲3단지경로당,특정계층이용시설,경상북도 포항시 남구 연일읍 유강길10번길 33-4,-,56,17,1,1,-,아니오,아니오,아니오
포항시,36.0025247,129.3058506,유강1리경로당,특정계층이용시설,경상북도 포항시 남구 연일읍 자명로 43-2,-,56,17,1,1,-,아니오,아니오,아니오
포항시,36.0861311,129.3192384,초곡리마을쉼터,특정계층이용시설,경상북도 포항시 북구 흥해읍 초곡길 228,-,175,53,2,1,-,아니오,아니오,아니오
칠곡군,36.0074248,128.3594728,평복2리삼우실경로당,특정계층이용시설,경상북도 칠곡군 기산면 남평로 291,-,42.1,10,1,1,-,아니오,아니오,아니오
안동시,36.666249,128.762169,감애2리경로당,특정계층이용시설,경상북도 안동시 와룡면 와북로 764,-,104.05,33,4,1,-,아니오,아니오,아니오
안동시,36.6189608,128.618803,대두서리경로당,특정계층이용시설,경상북도 안동시 서후면 대두서4길 31,-,114.28,50,5,2,-,아니오,아니오,아니오
포항시,36.0804,129.332531,삼도뷰엔빌마을쉼터,특정계층이용시설,경상북도 포항시 북구 흥해읍 도음로877번길 15 (삼도뷰엔빌),-,100,30,1,1,-,아니오,아니오,아니오
포항시,36.0805134,129.3300518,삼도미래마을쉼터,특정계층이용시설,경상북도 포항시 북구 흥해읍 도음로877번길 9 (학천삼도 미래타운1차),-,84,25,1,1,-,아니오,아니오,아니오
포항시,36.1127186,129.3833641,남송3리마을쉼터,특정계층이용시설,경상북도 포항시 북구 흥해읍 한동로 389-6,-,101,31,1,1,-,아니오,아니오,아니오
포항시,35.9975541,129.3496136,영남비취타운3차경로당,특정계층이용시설,경상북도 포항시 남구 연일읍 형산강남로326번길 25 (영남비취타운3차),-,100,30,1,1,-,아니오,아니오,아니오
포항시,35.9940772,129.3443901,괴정1리경로당,특정계층이용시설,경상북도 포항시 남구 연일읍 연일로199번길 12,-,60,21,1,1,-,아니오,아니오,아니오
포항시,36.017956,129.306076,자명1리경로당,특정계층이용시설,경상북도 포항시 남구 연일읍 자명안길 17,-,85,26,1,1,-,아니오,아니오,아니오
포항시,36.0268369,129.300857,학전여경로당,특정계층이용시설,경상북도 포항시 남구 연일읍 자명로321번길 8,-,92,28,1,1,-,아니오,아니오,아니오
칠곡군,35.936353,128.4862152,영오1리덕천경로당,특정계층이용시설,경상북도 칠곡군 지천면 영오덕천길 65-5,-,84.24,20,2,1,-,아니오,아니오,아니오
포항시,36.0269056,129.3006769,북부경로당,특정계층이용시설,경상북도 포항시 남구 연일읍 자명로321번길 8-6,-,89,27,1,1,-,아니오,아니오,아니오
포항시,35.9912104,129.3151234,중명경로당,특정계층이용시설,경상북도 포항시 남구 연일읍 중명길 46-1,-,105,32,2,1,-,아니오,아니오,아니오
포항시,35.9915383,129.3255304,중단1리경로당,특정계층이용시설,경상북도 포항시 남구 연일읍 중단길38번길 38,-,107,32,2,1,-,아니오,아니오,아니오
안동시,36.5582517,128.6890227,하임경로당,특정계층이용시설,경상북도 안동시 솔밭길 237,-,66,30,3,2,-,아니오,아니오,아니오
안동시,36.553159,128.691644,미륵당경로당,특정계층이용시설,경상북도 안동시 미륵당길 202,-,69.63,50,3,3,-,아니오,아니오,아니오
안동시,36.5703058,128.6870268,성좌원경로당,특정계층이용시설,"경상북도 안동시 희망1길 17 (옥동, 안동성좌원,성좌원아파트)",-,82.5,70,2,1,-,아니오,아니오,아니오
안동시,36.567613,128.696494,임대아파트경로당,특정계층이용시설,경상북도 안동시 은행나무로 106-3,-,138.6,70,3,3,-,아니오,아니오,아니오
포항시,36.0623175,129.3604647,우현더힐마을쉼터,특정계층이용시설,"경상북도 포항시 북구 우창로 101 (우현동, 우현더힐아파트)",-,107,22,1,2,-,아니오,아니오,아니오
성주군,36.026538,128.241637,소성경로당,특정계층이용시설,경상북도 성주군 초전면 소성길  173-4,-,201,54,3,1,-,아니오,아니오,아니오
성주군,36.017847,128.267927,용봉1리경로당,특정계층이용시설,"경상북도 성주군 초전면 주천로  1080-1, 용봉1리마을회관",-,142,43,2,1,-,아니오,아니오,아니오
성주군,36.0185418,128.2713032,용봉2리경로당,특정계층이용시설,경상북도 성주군 초전면 용봉2길 30,-,109,17,0,1,-,아니오,아니오,아니오
성주군,36.0384005,128.2700184,고평경로당,특정계층이용시설,경상북도 성주군 초전면 주천로 1314-13,-,100,25,0,1,-,아니오,아니오,아니오
성주군,36.012185,128.272678,용봉3리경로당,특정계층이용시설,경상북도 성주군 초전면 용봉길  80,-,89,20,1,1,-,아니오,아니오,아니오
김천시,36.131837,128.1183121,신음현대2차아파트경로당,특정계층이용시설,경상북도 김천시 시청로 40 (신음동),-,140,35,2,1,-,아니오,아니오,예
김천시,36.142708,128.114656,신음동우방1차아파트경로당,특정계층이용시설,경상북도 김천시 시청6길 45 (우방아파트),-,104,26,2,1,-,아니오,아니오,예
의성군,36.4579692,128.4146431,달제3리경로당,특정계층이용시설,경상북도 의성군 다인면 달제3길 150-3,-,107.1,20,2,1,-,-,아니오,-
의성군,36.4225472,128.3671573,신락2리웃날미경로당,특정계층이용시설,경상북도 의성군 다인면 신락2길 178-34,-,50.44,10,1,1,-,-,아니오,-
김천시,36.1788801,128.1181209,중왕1리아천경로당,특정계층이용시설,경상북도 김천시 어모면 어모로 255,-,119,30,2,2,-,-,-,예
안동시,36.578461,128.7321657,계림플러스경로당,특정계층이용시설,"경상북도 안동시 퇴계로 233-22 (안막동, 계림플러스)",-,82.5,13,4,1,-,아니오,아니오,아니오
성주군,35.903174,128.154939,중산리경로당,특정계층이용시설,"경상북도 성주군 가천면 중산2길  18 , 중산리경로당",-,93.72,23,4,1,-,아니오,아니오,아니오
성주군,35.869678,128.169669,화죽1리경로당,특정계층이용시설,경상북도 성주군 가천면 포천계곡로  99,-,72.9,18,4,1,-,아니오,아니오,아니오
성주군,35.8598178,128.1588784,동원1리경로당,특정계층이용시설,경상북도 성주군 가천면 동원1길 8,-,102.66,25,3,1,-,아니오,아니오,아니오
청도군,35.6207076,128.6553231,사1리,특정계층이용시설,경상북도 청도군 각남면 하사길 27-10,-,124,31,2,2,-,아니오,아니오,아니오
문경시,36.7518227,128.0868369,하초리경로당,특정계층이용시설,경상북도 문경시 문경읍 하푸실길 62,-,85,35,3,1,-,아니오,아니오,아니오
문경시,36.773628,128.314917,적성1리경로당,특정계층이용시설,경상북도 문경시 동로면 벌재장터길  8-13,-,85,40,1,1,-,아니오,아니오,아니오
문경시,36.839141,128.247589,명전1리경로당,특정계층이용시설,경상북도 문경시 동로면 명전길  473,-,85,40,1,1,-,아니오,아니오,아니오
문경시,36.6870135,128.1066397,정리2리경로당,특정계층이용시설,경상북도 문경시 마성면 정리3길 36,-,169,40,2,1,-,아니오,아니오,아니오
안동시,36.5399887,128.6916268,수하2경로당,특정계층이용시설,경상북도 안동시 수하동 무주무4길  46   (수하동),-,75.74,49,2,1,-,아니오,아니오,아니오
안동시,36.5514,128.7308,현진에버빌1차경로당,특정계층이용시설,경상북도 안동시 정하동 강남5길  102   (정하동),-,53.46,118,5,2,-,아니오,아니오,아니오
안동시,36.5503,128.7289,현진에버빌2차경로당,특정계층이용시설,"경상북도 안동시 정하동 강남5길  112   (정하동, 현진에버빌2차)",-,72.6,43,4,1,-,아니오,아니오,아니오
문경시,36.6735929,128.0736861,상내1리경로당,특정계층이용시설,경상북도 문경시 마성면 상내1길 81,-,177,62,3,1,-,아니오,아니오,아니오
울진군,36.963514,129.4034046,섬마을쉼터(산포1리),야외시설,경상북도 울진군 근남면 성류굴로 221-42,-,15,8,정보없음,정보없음,-,아니오,아니오,아니오
포항시,36.0112344,129.3615148,대도마을쉼터,특정계층이용시설,"경상북도 포항시 남구 상공로18번길 47 (대도동, 한신타운)",-,95,30,5,2,-,아니오,아니오,아니오
포항시,36.0294208,129.372519,미망인마을쉼터,특정계층이용시설,경상북도 포항시 남구 축항로 37-1 (해도동),-,57,17,2,1,-,아니오,아니오,아니오
포항시,35.9483277,129.3324088,홍계리마을쉼터,특정계층이용시설,경상북도 포항시 남구 대송면 장동홍계길 401,-,50,15,2,1,-,아니오,아니오,아니오
김천시,36.0611386,128.1253312,소용경로당,특정계층이용시설,경상북도 김천시 감천면 도평2길 7,-,212,53,2,1,-,아니오,아니오,예
김천시,36.0539447,128.141811,무안3리(대동)경로당,특정계층이용시설,경상북도 김천시 감천면 대동길 102,-,144,36,2,1,-,아니오,아니오,예
포항시,35.997476,129.315962,명성강변경로당,특정계층이용시설,경상북도 포항시 남구 연일읍 형산강남로 22,-,31,9,1,1,-,아니오,아니오,아니오
포항시,35.9986814,129.3430059,삼도한솔1차경로당,특정계층이용시설,경상북도 포항시 남구 연일읍 연일로 142 (삼도한솔1차아파트),-,77,23,1,1,-,아니오,아니오,아니오
안동시,36.5329115,128.7966299,이천3리경로당,특정계층이용시설,경상북도 안동시 남선면 샘들윗길 58 (용마아파트),-,71.4,17,3,1,-,아니오,아니오,아니오
안동시,36.5217134,128.865004,임하1리경로당,특정계층이용시설,경상북도 안동시 임하면 임하현길 11-4,-,103.95,31,2,3,-,아니오,아니오,아니오
안동시,36.5280944,128.8397679,임하2리경로당,특정계층이용시설,경상북도 안동시 임하면 대추나무길 37,-,100.61,30,2,2,-,아니오,아니오,아니오
안동시,36.5343145,128.858538,천전1리경로당,특정계층이용시설,경상북도 안동시 임하면 내앞길 26,-,97.68,29,2,1,-,아니오,아니오,아니오
안동시,36.5475157,128.8404069,천전2리경로당,특정계층이용시설,경상북도 안동시 임하면 노천길  420-8,-,66,20,2,1,-,아니오,아니오,아니오
안동시,36.5231442,128.8296929,신덕1리경로당,특정계층이용시설,경상북도 안동시 임하면 범바위길  19,-,126.15,38,2,2,-,아니오,아니오,아니오
안동시,36.5757923,128.7174323,안기경동아파트경로당,특정계층이용시설,경상북도 안동시 안기2길 47 (안기동),-,65.01,16,3,2,-,아니오,아니오,아니오
안동시,36.5761907,128.7193286,동아아파트경로당,특정계층이용시설,"경상북도 안동시 제비원로 268-7 (안기동, 동아아파트)",-,62.37,15,4,2,-,아니오,아니오,아니오
안동시,36.6749116,128.7786886,감애리우무실경로당,특정계층이용시설,경상북도 안동시 와룡면 감애구송로 185,-,73.29,61,2,1,-,아니오,아니오,아니오
안동시,36.3649044,128.9291015,송사1리경로당,특정계층이용시설,경상북도 안동시 길안면 송사시장길 62,-,179.55,5,3,2,-,아니오,아니오,아니오
안동시,36.3061206,128.9069563,송사2리경로당,특정계층이용시설,경상북도 안동시 길안면 마사길  42-26,-,97.2,17,2,2,-,아니오,아니오,아니오
상주시,36.2465,128.071,영오리마을회관,특정계층이용시설,경상북도 상주시 공성면 영오3길 26,-,84,20,2,1,-,아니오,아니오,아니오
청도군,35.5865998,128.7389946,음지리,특정계층이용시설,경상북도 청도군 청도읍 음지1길 53,-,98.55,24,4,1,-,아니오,아니오,아니오
예천군,36.673083,128.490254,승본경로당,특정계층이용시설,경상북도 예천군 보문면 노트기길 129,-,95,23,1,1,-,아니오,아니오,아니오
예천군,36.59987,128.490136,밭마경로당,특정계층이용시설,경상북도 예천군 호명읍 밭마길 52-4,-,87,21,1,1,-,아니오,아니오,아니오
예천군,36.588128,128.434007,본포(버무리)경로당,특정계층이용시설,경상북도 예천군 호명읍 본포길 13,-,76,19,1,1,-,아니오,아니오,아니오
예천군,36.595401,128.438976,원곡리경로당,특정계층이용시설,경상북도 예천군 호명읍 원곡길 75-2,-,89,22,1,1,-,아니오,아니오,아니오
예천군,36.596682,128.421179,원곡(버물개)경로당,특정계층이용시설,경상북도 예천군 호명읍 원곡길 356,-,58,14,1,1,-,아니오,아니오,아니오
예천군,36.587701,128.444855,송곡경로당,특정계층이용시설,경상북도 예천군 호명읍 호명로 273,-,66,16,1,1,-,아니오,아니오,아니오
예천군,36.5591637,128.4604016,신촌경로당(금능2리),특정계층이용시설,경상북도 예천군 호명읍 봉호로 3791,-,79,19,1,1,-,아니오,아니오,아니오
칠곡군,36.0044891,128.4081119,석전7리우방3차경로당,특정계층이용시설,경상북도 칠곡군 왜관읍 석전로7길 40 (왜관3차우방타운),-,81,20,0,1,-,아니오,아니오,아니오
청도군,35.5913941,128.7318143,평양1리,특정계층이용시설,경상북도 청도군 청도읍 양지길 180-1,-,112,28,2,2,-,아니오,아니오,아니오
영양군,36.7653929,129.205074,발리2리경로당,특정계층이용시설,경상북도 영양군 수비면 낙동정맥로 2422,-,234.86,50,2,1,-,아니오,-,아니오
칠곡군,36.035635,128.514791,다부2리경로당,특정계층이용시설,경상북도 칠곡군 가산면 다부거문1길  140-1,-,137,34,1,1,-,아니오,아니오,아니오
칠곡군,36.0650778,128.5389957,금화리경로당,특정계층이용시설,경상북도 칠곡군 가산면 가산로 11-2,-,86.86,26,2,1,-,아니오,아니오,아니오
영덕군,36.550471,129.4078339,연평2리경로당,특정계층이용시설,경상북도 영덕군 영해면 연평2길 46,-,183,20,3,1,-,아니오,아니오,예
청도군,35.670478,128.6520427,수야1리,특정계층이용시설,경상북도 청도군 이서면 수야신기길 1,-,98,24,2,1,-,아니오,아니오,아니오
청도군,35.6881868,128.6419201,수야4리(귀일),특정계층이용시설,경상북도 청도군 이서면 수야길 448-5,-,83,20,2,1,-,아니오,아니오,아니오
청도군,35.6789102,128.661924,금촌리,특정계층이용시설,경상북도 청도군 이서면 금촌2길 28,-,95,23,2,1,-,아니오,아니오,아니오
김천시,35.960017,128.0035906,여배1리경로당,특정계층이용시설,경상북도 김천시 지례면 여배1길 120,-,70,17,2,1,-,아니오,아니오,예
김천시,35.9555022,128.0118668,여배2리경로당,특정계층이용시설,경상북도 김천시 지례면 증산1로 999,-,76,18,2,1,-,아니오,아니오,예
영주시,36.8143872,128.6292591,휴천1동광승경로당,특정계층이용시설,경상북도 영주시 휴천동 번영로24번길  17-1  (휴천동),-,93.5,73,2,1,-,아니오,아니오,아니오
김천시,36.1239233,128.0210441,향천1리(지천)경로당,특정계층이용시설,경상북도 김천시 대항면 향천2길 83,-,180,45,1,1,-,아니오,아니오,예
김천시,36.141435,128.003153,복전2리(복산)경로당,특정계층이용시설,경상북도 김천시 대항면복산길 58,-,112,28,1,1,-,아니오,아니오,예
예천군,36.5058457,128.3287458,흥천1경로당,특정계층이용시설,경상북도 예천군 풍양면 산림길 159,-,69,17,2,1,-,아니오,아니오,아니오
예천군,36.5098756,128.313433,흥천2경로당,특정계층이용시설,경상북도 예천군 풍양면 신흥길 99,-,84,21,2,1,-,아니오,아니오,아니오
예천군,36.5306891,128.2861349,청운2경로당,특정계층이용시설,경상북도 예천군 풍양면 청운길 113,-,87,21,2,1,-,아니오,아니오,아니오
영덕군,36.3625048,129.3571316,화전2리,특정계층이용시설,경상북도 영덕군 강구면화전1길 5-10,-,88,22,1,1,-,아니오,아니오,아니오
영덕군,36.3835193,129.3541491,상직1리경로당,특정계층이용시설,경상북도 영덕군 강구면직천3길 5,-,77,19,5,1,-,아니오,아니오,아니오
영덕군,36.3853258,129.3514824,상직2리경로당,특정계층이용시설,경상북도 영덕군 강구면 직천길 358-4,-,53,13,2,1,-,아니오,아니오,아니오
포항시,36.1542421,129.3995544,오도1리마을쉼터,특정계층이용시설,경상북도 포항시 북구 흥해읍 해안로1732번길 54,-,102,41,1,1,-,아니오,아니오,아니오
영덕군,36.597567,129.313961,갈천1리,특정계층이용시설,경상북도 영덕군 창수면장육사1길 46,-,95,23,1,1,-,아니오,아니오,아니오
포항시,36.1416837,129.394599,칠포2리마을쉼터,특정계층이용시설,경상북도 포항시 북구 흥해읍 해안로1540번길 23,-,147,45,1,1,-,아니오,아니오,아니오
포항시,36.1438657,129.3954168,칠포1리마을쉼터,특정계층이용시설,경상북도 포항시 북구 흥해읍 해안로 1555,-,143,43,1,1,-,아니오,아니오,아니오
포항시,36.1231465,129.3765698,흥안2리마을쉼터,특정계층이용시설,경상북도 포항시 북구 흥해읍 칠포로258번길 41,-,97,29,1,1,-,아니오,아니오,아니오
청도군,35.6601838,128.7429374,안송읍,특정계층이용시설,경상북도 청도군 청도읍 안송읍길 112,-,99.63,24,2,1,-,아니오,아니오,아니오
청도군,35.662119,128.748318,송읍리,특정계층이용시설,경상북도 청도군 청도읍 송읍길 41,-,200.73,50,2,1,-,아니오,아니오,아니오
청도군,35.5995707,128.7650925,신도1리,특정계층이용시설,경상북도 청도군 청도읍 새마을안길 7-4,-,43.75,10,3,1,-,아니오,아니오,아니오
청도군,35.6930382,128.5820398,남산2리,특정계층이용시설,경상북도 청도군 각북면 남산2길 21,-,133,33,2,1,-,아니오,아니오,아니오
칠곡군,35.9836321,128.5491532,송산1리아래솔뫼경로당,특정계층이용시설,경상북도 칠곡군 동명면 송산10길 18-3,-,55,15,1,1,-,아니오,아니오,아니오
포항시,36.0673573,129.3744241,장성현진에버빌,특정계층이용시설,"경상북도 포항시 북구 성실로 37 (장성동, 현진에버빌1단지아파트)",-,499,151,2,1,-,아니오,아니오,아니오
포항시,36.0855158,129.4000069,양덕1차e편한세상경로당,특정계층이용시설,"경상북도 포항시 북구 천마로90번길 33 (양덕동, 1차이편한세상아파트)",-,265,80,1,1,-,아니오,아니오,아니오
안동시,36.5725009,128.7183523,한화경로당,특정계층이용시설,경상북도 안동시 한화3길 48 (안기동),-,73.8,18,4,2,-,아니오,아니오,아니오
안동시,36.584373,128.713791,안기세영아파트경로당,특정계층이용시설,경상북도 안동시 제비원로 373,-,21.12,5,3,2,-,아니오,아니오,아니오
안동시,36.5775065,128.7161401,소백경로당,특정계층이용시설,경상북도 안동시 안기2길 91,-,58.59,35,4,1,-,아니오,아니오,아니오
안동시,36.5731396,128.719575,안기경로당,특정계층이용시설,"경상북도 안동시 안기동 제비원로  240-4,  대한노인회안동시지회안기분회 (안기동)",-,132,32,4,1,-,아니오,아니오,아니오
안동시,36.6310183,128.8779464,기사1리경로당,특정계층이용시설,경상북도 안동시 예안면 아마리길 87,-,78.72,40,3,1,-,아니오,아니오,아니오
안동시,36.5993,128.4939,오미2리경로당,특정계층이용시설,경상북도 안동시 풍산읍새랄1길 3,-,66.5,45,3,1,-,아니오,아니오,아니오
안동시,36.5339454,128.825037,신덕2리인덕경로당,특정계층이용시설,경상북도 안동시 임하면인덕길 96-3,-,59.52,18,2,2,-,아니오,아니오,아니오
포항시,36.106192,129.3402978,금아드림팰리스마을쉼터,특정계층이용시설,경상북도 포항시 북구 흥해읍 동해대로1475번길 36 (금아드림팰리스),-,62,19,1,1,-,아니오,아니오,아니오
청도군,35.658776,128.609291,우산리,특정계층이용시설,경상북도 청도군 각북면 우산3길 54-4,-,93.12,23,2,1,-,아니오,아니오,아니오
청도군,35.6755636,128.5960436,삼평1리,특정계층이용시설,경상북도 청도군 각북면 헐티로 658,-,98.3,24,2,1,-,아니오,아니오,아니오
청도군,35.6660458,128.6006141,삼평2리,특정계층이용시설,경상북도 청도군 각북면 헐티로 544,-,100.5,25,2,1,-,아니오,아니오,아니오
상주시,36.27,128.0731,거창1리마을회관,특정계층이용시설,경상북도 상주시 공성면 거배미길 136,-,84,20,2,1,-,아니오,아니오,아니오
청도군,35.6886073,128.5897914,남산1리,특정계층이용시설,경상북도 청도군 각북면 남산길 6,-,98.4,24,2,1,-,아니오,아니오,아니오
경산시,35.8293389,128.7262639,중산근린공원,야외시설,경상북도 경산시 강변서로51길 49,-,120,12,정보없음,정보없음,-,아니오,아니오,아니오
안동시,36.3670988,128.9418688,대사1리경로당,특정계층이용시설,경상북도 안동시 길안면 대사로 433,-,89.97,24,2,2,-,아니오,아니오,아니오
청도군,35.6955934,128.569015,남산3리,특정계층이용시설,경상북도 청도군 각북면 낙산3길 1,-,97.8,24,2,1,-,아니오,아니오,아니오
청도군,35.6961184,128.5681862,남산3리할머니,특정계층이용시설,경상북도 청도군 각북면 낙산3길 11,-,45,11,2,1,-,아니오,아니오,아니오
구미시,36.151375,128.332795,초롱공원,야외시설,경상북도 구미시 고아읍 관심길 59-10,-,7.8,2,정보없음,정보없음,-,아니오,아니오,아니오
구미시,36.207794,128.325368,이리공원,야외시설,경상북도 구미시 고아읍 황산3안길 12-1,-,1,1,정보없음,정보없음,-,아니오,아니오,아니오
구미시,36.148973,128.332316,원호공원,야외시설,경상북도 구미시 고아읍 문장로 168,-,75.2,12,정보없음,정보없음,-,아니오,아니오,아니오
예천군,36.6496087,128.3886182,광전경로당,특정계층이용시설,경상북도 예천군 유천면 광전1길 27,-,92,23,1,1,-,아니오,아니오,아니오
예천군,36.758522,128.499846,벌방리경로당,특정계층이용시설,경상북도 예천군 감천면 벌방1길 9,-,31,7,1,1,-,아니오,아니오,아니오
청도군,35.6693253,128.7467086,용산(청도),특정계층이용시설,경상북도 청도군 청도읍 덕암길 6,-,39.9,9,2,1,-,아니오,아니오,아니오
청도군,35.6679068,128.7516868,무등리,특정계층이용시설,경상북도 청도군 청도읍 무등1길 37,-,66,16,2,1,-,아니오,아니오,아니오
청도군,35.6926766,128.7476555,덕암2리,특정계층이용시설,경상북도 청도군 청도읍 덕암3길 26,-,97.28,24,2,2,-,아니오,아니오,아니오
청도군,35.5781055,128.7943473,사촌2리,특정계층이용시설,경상북도 청도군 청도읍 사촌2길 8,-,173.9,43,2,1,-,아니오,아니오,아니오
청도군,35.6473818,128.7409043,고수1리,특정계층이용시설,경상북도 청도군 청도읍 냉정1길 35-3,-,132,33,2,2,-,아니오,아니오,아니오
청도군,35.6461307,128.7362292,고수2리,특정계층이용시설,경상북도 청도군 청도읍 양정1길 18,-,152,38,2,1,-,아니오,아니오,아니오
봉화군,36.926714,129.136302,분천5리마을회관앞,야외시설,경상북도 봉화군 소천면 남회룡로 1485,-,60,10,정보없음,정보없음,-,아니오,아니오,아니오
봉화군,36.833041,128.946905,상리마을회관쉼터,야외시설,경상북도 봉화군 재산면 여퇴길 16,-,60,10,정보없음,정보없음,-,아니오,아니오,아니오
청도군,35.6972815,128.596462,덕촌1리,특정계층이용시설,경상북도 청도군 각북면 덕촌1길 68,-,92,23,2,1,-,아니오,아니오,아니오
칠곡군,36.0101608,128.5442609,가천리경로당,특정계층이용시설,경상북도 칠곡군 동명면 가천1길 82,-,332.12,83,3,1,-,아니오,아니오,아니오
칠곡군,36.022737,128.547593,학명리경로당,특정계층이용시설,경상북도 칠곡군 동명면 남원로  3-14,-,86.7,22,4,1,-,아니오,아니오,아니오
칠곡군,36.013817,128.57957,남원1리경로당,특정계층이용시설,"경상북도 칠곡군 동명면 남원로2길  13 , 남원1리회관",-,119.4,30,1,1,-,아니오,아니오,아니오
고령군,35.75152,128.37446,득성리경로당,특정계층이용시설,경상북도 고령군 성산면 성산로  1032,-,261.36,79,1,1,-,아니오,아니오,아니오
고령군,35.740174,128.384589,삼대1리경로당,특정계층이용시설,"경상북도 고령군 성산면 삼대길  34 , 삼대리 마을회관",-,161.46,49,1,1,-,아니오,아니오,아니오
고령군,35.745725,128.38443,삼대2리경로당,특정계층이용시설,경상북도 고령군 성산면 반장길  17-4,-,152.4,46,1,1,-,아니오,아니오,아니오
고령군,35.727531,128.398139,오곡리경로당,특정계층이용시설,경상북도 고령군 성산면오곡길 32,-,66.5,20,1,1,-,아니오,아니오,아니오
안동시,36.4649083,128.6656349,망호1리경로당,특정계층이용시설,경상북도 안동시 일직면 일직점곡로 24,-,117.6,40,2,2,-,아니오,아니오,아니오
안동시,36.462977,128.6715236,망호2리경로당,특정계층이용시설,경상북도 안동시 일직면 안망실길 133,-,99.54,36,2,1,-,아니오,아니오,아니오
고령군,35.816104,128.428901,월성경로당,특정계층이용시설,경상북도 고령군 다산면차남길 24-7,-,207.82,63,1,1,-,아니오,아니오,아니오
고령군,35.839949,128.411078,노곡경로당,특정계층이용시설,경상북도 고령군 다산면노곡1길 49,-,306.98,93,1,1,-,아니오,아니오,아니오
고령군,35.826753,128.404468,나정1리경로당,특정계층이용시설,경상북도 고령군 다산면나정길 38,-,166.44,50,1,1,-,아니오,아니오,아니오
고령군,35.821914,128.399668,나정2리경로당,특정계층이용시설,경상북도 고령군 다산면새나정길 56-6,-,85.5,26,1,1,-,아니오,아니오,아니오
예천군,36.614584,128.3247232,장송(솔골)경로당,특정계층이용시설,경상북도 예천군 개포면 솔골길 17,-,97,24,1,1,-,예,예,아니오
의성군,36.2861101,128.689959,학미4리,특정계층이용시설,경상북도 의성군 금성면학미4길 42,-,66.4,13,1,1,-,아니오,아니오,아니오
봉화군,36.9734111,128.745959,개단5리경로당,특정계층이용시설,경상북도 봉화군 물야면 도사리길 114-2,-,80,20,2,1,-,아니오,아니오,아니오
봉화군,36.998784,128.715343,오전1리경로당,특정계층이용시설,경상북도 봉화군 물야면 죽터길  8,-,124,31,3,1,-,아니오,아니오,아니오
봉화군,36.9859437,128.7010159,압동1리경로당,특정계층이용시설,경상북도 봉화군 물야면 압동길 21,-,85,21,1,1,-,아니오,아니오,아니오
봉화군,36.963354,128.7161811,샘실경로당,특정계층이용시설,경상북도 봉화군 물야면 샘실길 45-7,-,102,26,1,1,-,아니오,아니오,아니오
고령군,35.812118,128.389853,벌지1리경로당,특정계층이용시설,경상북도 고령군 다산면벌지1길 27,-,166.44,50,1,1,-,아니오,아니오,아니오
고령군,35.812601,128.400712,벌지2리경로당,특정계층이용시설,경상북도 고령군 다산면동암2길 4-7,-,183.06,55,1,1,-,아니오,아니오,아니오
칠곡군,36.0951596,128.4852389,학하2리경로당,특정계층이용시설,경상북도 칠곡군 가산면 학하4길 43,-,157,39,1,1,-,아니오,아니오,아니오
칠곡군,36.103255,128.492331,학하3리경로당,특정계층이용시설,"경상북도 칠곡군 가산면 학하6길  19 , 학하3리경로당",-,105,26,2,1,-,아니오,아니오,아니오
고령군,35.803269,128.382195,송곡1리경로당,특정계층이용시설,경상북도 고령군 다산면송곡길 5,-,164.04,50,1,1,-,아니오,아니오,아니오
예천군,36.6713878,128.3445972,화지2리경로당,특정계층이용시설,경상북도 예천군 유천면 화전길 15,-,30,7,1,1,-,아니오,아니오,아니오
예천군,36.6430472,128.4007776,고산리경로당,특정계층이용시설,경상북도 예천군 유천면 고산길 45-4,-,86,21,1,1,-,아니오,아니오,아니오
예천군,36.6520121,128.3939217,성평경로당,특정계층이용시설,경상북도 예천군 유천면 성평길 7-11,-,70,17,1,1,-,아니오,아니오,아니오
경산시,35.816982,128.824257,동부2공원,야외시설,경상북도 경산시 자인면 자인로 188-12,-,20,2,정보없음,정보없음,-,-,-,-
영덕군,36.492354,129.182874,황장리경로당,특정계층이용시설,경상북도 영덕군 지품면 경동로 5884,-,83.91,20,5,1,-,아니오,아니오,아니오
의성군,36.3006413,128.538757,도암1리경로당,특정계층이용시설,경상북도 의성군 비안면 도암1길 158,-,38,12,2,1,-,-,아니오,-
성주군,35.8626763,128.3583677,문명2리경로당,특정계층이용시설,경상북도 성주군 용암면 문명1길 4-7,-,336.8,84,3,1,-,아니오,아니오,아니오
포항시,35.9820733,129.3637399,제내마을쉼터,특정계층이용시설,경상북도 포항시 남구 대송면 제내길 45-13,-,67,20,2,1,-,아니오,아니오,아니오
구미시,36.090703,128.356096,애린공원,야외시설,경상북도 구미시 박정희로9길 46  (상모동),-,8.6,2,정보없음,정보없음,-,아니오,아니오,아니오
의성군,36.348397,128.5460472,산제2리경로당,특정계층이용시설,경상북도 의성군 비안면 교화길 873,-,55,15,2,1,-,-,아니오,-
의성군,36.3357969,128.5175273,양지경로당,특정계층이용시설,경상북도 의성군 비안면 현산길 15,-,32,17,2,1,-,-,아니오,-
고령군,35.777588,128.359889,용소리경로당,특정계층이용시설,경상북도 고령군 성산면 원당길 2,-,122.15,37,1,1,-,아니오,아니오,아니오
고령군,35.780903,128.336493,신기경로당,특정계층이용시설,경상북도 고령군 성산면 신기길 241,-,54,16,1,1,-,아니오,아니오,아니오
고령군,35.783378,128.351774,상용리경로당,특정계층이용시설,경상북도 고령군 성산면용기길 39,-,180.5,55,1,1,-,아니오,아니오,아니오
청도군,35.6985885,128.6765876,신촌2리,특정계층이용시설,경상북도 청도군 이서면 신안길 15,-,99,24,2,1,-,아니오,아니오,아니오
포항시,36.0689912,129.3799889,두호시영1차아파트마을쉼터,특정계층이용시설,"경상북도 포항시 북구 삼흥로74번길 7-10 (장성동, 시영1차아파트)",-,63,26,1,2,-,아니오,아니오,아니오
영덕군,36.3744424,129.3027586,매일1리,특정계층이용시설,경상북도 영덕군 달산면 매화길 29,-,74,22,3,1,-,아니오,아니오,아니오
안동시,36.4672981,128.6825713,귀미1리경로당,특정계층이용시설,경상북도 안동시 일직면 귀미길 2-25,-,96.38,81,2,1,-,아니오,아니오,아니오
안동시,36.4682943,128.6778628,귀미2리경로당,특정계층이용시설,경상북도 안동시 일직면 하나들길 150-1,-,110.97,57,2,1,-,아니오,아니오,아니오
성주군,35.872434,128.362175,문명경로당,특정계층이용시설,"경상북도 성주군 용암면 문명6길  22 , 문명1리경로당",-,145.8,37,7,2,-,아니오,아니오,아니오
고령군,35.750321,128.345002,기족경로당,특정계층이용시설,경상북도 고령군 성산면 기족길 40,-,143.49,43,1,1,-,아니오,아니오,아니오
봉화군,37.045882,129.062158,석포경로당,특정계층이용시설,경상북도 봉화군 석포면 석포로2길  2-18,-,109,20,1,1,-,아니오,아니오,아니오
봉화군,37.045402,129.065058,할머니경로당,특정계층이용시설,경상북도 봉화군 석포면 석포로5길  18-1,-,60,20,1,1,-,아니오,아니오,아니오
고령군,35.823188,128.447339,금류1차경로당,특정계층이용시설,경상북도 고령군 다산면상곡1길 15 (금류강남타운),-,260,79,1,1,-,아니오,아니오,아니오
고령군,35.751388,128.359659,어곡경로당,특정계층이용시설,경상북도 고령군 성산면 성산로 901-9 (성산면복지회관),-,598.56,181,1,1,-,아니오,아니오,아니오
안동시,36.4421356,128.89932,만음2리경로당,특정계층이용시설,경상북도 안동시 길안면명덕길 26-3,-,164.17,23,3,2,-,아니오,아니오,아니오
예천군,36.5998636,128.4057717,동송경로당,특정계층이용시설,경상북도 예천군 개포면 동소리길 135,-,97,24,1,1,-,예,예,아니오
예천군,36.616009,128.3886994,이사경로당,특정계층이용시설,경상북도 예천군 개포면 이사리길 17,-,234,58,1,1,-,예,예,아니오
고령군,35.773059,128.288354,순평경로당,특정계층이용시설,경상북도 고령군 운수면 순평길 14,-,53.21,16,1,1,-,아니오,아니오,아니오
고령군,35.76911,128.290053,운수면분회,특정계층이용시설,경상북도 고령군 운수면 운용로 106-1,-,498.13,151,1,1,-,아니오,아니오,아니오
청도군,35.6869974,128.7523896,내리,특정계층이용시설,경상북도 청도군 청도읍 내리길 19,-,97.45,24,3,1,-,아니오,아니오,아니오
청도군,35.570856,128.775301,내호리,특정계층이용시설,경상북도 청도군 청도읍 유천길 18-1,-,83,20,2,1,-,아니오,아니오,아니오
청도군,35.5745561,128.788999,사촌1리,특정계층이용시설,경상북도 청도군 청도읍 사촌1길 20-4,-,104,26,2,1,-,아니오,아니오,아니오
칠곡군,35.980575,128.395647,왜관13리오성경로당,특정계층이용시설,경상북도 칠곡군 왜관읍구상길 156 (오성빌라맨션),-,198,40,2,2,-,아니오,아니오,아니오
칠곡군,35.9854725,128.3979625,왜관14리우방경로당,특정계층이용시설,경상북도 칠곡군 왜관읍 중앙로 117,-,178,30,1,1,-,아니오,아니오,아니오
예천군,36.6280106,128.3878897,가2리경로당,특정계층이용시설,경상북도 예천군 유천면 가동2길 140-4,-,53,13,1,1,-,아니오,아니오,아니오
칠곡군,35.9832935,128.395519,왜관15리경로당,특정계층이용시설,경상북도 칠곡군 왜관읍 구상길 180 (삼성아파트),-,99,30,2,1,-,아니오,아니오,아니오
영덕군,36.5498617,129.4396663,대진3리경로당,특정계층이용시설,경상북도 영덕군 영해면 건달길 3,-,94,20,3,1,-,아니오,아니오,예
영덕군,36.5213395,129.4428748,사진3리경로당,특정계층이용시설,경상북도 영덕군 영해면 영덕대게로 2252-1,-,114,15,3,1,-,아니오,아니오,예
예천군,36.5739482,128.4285697,큰어지경로당,특정계층이용시설,경상북도 예천군 지보면 어신2길 142-3,-,88,22,1,1,-,아니오,아니오,아니오
예천군,36.5733565,128.4134998,학구단위경로당,특정계층이용시설,경상북도 예천군 지보면 예지로 685-1,-,70,17,2,1,-,아니오,아니오,아니오
청도군,35.5979089,128.7217668,상리,특정계층이용시설,경상북도 청도군 청도읍 상리길 29-1,-,88.03,22,2,1,-,아니오,아니오,아니오
청도군,35.668262,128.7192911,고평리,특정계층이용시설,경상북도 청도군 화양읍 고평길 8,-,123.86,30,2,1,-,아니오,아니오,아니오
예천군,36.5639465,128.4119958,섯밭경로당,특정계층이용시설,경상북도 예천군 지보면 어신3길 46-78,-,84,21,2,1,-,아니오,아니오,아니오
예천군,36.5872881,128.4137136,송평(고실)경로당,특정계층이용시설,경상북도 예천군 지보면 송평길 4,-,95,24,2,1,-,아니오,아니오,아니오
예천군,36.5723953,128.4008512,오송경로당,특정계층이용시설,경상북도 예천군 지보면 오송길 166,-,77,19,2,1,-,예,예,아니오
칠곡군,36.043917,128.37712,교1(향교)경로당,특정계층이용시설,"경상북도 칠곡군 약목면 교1길  109-3, 교1리향교마을경로당",-,113.8,20,1,1,-,아니오,아니오,아니오
칠곡군,36.00782,128.385511,관호3(외야)경로당,특정계층이용시설,경상북도 칠곡군 약목면 관호6길  21,-,99,35,2,1,-,아니오,아니오,아니오
칠곡군,35.987504,128.3740237,죽전1리대밭경로당,특정계층이용시설,경상북도 칠곡군 기산면 대밭골1길 18-1,-,180.19,50,2,1,-,아니오,아니오,아니오
칠곡군,35.982645,128.383182,강정경로당,특정계층이용시설,"경상북도 칠곡군 기산면 강정길  6 , 죽전1리강정마을경로당",-,171.82,50,1,1,-,아니오,아니오,아니오
칠곡군,35.988409,128.3826068,죽전2리샛터경로당,특정계층이용시설,경상북도 칠곡군 기산면 죽전2길 16,-,72,20,1,1,-,아니오,아니오,아니오
칠곡군,36.101757,128.488379,학하1리경로당,특정계층이용시설,경상북도 칠곡군 가산면 학신로  39-1,-,128,32,1,1,-,아니오,아니오,아니오
칠곡군,36.0726094,128.4358739,성곡리웃골경로당,특정계층이용시설,경상북도 칠곡군 석적읍 유학로 249,-,95.58,28,1,1,-,아니오,아니오,아니오
영덕군,36.2912098,129.3715722,부흥3리경로당,특정계층이용시설,경상북도 영덕군 남정면 부흥길 34,-,58,18,2,1,-,아니오,아니오,아니오
고령군,35.812478,128.188642,백1리경로당,특정계층이용시설,경상북도 고령군 덕곡면 백리1길 26-27 (백1리마을회관),-,87.93,27,1,1,-,아니오,아니오,아니오
고령군,35.811326,128.205212,백2리경로당,특정계층이용시설,경상북도 고령군 덕곡면 백리로 280,-,90.7,27,1,1,-,아니오,아니오,아니오
고령군,35.767363,128.183539,옥계경로당,특정계층이용시설,경상북도 고령군 덕곡면 야로덕곡로 506 (옥계리마을회관),-,90.9,27,1,1,-,아니오,아니오,아니오
고령군,35.770459,128.1887206,무릉리경로당,특정계층이용시설,경상북도 고령군 덕곡면 무릉동길 19-16,-,66,20,1,1,-,아니오,아니오,아니오
고령군,35.776869,128.196877,용흥리경로당,특정계층이용시설,경상북도 고령군 덕곡면 용흥길 43,-,92.4,28,1,1,-,아니오,아니오,아니오
고령군,35.77176,128.20154,오리경로당,특정계층이용시설,경상북도 고령군 덕곡면 오리동길 38,-,67.99,21,1,1,-,아니오,아니오,아니오
영덕군,36.4876301,129.1919834,원전쟁골경로당,특정계층이용시설,경상북도 영덕군 지품면 원전1길 41-1,-,72.35,10,3,1,-,아니오,아니오,아니오
청도군,35.7201477,128.5795802,금천리,특정계층이용시설,경상북도 청도군 각북면 각북금천1길 4,-,91.2,22,3,1,-,아니오,아니오,아니오
안동시,36.4899973,128.81239,추목원추목경로당,특정계층이용시설,경상북도 안동시 임하면 추목다낭길 15-5,-,99.7,30,2,2,-,아니오,아니오,아니오
경주시,35.9905,129.220076,양월5리마을회관,특정계층이용시설,경상북도 경주시 안강읍 비화중로3길  14,-,340,103,2,2,-,아니오,아니오,아니오
청송군,36.376162,129.025274,노래2리경로당,특정계층이용시설,경상북도 청송군 안덕면 신노래길 2-29,-,60,18,2,1,-,아니오,아니오,아니오
김천시,36.193406,128.2610585,서당마경로당(할머니),특정계층이용시설,경상북도 김천시 아포읍 예리길 291,-,41,10,1,1,-,아니오,아니오,예
청송군,36.353619,128.994765,원지소경로당,특정계층이용시설,경상북도 청송군 안덕면 백석탄로 487-5,-,105,46,2,1,-,아니오,아니오,아니오
청송군,36.360427,128.978809,고와리경로당,특정계층이용시설,경상북도 청송군 안덕면 고와길 18,-,83,25,2,1,-,아니오,아니오,아니오
청송군,36.273925,128.953234,복1리경로당(송운),특정계층이용시설,경상북도 청송군 안덕면 성덕댐로 1618,-,140,42,2,1,-,아니오,아니오,아니오
문경시,36.5883534,128.1977436,거산경로당,특정계층이용시설,"경상북도 문경시 신흥로 74 (점촌동, 거산으뜸아파트)",-,90,40,1,1,-,-,아니오,-
문경시,36.590563,128.1944686,중신기경로당,특정계층이용시설,경상북도 문경시 여고길 6 (모전동),-,66,30,1,1,-,아니오,아니오,아니오
문경시,36.5906013,128.194607,애경경로당,특정계층이용시설,경상북도 문경시 모전동 여고길  4-1  (모전동),-,66,50,1,1,-,아니오,아니오,아니오
청송군,36.2781742,128.8959602,구산1리경로당,특정계층이용시설,경상북도 청송군 현서면 구산북로 90,-,157,48,2,1,-,아니오,아니오,아니오
청송군,36.2731467,128.897827,구산2리경로당,특정계층이용시설,경상북도 청송군 현서면 구산북로 31,-,99,30,2,1,-,아니오,아니오,아니오
청송군,36.2778131,128.8938707,구평경로당,특정계층이용시설,경상북도 청송군 현서면 구평길 7-3,-,67,20,2,1,-,아니오,아니오,아니오
청송군,36.2897739,128.9594856,안덕면(분회)경로당,특정계층이용시설,경상북도 청송군 안덕면 안마길 6,-,237,72,2,1,-,아니오,아니오,아니오
청송군,36.3007,128.9625,명당3리경로당,특정계층이용시설,경상북도 청송군 안덕면 안현로 345,-,69,21,2,1,-,아니오,아니오,아니오
청송군,36.292,128.947689,감은1리경로당,특정계층이용시설,경상북도 청송군 안덕면 안현로 65,-,93,28,2,1,-,아니오,아니오,아니오
고령군,35.659145,128.328509,대곡1리경로당,특정계층이용시설,경상북도 고령군 우곡면한실길 69,-,134.12,41,1,1,-,아니오,아니오,아니오
고령군,35.663967,128.324416,대곡2리경로당,특정계층이용시설,경상북도 고령군 우곡면하라길 35-7,-,87.45,26,1,1,-,아니오,아니오,아니오
고령군,35.670892,128.303102,사전리경로당,특정계층이용시설,경상북도 고령군 우곡면사전1길 9-3,-,94.92,29,1,1,-,아니오,아니오,아니오
고령군,35.685061,128.327679,야정1리경로당,특정계층이용시설,경상북도 고령군 우곡면야정1길 100,-,83.22,25,1,1,-,아니오,아니오,아니오
고령군,35.67864,128.328654,야정2리경로당,특정계층이용시설,경상북도 고령군 우곡면야정2길 23,-,91.46,28,1,1,-,아니오,아니오,아니오
고령군,35.686536,128.314058,속리경로당,특정계층이용시설,경상북도 고령군 우곡면속리길 72,-,102.25,31,1,1,-,아니오,아니오,아니오
고령군,35.697077,128.326614,사촌경로당,특정계층이용시설,경상북도 고령군 우곡면 우곡로  1164,-,141.66,43,1,1,-,아니오,아니오,아니오
안동시,36.560552,128.752536,용상동용성경로당,특정계층이용시설,경상북도 안동시 용상동 용상북길  116   (용상동),-,105.11,8,3,2,-,아니오,아니오,아니오
의성군,36.4321834,128.519334,검곡리(방등골)경로당,특정계층이용시설,경상북도 의성군 신평면 검곡1길 12,-,40,8,1,1,-,아니오,아니오,아니오
의성군,36.4189212,128.3677742,신락2리굿마경로당,특정계층이용시설,경상북도 의성군 다인면 신락2길 247,-,19.83,4,1,1,-,-,-,-
안동시,36.5588621,128.7534088,중들제일경로당,특정계층이용시설,경상북도 안동시 중들2길 11-5 (용상동),-,83.31,30,2,1,-,아니오,아니오,아니오
예천군,36.6365526,128.4211609,상동리경로당,특정계층이용시설,경상북도 예천군 예천읍 상동길 18-3,-,35,8,1,1,-,아니오,아니오,아니오
예천군,36.656068,128.4506151,서본1리경로당,특정계층이용시설,경상북도 예천군 예천읍 군청길 4,-,45,25,3,1,-,아니오,아니오,아니오
성주군,35.915,128.354214,오도리경로당,특정계층이용시설,경상북도 성주군 선남면 오도1길  28,-,64,30,3,1,-,아니오,아니오,아니오
예천군,36.6500612,128.4453628,이원퍼스트경로당,특정계층이용시설,경상북도 예천군 예천읍 충효로 209-9 (이원 퍼스트),-,84,19,3,1,-,아니오,아니오,아니오
봉화군,36.911115,129.027002,임기2리마을회관앞,야외시설,경상북도 봉화군 소천면 죽미길 28-9,-,60,10,정보없음,정보없음,-,아니오,아니오,아니오
봉화군,36.937733,129.003114,소천면사무소앞쉼터,야외시설,경상북도 봉화군 소천면 소천로 1272-1,-,60,10,정보없음,정보없음,-,아니오,아니오,아니오
안동시,36.5393595,128.8098401,포진경로당,특정계층이용시설,경상북도 안동시 경동로 1523,-,90.3,30,2,2,-,아니오,아니오,아니오
상주시,36.4326213,127.9682216,판곡2리마을회관,특정계층이용시설,경상북도 상주시 화동면 서대산로 570,-,72,19,2,1,-,아니오,아니오,아니오
안동시,36.5569939,128.7562328,중평경로당,특정계층이용시설,경상북도 안동시 중들8길 13,-,77.36,30,2,1,-,아니오,아니오,아니오
청송군,36.473206,129.069473,옹점리경로당,특정계층이용시설,경상북도 청송군 파천면 옹점길 23,-,82,25,2,1,-,아니오,아니오,아니오
청송군,36.513516,129.017463,후평2리경로당,특정계층이용시설,경상북도 청송군 진보면 돈골신법길 153,-,74,22,2,1,-,아니오,아니오,아니오
울진군,37.1309166,129.3598078,나곡리경로당,특정계층이용시설,경상북도 울진군 북면태봉길 60,-,108,5,1,1,-,아니오,아니오,아니오
성주군,35.918409,128.281962,경산3리경로당,특정계층이용시설,경상북도 성주군 성주읍 성주여중고길 1-10,-,90,22,2,1,-,아니오,아니오,아니오
고령군,35.801244,128.172274,노2리경로당,특정계층이용시설,경상북도 고령군 덕곡면 노리2길 56 (노2리마을회관),-,78.6,24,1,1,-,아니오,아니오,아니오
예천군,36.613937,128.494619,직산2리경로당,특정계층이용시설,경상북도 예천군 호명읍 하간산길 1,-,41,10,1,1,-,아니오,아니오,아니오
성주군,35.917485,128.280164,경산4리경로당,특정계층이용시설,"경상북도 성주군 성주읍 경산2길  53-8, 경산4리마을회관",-,91,22,2,1,-,아니오,아니오,아니오
안동시,36.4575801,128.8949367,천지3리경로당,특정계층이용시설,경상북도 안동시 길안면 천지안길  71,-,90.21,25,3,2,-,아니오,아니오,아니오
안동시,36.4337201,128.8949986,만음1리경로당,특정계층이용시설,경상북도 안동시 길안면 만음길  6-1,-,98.4,9,3,2,-,아니오,아니오,아니오
청송군,36.316682,128.988138,신성1리경로당,특정계층이용시설,경상북도 청송군 안덕면 안현로 634-53,-,86,26,2,1,-,아니오,아니오,아니오
청송군,36.32797,128.983421,신성2리경로당,특정계층이용시설,경상북도 청송군 안덕면 진골길 11,-,94,28,2,1,-,아니오,아니오,아니오
청송군,36.310258,128.983759,섭재경로당,특정계층이용시설,경상북도 청송군 안덕면 안현로 571-6,-,86,30,2,1,-,아니오,아니오,아니오
청도군,35.7176347,128.5952684,지슬2리,특정계층이용시설,경상북도 청도군 각북면 지슬3길 13,-,135.8,33,2,1,-,아니오,아니오,아니오
예천군,36.733528,128.513557,현내리경로당,특정계층이용시설,경상북도 예천군 감천면 현내2길 7,-,92,23,1,1,-,아니오,아니오,아니오
예천군,36.759265,128.5351081,돈산리경로당,특정계층이용시설,경상북도 예천군 감천면 산동길 94,-,178,44,1,1,-,아니오,아니오,아니오
고령군,35.730064,128.263339,명일경로당,특정계층이용시설,경상북도 고령군 대가야읍 주산순환길 106,-,383.5,116,1,1,-,아니오,아니오,아니오
고령군,35.776172,128.225131,본리1리경로당,특정계층이용시설,경상북도 고령군 덕곡면 인곡길 16 (인곡회관),-,102.18,31,1,1,-,아니오,아니오,아니오
예천군,36.740568,128.56295,미석1리경로당,특정계층이용시설,경상북도 예천군 감천면 미석1길 86,-,89,22,1,1,-,아니오,아니오,아니오
예천군,36.7273584,128.5403514,대맥1리경로당,특정계층이용시설,경상북도 예천군 감천면 대산길 147,-,96,23,1,1,-,아니오,아니오,아니오
예천군,36.725834,128.553215,대맥2(새실)경로당,특정계층이용시설,경상북도 예천군 감천면 새실길 16,-,75,18,1,1,-,아니오,아니오,아니오
칠곡군,36.012126,128.586291,남원2리경로당,특정계층이용시설,경상북도 칠곡군 동명면 남원로3길  9,-,77.1,19,1,1,-,아니오,아니오,아니오
칠곡군,36.009823,128.594594,기성1리경로당,특정계층이용시설,"경상북도 칠곡군 동명면 기성1길  28 , 기성1리마을회관",-,162.75,41,2,1,-,아니오,아니오,아니오
칠곡군,36.003904,128.595914,기성2리경로당,특정계층이용시설,경상북도 칠곡군 동명면 기성4길  16,-,119.35,30,1,1,-,아니오,아니오,아니오
칠곡군,35.981908,128.572716,구덕리경로당,특정계층이용시설,경상북도 칠곡군 동명면 구덕길  30,-,154.27,39,2,1,-,아니오,아니오,아니오
칠곡군,35.970177,128.552585,봉암경로당,특정계층이용시설,"경상북도 칠곡군 동명면 봉암1길  5 , 봉암리경로당",-,197.94,49,1,1,-,아니오,아니오,아니오
칠곡군,36.046225,128.519078,다부1리경로당,특정계층이용시설,경상북도 칠곡군 가산면 다부원2길  27,-,142,35,1,1,-,아니오,아니오,아니오
예천군,36.7161735,128.5326061,장산1리경로당,특정계층이용시설,경상북도 예천군 감천면 장산1길 43,-,31,7,1,1,-,아니오,아니오,아니오
예천군,36.5233418,128.3169651,흔효2경로당,특정계층이용시설,경상북도 예천군 풍양면 풍지로 160,-,83,20,1,1,-,아니오,아니오,아니오
성주군,35.846584,128.340559,구룡경로당,특정계층이용시설,"경상북도 성주군 용암면 상언1길  44-15, 상언1리 마을회관",-,142.7,36,1,1,-,아니오,아니오,아니오
봉화군,36.8902508,128.7334867,내성4리경로당,특정계층이용시설,경상북도 봉화군 봉화읍 꽃동네길 19-6,-,72,18,2,1,-,아니오,아니오,아니오
봉화군,36.983949,128.7400313,오록1리경로당,특정계층이용시설,경상북도 봉화군 물야면 오록2길 63,-,99,25,3,1,-,아니오,아니오,아니오
상주시,36.4519,128.1867,중덕노인정,특정계층이용시설,경상북도 상주시  중덕길  47   (중덕동),-,105,30,3,2,-,아니오,아니오,아니오
상주시,36.4560526,128.186792,어덕경로당,특정계층이용시설,경상북도 상주시 어덕길 52,-,153,33,3,1,-,아니오,아니오,아니오
청도군,35.6459541,128.6272189,명대2리,특정계층이용시설,경상북도 청도군 각북면 명대길 73,-,152.7,38,3,1,-,아니오,아니오,아니오
예천군,36.590551,128.487999,갈음밭경로당,특정계층이용시설,경상북도 예천군 호명읍 갈음밭길 72,-,32,8,1,1,-,아니오,아니오,아니오
예천군,36.611658,128.47446,형호(저울리)경로당,특정계층이용시설,경상북도 예천군 호명읍 형호길 85,-,76,19,1,1,-,아니오,아니오,아니오
예천군,36.5940392,128.4691094,오천리경로당,특정계층이용시설,경상북도 예천군 호명읍 오천길 12-2,-,44,11,1,1,-,아니오,아니오,아니오
안동시,36.3917647,128.9312198,금곡리미천경로당,특정계층이용시설,경상북도 안동시 길안면 미내소일길  42,-,82.5,28,2,1,-,아니오,아니오,아니오
예천군,36.5923101,128.4531603,백송리경로당,특정계층이용시설,경상북도 예천군 호명읍 백송길 10,-,96,24,1,1,-,아니오,아니오,아니오
예천군,36.609663,128.524617,직산1리경로당,특정계층이용시설,경상북도 예천군 호명읍 피실길 5,-,96,24,1,1,-,아니오,아니오,아니오
고령군,35.727761,128.269326,고아1리경로당,특정계층이용시설,경상북도 고령군 대가야읍 고헌3길 11-6,-,68,21,1,1,-,아니오,아니오,아니오
포항시,36.0314982,129.3772076,송도동부어르신마을쉼터,특정계층이용시설,경상북도 포항시 남구 송림로22번길 12-4 (송도동),-,269,82,1,1,-,아니오,아니오,아니오
예천군,36.6158834,128.4360853,신동경로당,특정계층이용시설,경상북도 예천군 호명읍 내신1길 110,-,66,16,1,1,-,아니오,아니오,아니오
안동시,36.577536,128.575363,하리2리경로당,특정계층이용시설,경상북도 안동시 풍산읍장터중앙길 7-3,-,202.8,99,4,1,-,아니오,아니오,아니오
포항시,36.032214,129.3746446,송도부인마을쉼터,특정계층이용시설,경상북도 포항시 남구 송림로31번길 7-6 (송도동),-,82,25,1,1,-,아니오,아니오,아니오
포항시,36.0710042,129.188386,고지2리마을쉼터,특정계층이용시설,경상북도 포항시 북구 기계면 고지길 41,-,54,16,1,1,-,아니오,아니오,아니오
경주시,35.76192,129.010221,신원1리마을회관,특정계층이용시설,"경상북도 경주시 산내면 오봉로  27-20, 신원1리마을회관",-,102,31,1,1,-,아니오,아니오,아니오
경주시,35.716057,129.073201,대현2리마을회관,특정계층이용시설,"경상북도 경주시 산내면 대현길  210 , 대현2리마을회관",-,97,29,1,1,-,아니오,아니오,아니오
포항시,35.8809917,129.460114,월산마을쉼터,특정계층이용시설,경상북도 포항시 남구 장기면 초롱구비길 138-6,-,89,27,1,1,-,아니오,아니오,아니오
포항시,35.9316716,129.4910555,학곡리마을쉼터,특정계층이용시설,경상북도 포항시 남구 장기면 학삼길79번길 75,-,95,29,1,1,-,아니오,아니오,아니오
예천군,36.612648,128.2814323,가야2리경로당,특정계층이용시설,경상북도 예천군 용궁면 강당길 38-9,-,31,7,2,1,-,아니오,아니오,아니오
예천군,36.59092,128.289273,무이1경로당,특정계층이용시설,경상북도 예천군 용궁면 무이서당길 133,-,34,8,2,1,-,아니오,아니오,아니오
포항시,35.9271347,129.4823651,창지2리마을쉼터,특정계층이용시설,경상북도 포항시 남구 장기면 장기로781번길 30,-,82,25,1,1,-,아니오,아니오,아니오
포항시,35.9074193,129.5140079,금곡리마을쉼터,특정계층이용시설,경상북도 포항시 남구 장기면 신창길191번길 110,-,112,34,1,1,-,아니오,아니오,아니오
포항시,35.9250774,129.5173487,대진리마을쉼터,특정계층이용시설,경상북도 포항시 남구 장기면 동해안로3936번길 25,-,99,30,2,1,-,아니오,아니오,아니오
포항시,35.8435101,129.5163414,두원리마을쉼터,특정계층이용시설,경상북도 포항시 남구 장기면 동해안로 2736,-,118,36,1,1,-,아니오,아니오,아니오
경주시,35.775603,129.018612,내칠2리경로당,특정계층이용시설,"경상북도 경주시 산내면 월항길  24-1, 내칠2리경로당",-,99,30,1,1,-,아니오,아니오,아니오
예천군,36.588211,128.28667,무이2경로당,특정계층이용시설,경상북도 예천군 용궁면 외무길 83-1 (무이2리노인회),-,30,7,2,1,-,아니오,아니오,아니오
예천군,36.5907351,128.309823,향석1경로당,특정계층이용시설,경상북도 예천군 용궁면 향석길 60,-,38,9,2,1,-,아니오,아니오,아니오
예천군,36.5778428,128.3009087,향석2경로당,특정계층이용시설,경상북도 예천군 용궁면 성저길 174-5,-,32,8,2,1,-,아니오,아니오,아니오
예천군,36.5972103,128.3109605,대은1경로당,특정계층이용시설,경상북도 예천군 용궁면 대은길 54,-,96,24,2,1,-,아니오,아니오,아니오
칠곡군,36.0603749,128.6133438,용수리경로당,특정계층이용시설,경상북도 칠곡군 가산면 용매로 414-34,-,106,26,1,1,-,아니오,아니오,아니오
칠곡군,36.054544,128.61623,묵은터경로당,특정계층이용시설,경상북도 칠곡군 가산면 가산로  1330-2,-,58,24,1,1,-,아니오,아니오,아니오
칠곡군,36.0651211,128.6079204,김남정경로당,특정계층이용시설,경상북도 칠곡군 가산면 용매로 496,-,67,27,1,1,-,아니오,아니오,아니오
경주시,35.717227,129.057092,범곡경로회관,특정계층이용시설,"경상북도 경주시 산내면 대현범골길  24-6, 대현1리범곡경로회관",-,76,23,1,1,-,아니오,아니오,아니오
포항시,36.0776597,129.2213385,화대리부녀마을쉼터,특정계층이용시설,경상북도 포항시 북구 기계면 화대길114번길 11,-,53,16,1,1,-,아니오,아니오,아니오
포항시,36.0723592,129.2067161,현내마을쉼터,특정계층이용시설,경상북도 포항시 북구 기계면 협동길 36,-,90,27,2,1,-,아니오,아니오,아니오
포항시,36.0888157,129.1667588,지가1리마을쉼터,특정계층이용시설,경상북도 포항시 북구 기계면 기계로 523,-,100,30,2,1,-,아니오,아니오,아니오
포항시,36.0876093,129.1527812,인비리부녀마을쉼터,특정계층이용시설,경상북도 포항시 북구 기계면 인비길 55,-,59,18,2,1,-,아니오,아니오,아니오
예천군,36.5887096,128.3202607,대은2리마을회관,특정계층이용시설,경상북도 예천군 용궁면 신당길 14,-,35,8,2,1,-,아니오,아니오,아니오
예천군,36.6119913,128.2984778,산택1경로당,특정계층이용시설,경상북도 예천군 용궁면 산택길 29-1,-,34,8,2,1,-,아니오,아니오,아니오
예천군,36.6250454,128.4180133,금리경로당,특정계층이용시설,경상북도 예천군 개포면 금동2길 3-4,-,81,20,1,1,-,예,예,아니오
예천군,36.6124603,128.410051,경진(노포)경로당,특정계층이용시설,경상북도 예천군 개포면 용개로 1470,-,123,30,1,1,-,예,예,아니오
고령군,35.741934,128.364771,안어실경로당,특정계층이용시설,경상북도 고령군 성산면 안어실길 105,-,92.51,28,1,1,-,아니오,아니오,아니오
청도군,35.6866161,128.658649,흥선리,특정계층이용시설,경상북도 청도군 이서면 흥선2길 69,-,180,45,2,1,-,아니오,아니오,아니오
청도군,35.6772086,128.6851171,고철1리,특정계층이용시설,경상북도 청도군 이서면 고철1길 1,-,97,24,2,1,-,아니오,아니오,아니오
포항시,36.0878441,129.1536352,인비리마을쉼터,특정계층이용시설,경상북도 포항시 북구 기계면 인비길 45,-,35,11,2,1,-,아니오,아니오,아니오
경주시,35.748156,129.127973,박달1리마을회관,특정계층이용시설,경상북도 경주시 내남면 내외로  2197-10,-,56.7,17,1,1,-,아니오,아니오,아니오
청도군,35.6869276,128.6869785,양원리,특정계층이용시설,경상북도 청도군 이서면 양원1길 70,-,85,21,2,1,-,아니오,아니오,아니오
경주시,35.768978,129.108371,비지1리경로당,특정계층이용시설,경상북도 경주시 내남면 학동2길  36,-,45.3,14,1,1,-,아니오,아니오,아니오
경주시,35.7761214,129.1695964,화곡1리마을회관,특정계층이용시설,경상북도 경주시 내남면 화계로 448,-,49.7,15,1,1,-,아니오,아니오,아니오
경주시,35.758083,129.046729,대한노인회산내분회,특정계층이용시설,"경상북도 경주시 산내면 의곡중앙길  29-2, 대한노인회",-,162,49,1,1,-,아니오,아니오,아니오
포항시,36.0598021,129.2140339,성계2리마을쉼터,특정계층이용시설,경상북도 포항시 북구 기계면 성계길35번길 18-5,-,59,18,1,1,-,아니오,아니오,아니오
포항시,36.0512392,129.2208795,성계1리마을쉼터,특정계층이용시설,경상북도 포항시 북구 기계면 성계길176번길 3,-,46,14,1,1,-,아니오,아니오,아니오
포항시,36.034319,129.3729411,송도마을쉼터,특정계층이용시설,경상북도 포항시 남구 송도로 19-5 (송도동),-,83,25,1,1,-,아니오,아니오,아니오
포항시,35.9914988,129.4050813,찬내어르신쉼터,특정계층이용시설,경상북도 포항시 남구 정몽주로861번길 13,-,165,42,1,1,-,아니오,아니오,아니오
청도군,35.7004312,128.6739188,신촌1리(신일),특정계층이용시설,경상북도 청도군 이서면 마곡길 17-3,-,85,21,2,1,-,아니오,아니오,아니오
포항시,35.9755883,129.4168238,용덕5리마을쉼터,특정계층이용시설,경상북도 포항시 남구 오천읍 정몽주로646번길 25,-,136,41,1,1,-,아니오,아니오,아니오
포항시,35.9393763,129.3905158,보광그린파크,특정계층이용시설,경상북도 포항시 남구 오천읍 오어로 303 (보광그린파크),-,110,33,1,1,-,아니오,아니오,아니오
포항시,35.9936422,129.4059804,청림마을쉼터,특정계층이용시설,경상북도 포항시 남구 청림남길 37 (청림동),-,177,54,1,1,-,아니오,아니오,아니오
포항시,35.9971818,129.4094375,몰개월부인마을쉼터,특정계층이용시설,경상북도 포항시 남구 청림서길 43-1 (청림동),-,78,24,2,1,-,아니오,아니오,아니오
포항시,35.9945738,129.4191699,일월마을쉼터,특정계층이용시설,경상북도 포항시 남구 청림동길 42 (일월동),-,233,71,1,1,-,아니오,아니오,아니오
포항시,35.9903781,129.4051108,진달래마을쉼터,특정계층이용시설,"경상북도 포항시 남구 정몽주로861번길 19 (청림동, 진달래1차아파트)",-,36,11,1,1,-,아니오,아니오,아니오
포항시,35.9922611,129.4026872,진달래2차마을쉼터,특정계층이용시설,"경상북도 포항시 남구 정몽주로879번길 28 (청림동, 진달래아파트)",-,44,13,1,1,-,아니오,아니오,아니오
포항시,35.9972119,129.4094001,몰개월마을쉼터(남자),특정계층이용시설,경상북도 포항시 남구 청림서길 43-1 (청림동),-,78,24,1,1,-,아니오,아니오,아니오
고령군,35.727375,128.2760534,장기리회화경로당,특정계층이용시설,경상북도 고령군 대가야읍 장기터길 15-15,-,66.6,20,1,1,-,아니오,아니오,아니오
문경시,36.5922664,128.273237,왕태1리경로당,특정계층이용시설,경상북도 문경시 영순면 왕태1길 69,-,85,50,2,1,-,아니오,아니오,아니오
문경시,36.5904661,128.2668655,왕태2리경로당,특정계층이용시설,경상북도 문경시 영순면 왕태2길 5,-,85,40,2,1,-,아니오,아니오,-
문경시,36.5769533,128.2710095,오룡리경로당,특정계층이용시설,경상북도 문경시 영순면 오룡길 17,-,85,30,2,1,-,아니오,아니오,-
고령군,35.715398,128.287127,알터경로당,특정계층이용시설,경상북도 고령군 대가야읍 윗알터길 10-2,-,68.4,21,1,1,-,아니오,아니오,아니오
고령군,35.757222,128.231549,섬마경로당,특정계층이용시설,경상북도 고령군 대가야읍 섬마길 24,-,66.42,20,1,1,-,아니오,아니오,아니오
고령군,35.7334236,128.2669795,수정아파트경로당,특정계층이용시설,경상북도 고령군 대가야읍 주산순환길 157 (수정아파트),-,67.9,21,1,1,-,아니오,아니오,아니오
고령군,35.778685,128.232367,덕곡면분회,특정계층이용시설,경상북도 고령군 덕곡면 덕운로 558-3,-,83.16,25,1,1,-,아니오,아니오,아니오
고령군,35.78467,128.214307,가륜1리경로당,특정계층이용시설,경상북도 고령군 덕곡면 새밤길 49,-,49.65,15,1,1,-,아니오,아니오,아니오
문경시,36.5702886,128.2655458,금림1리경로당,특정계층이용시설,경상북도 문경시 영순면 금림길 72,-,85,30,2,1,-,아니오,아니오,-
봉화군,36.854969,128.737003,가곡2리회관쉼터,야외시설,경상북도 봉화군 상운면 아랫반송길 3,-,60,10,정보없음,정보없음,-,아니오,아니오,아니오
고령군,35.792873,128.211744,가륜2리경로당,특정계층이용시설,경상북도 고령군 덕곡면 가륜장길 11,-,73.42,22,1,1,-,아니오,아니오,아니오
고령군,35.785976,128.208919,원송경로당,특정계층이용시설,경상북도 고령군 덕곡면 기동길 68,-,72,22,1,1,-,아니오,아니오,아니오
고령군,35.791266,128.205724,심어동경로당,특정계층이용시설,경상북도 고령군 덕곡면 심어동길 8,-,96.37,29,1,1,-,아니오,아니오,아니오
고령군,35.799707,128.197284,노1리경로당,특정계층이용시설,경상북도 고령군 덕곡면 노리1길 45 (노1리마을회관),-,146.21,44,1,1,-,아니오,아니오,아니오
포항시,35.9722599,129.4176136,용덕1리마을쉼터,특정계층이용시설,경상북도 포항시 남구 오천읍 정몽주로616번길 25-1,-,63,19,1,1,-,아니오,아니오,아니오
김천시,36.0134738,127.9972391,산정경로당,특정계층이용시설,경상북도 김천시 구성면 마산로 380,-,73.72,20,2,1,-,아니오,아니오,아니오
포항시,35.9895115,129.3968935,제철마을쉼터,특정계층이용시설,"경상북도 포항시 남구 인덕로 53 (인덕동, 인덕빌라)",-,79,24,1,1,-,아니오,아니오,아니오
경산시,35.79324,128.83738,남산면사무소정자,야외시설,경상북도 경산시 남산면 하남로 323,-,20,2,정보없음,정보없음,-,-,-,-
포항시,35.9686468,129.4145887,용덕3리마을쉼터,특정계층이용시설,경상북도 포항시 남구 오천읍 해병로301번길 19-30,-,97,29,1,1,-,아니오,아니오,아니오
포항시,35.9824001,129.407142,우방2차신세계마을쉼터,특정계층이용시설,경상북도 포항시 남구 오천읍 해병로 127 (우방신세계타운2차),-,42,13,1,1,-,아니오,아니오,아니오
포항시,35.9801018,129.4114968,구정3리마을쉼터,특정계층이용시설,경상북도 포항시 남구 오천읍 정몽주로 703,-,56,17,1,1,-,아니오,아니오,아니오
경주시,35.716268,129.01244,일부1리경로당,특정계층이용시설,경상북도 경주시 산내면 외칠일부길  706,-,97,29,1,1,-,아니오,아니오,아니오
포항시,35.9806792,129.4123891,"제일2,3차마을쉼터",특정계층이용시설,경상북도 포항시 남구 오천읍 정몽주로 702 (오천제일맨션),-,49,15,1,1,-,아니오,아니오,아니오
포항시,35.9539378,129.362388,대각1리마을쉼터,특정계층이용시설,경상북도 포항시 남구 대송면 운제로386번길 9-7,-,100,30,1,1,-,아니오,아니오,아니오
영덕군,36.4449265,129.4210023,매정1리경로당겸마을회관,특정계층이용시설,경상북도 영덕군 영덕읍 매정길 225,-,68,17,2,1,-,아니오,아니오,아니오
안동시,36.5411096,128.7118264,수상1동경로당,특정계층이용시설,경상북도 안동시 수상동 마지1길  230-9  (수상동),-,72.6,28,3,1,-,아니오,아니오,아니오
안동시,36.540538,128.695898,수하1경로당,특정계층이용시설,경상북도 안동시 수하동 무주무3길  28-9  (수하동),-,132,43,5,1,-,아니오,아니오,아니오
성주군,35.946111,128.251878,용성1경로당,특정계층이용시설,"경상북도 성주군 초전면 용성길  124-1, 용성1리마을회관",-,112,34,2,1,-,아니오,아니오,아니오
안동시,36.4594968,128.6644572,망호3리경로당,특정계층이용시설,경상북도 안동시 일직면 성남길 94,-,106.16,42,2,1,-,아니오,아니오,아니오
안동시,36.4362524,128.622375,평팔1리경로당,특정계층이용시설,경상북도 안동시 일직면 월박오랫길 297,-,133.65,33,2,2,-,아니오,아니오,아니오
포항시,35.8989949,129.500162,마현리마을쉼터,특정계층이용시설,경상북도 포항시 남구 장기면 신창길49번길 12,-,89,27,1,1,-,아니오,아니오,아니오
포항시,36.0130805,129.3664967,대해마을쉼터,특정계층이용시설,경상북도 포항시 남구 문예로70번길 19-12 (대도동),-,92,40,5,2,-,아니오,아니오,아니오
포항시,36.02494,129.3658589,상대2동마을쉼터,특정계층이용시설,경상북도 포항시 남구 중앙로121번길 21-4 (대도동),-,191,50,4,2,-,아니오,아니오,아니오
포항시,36.0177426,129.3654983,한마음마을쉼터,특정계층이용시설,경상북도 포항시 남구 포스코대로377번길 21 (대도동),-,95,35,2,1,-,아니오,아니오,아니오
포항시,36.0166012,129.3577543,섬안마을쉼터,특정계층이용시설,경상북도 포항시 남구 중흥로162번길 32-3 (상도동),-,82,40,4,3,-,아니오,아니오,아니오
포항시,36.0106119,129.3536727,상도마을쉼터,특정계층이용시설,경상북도 포항시 남구 상도로16번길 11-6 (상도동),-,89,30,2,1,-,아니오,아니오,아니오
포항시,35.9323062,129.5286511,모포1리마을쉼터,특정계층이용시설,경상북도 포항시 남구 장기면 모포길 118,-,115,35,1,1,-,아니오,아니오,아니오
포항시,35.9323014,129.5210813,모포2리마을쉼터,특정계층이용시설,경상북도 포항시 남구 장기면 모포길 28,-,112,34,1,1,-,아니오,아니오,아니오
포항시,35.9159773,129.455239,방산2리마을쉼터,특정계층이용시설,경상북도 포항시 남구 장기면 방산로 599,-,100,30,1,1,-,아니오,아니오,아니오
김천시,36.152202,128.027555,평촌경로당,특정계층이용시설,경상북도 김천시 봉산면태화3길 17,-,96.15,20,2,1,-,아니오,아니오,아니오
봉화군,36.803299,128.812341,임당쉼터,야외시설,경상북도 봉화군 상운면 임당길 248,-,60,10,정보없음,정보없음,-,아니오,아니오,아니오
봉화군,36.857168,128.774804,소야회관쉼터,야외시설,경상북도 봉화군 상운면 소야길 23,-,60,10,정보없음,정보없음,-,아니오,아니오,아니오
포항시,35.9996587,129.3426949,형산강변타운경로당,특정계층이용시설,경상북도 포항시 남구 연일읍 연일로 130 (형산강변타운),-,81,25,1,1,-,아니오,아니오,아니오
포항시,35.9651517,129.4124369,문덕4리할머니,특정계층이용시설,경상북도 포항시 남구 오천읍 해병로337번길 20,-,104,32,1,1,-,아니오,아니오,아니오
포항시,35.9651348,129.4124638,문덕4리마을쉼터,특정계층이용시설,경상북도 포항시 남구 오천읍 해병로337번길 20,-,132,40,1,1,-,아니오,아니오,아니오
김천시,36.1851449,128.1291955,중왕2리어모경로당,특정계층이용시설,경상북도 김천시 어모면 중왕길 82-21,-,160,40,2,1,-,-,-,예
김천시,36.1515441,128.0471589,예지2리(내립석)경로당,특정계층이용시설,경상북도 김천시 봉산면 예지3길 207-7,-,84,21,2,1,-,아니오,아니오,예
김천시,36.1430311,128.0515519,예지2리율리경로당,특정계층이용시설,경상북도 김천시 봉산면 예지2길 5,-,108,27,2,1,-,아니오,아니오,예
김천시,36.1459171,128.063271,신리경로당,특정계층이용시설,경상북도 김천시 봉산면 봉계길 122,-,120,30,2,1,-,아니오,아니오,예
포항시,36.0069755,129.3191104,유강우방타운경로당,특정계층이용시설,경상북도 포항시 남구 연일읍 유강길 32 (유강우방타운),-,59,18,1,1,-,아니오,아니오,아니오
포항시,36.0078842,129.3183884,유강원동경로당,특정계층이용시설,경상북도 포항시 남구 연일읍 유강길 50,-,100,30,1,1,-,아니오,아니오,아니오
포항시,35.9818032,129.3633614,제내부녀마을쉼터,특정계층이용시설,경상북도 포항시 남구 대송면 제내길47번길 8,-,106,32,1,1,-,아니오,아니오,아니오
포항시,35.95844,129.346322,장동마을쉼터,특정계층이용시설,경상북도 포항시 남구 대송면 장동홍계길220번길 3 (장동2리경로당),-,39,12,2,1,-,아니오,아니오,아니오
포항시,35.968339,129.362414,송동마을쉼터,특정계층이용시설,경상북도 포항시 남구 대송면 운제로 225,-,52,16,2,1,-,아니오,아니오,아니오
경주시,35.8586592,129.2912239,손곡동마을회관,특정계층이용시설,경상북도 경주시 손곡1길 9 (손곡동),-,93,28,2,2,-,아니오,아니오,아니오
경주시,35.824281,129.343387,황용경로당,특정계층이용시설,경상북도 경주시  절골안길  2   (황용동),-,91,28,2,1,-,아니오,아니오,아니오
성주군,35.956151,128.316595,안포3리경로당,특정계층이용시설,"경상북도 성주군 월항면 안포길  119-2, 상포마을회관",-,89,22,2,1,-,아니오,아니오,아니오
경주시,35.815541,129.363998,추원모차골마을회관,특정계층이용시설,경상북도 경주시  추원길  90   (황용동),-,67,20,2,2,-,아니오,아니오,아니오
구미시,36.209168,128.323695,화개공원,야외시설,경상북도 구미시 고아읍 들성로 173-24,-,56.5,9,정보없음,정보없음,-,아니오,아니오,아니오
구미시,36.151935,128.327425,평성공원,야외시설,경상북도 구미시 고아읍 관심5길 19-13,-,7.7,2,정보없음,정보없음,-,아니오,아니오,아니오
포항시,36.0703311,129.3737902,대방한양경로당,특정계층이용시설,"경상북도 포항시 북구 성실로 66-11 (장성동, 대방한양아파트)",-,96,29,2,1,-,아니오,아니오,아니오
문경시,36.611844,127.99653,연천2리마을회관정자,야외시설,경상북도 문경시 농암면 연천1길 13,-,20,4,정보없음,정보없음,-,-,-,-
포항시,35.978792,129.400246,원리마을쉼터,특정계층이용시설,경상북도 포항시 남구 오천읍 중원로82번길 42 (원1리마을회관),-,52,16,1,1,-,아니오,아니오,아니오
성주군,35.952679,128.317568,안포4리경로당,특정계층이용시설,경상북도 성주군 월항면 중포길  56-10,-,110,27,3,1,-,아니오,아니오,아니오
포항시,35.9612415,129.418314,한마음경로당,특정계층이용시설,경상북도 포항시 남구 오천읍 철강로830번길 21-1,-,100,30,1,1,-,아니오,아니오,아니오
포항시,35.9680389,129.4042651,원6리경로당,특정계층이용시설,경상북도 포항시 남구 오천읍 냉천로298번길 50 (우승하나빌),-,100,30,1,1,-,아니오,아니오,아니오
경주시,35.893495,129.042361,아화2리경로당,특정계층이용시설,"경상북도 경주시 서면 아화안장터길  51 , 야화2리경로당",-,98,30,1,1,-,아니오,아니오,아니오
경주시,35.888566,129.076986,운대2리경로당,특정계층이용시설,"경상북도 경주시 서면 부운길  2 , 운대2리경로당",-,172,52,3,2,-,아니오,아니오,아니오
포항시,36.0326636,129.3168759,그린어버이집마을쉼터,특정계층이용시설,경상북도 포항시 남구 지곡로328번길 17 (지곡동),-,69.3,39,1,1,-,아니오,아니오,아니오
울진군,36.7174366,129.3729288,금천1리경로당,특정계층이용시설,경상북도 울진군 온정면금천4길 25,-,55,50,1,1,-,아니오,아니오,아니오
포항시,35.97429,129.398727,부영5차경로당,특정계층이용시설,경상북도 포항시 남구 오천읍 중원로 71-30 (5차부영아파트501동),-,100,30,1,1,-,아니오,아니오,아니오
포항시,36.027957,129.3179129,그린빌라어버이집마을쉼터,특정계층이용시설,"경상북도 포항시 남구 지곡로211번길 50 (지곡동, 그린빌라)",-,138.6,45,1,3,-,아니오,아니오,아니오
영덕군,36.514941,129.396459,도곡2리(본동)경로당,특정계층이용시설,경상북도 영덕군 축산면신돌석장군1길 46-8,-,102.7,30,2,1,-,아니오,아니오,아니오
영덕군,36.520138,129.401008,도곡2리(망골)경로당,특정계층이용시설,경상북도 영덕군 축산면 신돌석장군2길 18,-,35.3,30,1,1,-,아니오,아니오,아니오
영덕군,36.507491,129.399072,상원리(본동)경로당,특정계층이용시설,경상북도 영덕군 축산면 상원길 94,-,100.8,30,3,1,-,아니오,아니오,아니오
포항시,36.0060124,129.3247943,효자2동마을쉼터,특정계층이용시설,경상북도 포항시 남구 유동길 42-1 (효자동),-,79.2,26,2,2,-,아니오,아니오,아니오
포항시,36.0899601,129.384533,양덕삼구트리니엔2차마을쉼터,특정계층이용시설,경상북도 포항시 북구 장량중앙로 30 (양덕동),-,115,35,1,1,-,아니오,아니오,아니오
경주시,35.829211,129.140186,광명고란마을경로당,특정계층이용시설,"경상북도 경주시  고란길  207-1, 광명고란마을회관 (광명동)",-,132.8,40,1,2,-,아니오,아니오,아니오
의성군,36.3759364,128.3827474,단밀면분회경로당,특정계층이용시설,경상북도 의성군 단밀면주속길 60,-,76.88,164,3,2,-,아니오,아니오,아니오
포항시,36.0878888,129.3935272,천년나무6단지경로당,특정계층이용시설,"경상북도 포항시 북구 장량중앙로100번길 1 (양덕동, 포항장량LH천년나무6단지아파트)",-,100,30,1,1,-,아니오,아니오,아니오
포항시,36.0879273,129.3957477,양덕트리니엔3차경로당,특정계층이용시설,"경상북도 포항시 북구 천마로 123 (양덕동, 양덕삼구트리니엔3차)",-,100,30,1,1,-,아니오,아니오,아니오
포항시,36.0920183,129.38249,장량휴먼시아마을쉼터,특정계층이용시설,"경상북도 포항시 북구 장량중앙로 17 (양덕동, 장량휴먼시아)",-,100,30,2,1,-,아니오,아니오,아니오
구미시,36.1069436,128.4014594,갓등경로당,특정계층이용시설,경상북도 구미시 3공단1로 275-40,-,87.6,22,4,1,-,아니오,아니오,아니오
상주시,36.2855731,128.092939,옥산2리마을회관,특정계층이용시설,경상북도 상주시 공성면 옥산4길 21,-,98,30,2,1,-,아니오,아니오,아니오
예천군,36.5315714,128.3408426,청곡2경로당,특정계층이용시설,경상북도 예천군 풍양면 청감길 17,-,141,35,1,1,-,아니오,아니오,아니오
포항시,35.9791552,129.3640141,제내1리마을쉼터,특정계층이용시설,경상북도 포항시 남구 대송면 제내길75번길 24,-,29,9,2,1,-,아니오,아니오,아니오
예천군,36.5180176,128.3302286,흔효1경로당,특정계층이용시설,경상북도 예천군 풍양면 흔전길 123,-,111,27,2,1,-,아니오,아니오,아니오
칠곡군,35.9825273,128.3974099,왜관16리경로당,특정계층이용시설,경상북도 칠곡군 왜관읍 자조1길 10 (칠곡왜관2단지주공아파트),-,99,50,1,1,-,아니오,아니오,아니오
칠곡군,36.003532,128.419633,석전1리경로당,특정계층이용시설,경상북도 칠곡군 왜관읍 석전로16길  45,-,32,30,2,1,-,아니오,아니오,아니오
칠곡군,36.003392,128.410658,석전2리경로당,특정계층이용시설,경상북도 칠곡군 왜관읍 석전로12길  22-4,-,172,50,2,2,-,아니오,아니오,아니오
예천군,36.6151797,128.4298621,담암리경로당,특정계층이용시설,경상북도 예천군 호명읍 담암길 64,-,79,19,1,1,-,아니오,아니오,아니오
예천군,36.6368286,128.4030308,화지경로당,특정계층이용시설,경상북도 예천군 유천면 화지1길 19,-,30,7,1,1,-,아니오,아니오,아니오
김천시,36.114044,128.0169483,상가경로당,특정계층이용시설,경상북도 김천시 대항면 황악로 1441-21,-,60,15,1,1,-,아니오,아니오,예
김천시,36.0709145,128.0163102,대성2리(창평)경로당,특정계층이용시설,경상북도 김천시 대항면 대성2길 54,-,104,26,1,1,-,아니오,아니오,예
김천시,36.1263369,128.0504696,대룡2리(행정)경로당,특정계층이용시설,경상북도 김천시 대항면 대룡로 56,-,120,30,1,1,-,아니오,아니오,예
김천시,36.1285911,128.0488749,대룡2리(용복)경로당,특정계층이용시설,경상북도 김천시 대항면 대룡1길 172-10,-,120,30,1,1,-,아니오,아니오,예
김천시,36.1312027,128.0280429,복전2리(복전)경로당,특정계층이용시설,경상북도 김천시 대항면 복전길 47,-,200,50,1,1,-,아니오,아니오,예
김천시,36.1312331,128.0059952,향천3리(묘내)경로당,특정계층이용시설,경상북도 김천시 대항면 향천3길 101,-,180,45,1,1,-,아니오,아니오,예
안동시,36.5553502,128.7509707,세영2차아파트,특정계층이용시설,"경상북도 안동시 중평길 55 (용상동, 안동시 용상동 세영리첼 2차 아파트)",-,77.36,30,3,1,-,아니오,아니오,아니오
예천군,36.5855526,128.3989066,수월1경로당,특정계층이용시설,경상북도 예천군 지보면 수월1길 32,-,84,21,2,1,-,아니오,아니오,아니오
예천군,36.5826379,128.3975713,평지마경로당,특정계층이용시설,경상북도 예천군 지보면 수월1길 68-1,-,81,20,1,1,-,아니오,아니오,아니오
예천군,36.5786836,128.377484,상월경로당,특정계층이용시설,경상북도 예천군 지보면 상월길 110,-,84,21,1,1,-,아니오,아니오,아니오
예천군,36.5117424,128.2996318,풍양면노인회관,특정계층이용시설,경상북도 예천군 풍양면 낙상1길 50-14,-,338,84,2,1,-,아니오,아니오,아니오
예천군,36.5371937,128.3159298,우망2리경로당,특정계층이용시설,경상북도 예천군 풍양면 우망길 161-15,-,70,17,2,1,-,예,예,아니오
포항시,36.2699762,129.3587361,지경3리마을쉼터,특정계층이용시설,경상북도 포항시 북구 송라면 지경길 66,-,86,26,1,1,-,아니오,아니오,아니오
포항시,36.2533616,129.3558304,대전1리마을쉼터,특정계층이용시설,경상북도 포항시 북구 송라면 대전길120번길 17,-,81,25,1,1,-,아니오,아니오,아니오
영주시,36.7909047,128.5770234,두전2리마을회관,특정계층이용시설,경상북도 영주시 장수면 장안로185번길 11,-,100,25,1,1,-,아니오,아니오,아니오
예천군,36.661669,128.482765,윗통명경로당,특정계층이용시설,경상북도 예천군 예천읍 땅골못길 33,-,79,19,1,1,-,아니오,아니오,아니오
예천군,36.672622,128.465951,우계리경로당,특정계층이용시설,경상북도 예천군 예천읍 광대원길 57,-,83,20,1,1,-,아니오,아니오,아니오
예천군,36.674734,128.467452,광대원경로당,특정계층이용시설,경상북도 예천군 예천읍 충효로 615,-,99,24,1,1,-,아니오,아니오,아니오
예천군,36.692825,128.488924,갈구1리경로당,특정계층이용시설,경상북도 예천군 예천읍 갈구1길 16-7,-,35,8,1,1,-,아니오,아니오,아니오
예천군,36.6849955,128.4713928,갈구2리경로당,특정계층이용시설,경상북도 예천군 예천읍 갈구2길 91,-,86,21,1,1,-,아니오,아니오,아니오
영덕군,36.3796274,129.3648142,원직2리,특정계층이용시설,경상북도 영덕군 강구면 직천2길  21,-,71,17,6,1,-,아니오,아니오,아니오
영덕군,36.3777729,129.3747252,소월리경로당,특정계층이용시설,경상북도 영덕군 강구면 소월1길 14,-,121,30,3,1,-,아니오,아니오,아니오
예천군,36.6511012,128.3592257,고림리경로당,특정계층이용시설,경상북도 예천군 유천면 고림1길 69,-,79,19,1,1,-,아니오,아니오,아니오
포항시,36.0837871,129.4164185,죽천2리마을쉼터,특정계층이용시설,경상북도 포항시 북구 흥해읍 죽천길 13,-,148,45,1,1,-,아니오,아니오,아니오
예천군,36.6357846,128.344167,송지리경로당,특정계층이용시설,경상북도 예천군 유천면 송지길 55-1,-,83,20,1,1,-,아니오,아니오,아니오
예천군,36.6381141,128.3561486,율현경로당,특정계층이용시설,경상북도 예천군 유천면 밤고개길 149,-,83,20,1,1,-,아니오,아니오,아니오
예천군,36.6237156,128.3649376,초적리경로당,특정계층이용시설,경상북도 예천군 유천면 초적길 24,-,79,19,1,1,-,아니오,아니오,아니오
예천군,36.6332963,128.3749182,매산2리경로당,특정계층이용시설,경상북도 예천군 유천면 버드내길 27,-,83,20,1,1,-,아니오,아니오,아니오
성주군,35.8607917,128.1304255,법전2리경로당,특정계층이용시설,경상북도 성주군 가천면 법전1길 163,-,89.07,22,0,1,-,아니오,아니오,아니오
성주군,35.882118,128.148319,금봉리경로당,특정계층이용시설,"경상북도 성주군 가천면 금봉2길  15 , 금봉리마을회관",-,84.6,21,2,1,-,아니오,아니오,아니오
안동시,36.5928732,128.7188,미두리경로당,특정계층이용시설,경상북도 안동시 미두리길 95-17 (이천동),-,84.8,15,2,1,-,아니오,아니오,아니오
예천군,36.678112,128.45389,생천리경로당,특정계층이용시설,경상북도 예천군 예천읍 용문경천로 1667,-,40,10,1,1,-,아니오,아니오,아니오
포항시,36.0669936,129.385471,청우대림1차마을쉼터,특정계층이용시설,"경상북도 포항시 북구 삼호로 335 (두호동, 청우대림1차아파트)",-,21,6,1,2,-,아니오,아니오,아니오
청도군,35.6790519,128.6946094,죽림촌,특정계층이용시설,경상북도 청도군 화양읍 죽촌길 9-1,-,77.52,26,2,1,-,아니오,아니오,아니오
예천군,36.536132,128.338141,청곡1경로당,특정계층이용시설,경상북도 예천군 풍양면 청곡길 199,-,89,22,2,1,-,아니오,아니오,아니오
칠곡군,36.043219,128.595722,가산1리경로당,특정계층이용시설,"경상북도 칠곡군 가산면 가산로  974-34, 가산1리노인회관",-,171,42,1,1,-,아니오,아니오,아니오
칠곡군,36.056377,128.584854,가산2리경로당,특정계층이용시설,"경상북도 칠곡군 가산면 가산로1길  286 , 가산2리마을회관",-,126,31,2,1,-,아니오,아니오,아니오
고령군,35.721076,128.252571,지산3리경로당,특정계층이용시설,경상북도 고령군 대가야읍 큰골길 72,-,139.6,42,1,1,-,아니오,아니오,아니오
고령군,35.712514,128.257771,덕경인터빌경로당,특정계층이용시설,경상북도 고령군 대가야읍덕경길 9-21,-,47,14,1,1,-,아니오,아니오,아니오
고령군,35.753702,128.26918,관동경로당,특정계층이용시설,경상북도 고령군 대가야읍 관동2길 14,-,167,51,1,1,-,아니오,아니오,아니오
울진군,36.7398712,129.4604371,월송2리마을회관,특정계층이용시설,경상북도 울진군 평해읍월송길 157,-,121,30,1,1,-,아니오,아니오,아니오
문경시,36.6102873,128.2053906,시영경로당,특정계층이용시설,경상북도 문경시 흥덕9길 11 (흥덕동),-,144,36,1,1,-,아니오,아니오,아니오
칠곡군,35.963159,128.362766,행정1리경로당,특정계층이용시설,"경상북도 칠곡군 기산면 행정1길  101-6, 행정1리회관",-,297.27,80,3,1,-,아니오,아니오,아니오
칠곡군,35.970873,128.383502,행정2리경로당,특정계층이용시설,"경상북도 칠곡군 기산면 선노로  1130 , 행정2리마을회관",-,166.8,50,2,1,-,아니오,아니오,아니오
칠곡군,35.986435,128.384542,기산면복지회관(경로당),특정계층이용시설,"경상북도 칠곡군 기산면 주산로  1220-1, 기산면복지회관",-,857.94,100,0,2,-,아니오,아니오,아니오
김천시,35.9706659,128.0710432,등터경로당,특정계층이용시설,경상북도 김천시 지례면 등터길 36,-,68,17,2,1,-,아니오,아니오,예
김천시,35.9641174,128.0897535,이전리경로당,특정계층이용시설,경상북도 김천시 지례면이전길 104-51,-,133,30,3,1,-,아니오,아니오,예
문경시,36.5864711,128.1949005,남부여성경로당,특정계층이용시설,경상북도 문경시 남부3길 19 (모전동),-,24,30,1,1,-,-,아니오,-
문경시,36.5912299,128.2094695,11통경로당,특정계층이용시설,경상북도 문경시 영신동 영신6길  27   (영신동),-,52,30,1,1,-,아니오,아니오,아니오
문경시,36.5912069,128.2094635,11통여성경로당,특정계층이용시설,경상북도 문경시 영신6길 27 (영신동),-,52,30,1,1,-,-,아니오,-
문경시,36.6085218,128.2051907,흥일경로당,특정계층이용시설,경상북도 문경시 호서로 166 (흥덕동),-,93,43,2,1,-,-,아니오,-
안동시,36.4345657,128.9154223,묵계2리경로당,특정계층이용시설,경상북도 안동시 길안면 오락길 72,-,98.8,5,2,2,-,아니오,아니오,아니오
고령군,35.822012,128.444187,좌학경로당,특정계층이용시설,경상북도 고령군 다산면좌학길 37,-,98.3,30,1,1,-,아니오,아니오,아니오
안동시,36.4544053,128.9445752,구수1리경로당,특정계층이용시설,경상북도 안동시 길안면 수곡용계로 20-26,-,87.2,6,2,2,-,아니오,아니오,아니오
안동시,36.4500945,128.9561306,구수1리송산경로당,특정계층이용시설,경상북도 안동시 길안면 길안청송로  679,-,70.83,21,2,2,-,아니오,아니오,아니오
안동시,36.4602098,128.8671238,현하1리경로회관,특정계층이용시설,경상북도 안동시 길안면 잉골길  138,-,84.43,16,2,1,-,아니오,아니오,아니오
안동시,36.4384057,128.8670829,현하2리경로당,특정계층이용시설,경상북도 안동시 길안면 산동네길  12,-,156.6,12,3,2,-,아니오,아니오,아니오
봉화군,36.9854509,128.736944,오록3리경로당,특정계층이용시설,경상북도 봉화군 물야면 오록3길 82,-,99,25,1,1,-,아니오,아니오,아니오
봉화군,36.9500204,128.7551804,개단3리경로당,특정계층이용시설,경상북도 봉화군 물야면 마장길 302-4,-,144,36,1,1,-,아니오,아니오,아니오
의성군,36.3842126,128.4180607,정안1리마을회관,특정계층이용시설,경상북도 의성군 단북면 노정길  47-3,-,81.3,52,3,1,-,아니오,아니오,아니오
영천시,35.9498186,129.0936014,칠전경로당,특정계층이용시설,경상북도 영천시 고경면 칠전길 114,-,65.52,16,1,1,-,-,-,아니오
안동시,36.6164896,128.663494,서후면분회경로당,특정계층이용시설,경상북도 안동시 서후면 서후중앙길 17,-,198.96,70,3,1,-,아니오,아니오,아니오
안동시,36.6513535,128.7003937,광평1리경로당,특정계층이용시설,경상북도 안동시 서후면 광평1길 39,-,103.68,50,4,2,-,아니오,아니오,아니오
안동시,36.6375968,128.6935621,저전거리경로당,특정계층이용시설,경상북도 안동시 서후면 저전2길 40-18,-,181.32,60,3,2,-,아니오,아니오,아니오
안동시,36.6397136,128.69601,저전리경로당,특정계층이용시설,경상북도 안동시 서후면 북평로 333-11,-,121.96,50,4,2,-,아니오,아니오,아니오
문경시,36.717571,128.111582,마원2쉼터,야외시설,경상북도 문경시 문경읍 마원새터길 42,-,40,7,정보없음,정보없음,-,-,-,-
청송군,36.535683,129.065037,월전2리경로당,특정계층이용시설,경상북도 청송군 진보면 경동로 4442-1,-,84,25,2,1,-,아니오,아니오,아니오
청송군,36.5217187,129.1080907,고현리경로당,특정계층이용시설,경상북도 청송군 진보면 높은배리길 13,-,61,18,2,1,-,아니오,아니오,아니오
청송군,36.51013,129.091059,남각산경로당,특정계층이용시설,경상북도 청송군 진보면 남각산길 208,-,78,24,2,1,-,아니오,아니오,아니오
청송군,36.5138658,129.1110384,석계경로당,특정계층이용시설,경상북도 청송군 진보면 윗석계길 12,-,81,25,2,1,-,아니오,아니오,아니오
문경시,36.6243002,128.022885,성유2리경로당,특정계층이용시설,경상북도 문경시 가은읍 성유신기길 69,-,140,15,1,1,-,아니오,아니오,아니오
문경시,36.6745931,127.9894214,완장리경로당,특정계층이용시설,경상북도 문경시 가은읍 완장길 1,-,153,64,1,1,-,아니오,아니오,아니오
문경시,36.660624,128.0241054,상괴2리경로당,특정계층이용시설,경상북도 문경시 가은읍 용유골길 8,-,50,32,1,1,-,아니오,아니오,아니오
문경시,36.6612953,128.0460271,하괴1리경로당,특정계층이용시설,경상북도 문경시 가은읍 배골길 35-4,-,199,30,1,1,-,아니오,아니오,아니오
문경시,36.6579427,128.051552,하괴3리경로당,특정계층이용시설,경상북도 문경시 가은읍 도리실안길 9,-,83,40,1,1,-,아니오,아니오,아니오
성주군,35.92333,128.359803,해동촌경로당,특정계층이용시설,경상북도 성주군 선남면 오도2길  7-1,-,121,30,2,1,-,아니오,아니오,아니오
성주군,35.912126,128.394276,용신1리경로당,특정계층이용시설,"경상북도 성주군 선남면 용신2길  11 , 용신1리마을회관",-,184,60,1,1,-,아니오,아니오,아니오
문경시,36.6636624,128.0030523,죽문1리하죽문경로당,특정계층이용시설,경상북도 문경시 가은읍 죽문1길 17-12,-,89,31,1,1,-,아니오,아니오,아니오
구미시,36.1011238,128.4208122,진평경로당,특정계층이용시설,경상북도 구미시 진평2길 5-21 (진평동),-,99.36,20,3,3,-,아니오,아니오,아니오
청도군,35.619105,128.5713056,안산2리,특정계층이용시설,경상북도 청도군 풍각면 안태1길 7,-,91,22,2,2,-,아니오,아니오,아니오
청도군,35.6677194,128.8567784,동산리할머니,특정계층이용시설,경상북도 청도군 매전면 청려로 3705-2,-,43.77,10,1,1,-,아니오,아니오,아니오
청도군,35.6524362,128.8414201,북지리,특정계층이용시설,경상북도 청도군 매전면 북지길 22,-,69.19,17,2,1,-,아니오,아니오,아니오
청도군,35.6532142,128.8293555,용산리,특정계층이용시설,경상북도 청도군 매전면 용산1길 14,-,75.45,18,2,1,-,아니오,아니오,아니오
포항시,36.0300056,129.323027,포철지곡마을쉼터,특정계층이용시설,경상북도 포항시 남구 지곡로278번길 2 (지곡동),-,326.7,42,1,1,-,아니오,아니오,아니오
예천군,36.7465316,128.4469027,우곡1(거록)경로당,특정계층이용시설,경상북도 예천군 은풍면 거록길 26,-,80,20,1,1,-,아니오,아니오,아니오
예천군,36.7585932,128.4527941,탑1리경로당,특정계층이용시설,경상북도 예천군 은풍면 조고리길 64,-,83,20,1,1,-,아니오,아니오,아니오
예천군,36.7620063,128.4558982,탑2리경로당,특정계층이용시설,경상북도 예천군 은풍면 한감길 83,-,92,23,1,1,-,아니오,아니오,아니오
의성군,36.340062,128.5799557,대사1리경로당,특정계층이용시설,경상북도 의성군 안평면 대사1길 64,-,80.74,20,3,1,-,아니오,아니오,아니오
의성군,36.3459579,128.5773808,대사2리경로당,특정계층이용시설,경상북도 의성군 안평면 대사2길 112-6,-,32,8,2,1,-,아니오,아니오,아니오
의성군,36.3558735,128.5865325,윈도옥경로당,특정계층이용시설,경상북도 의성군 안평면 도옥1길 46,-,60.47,8,2,1,-,아니오,아니오,아니오
상주시,36.2647,128.0951,이화2리마을회관,특정계층이용시설,경상북도 상주시 공성면 문화로 1036-8,-,91,25,2,1,-,아니오,아니오,아니오
칠곡군,36.054522,128.342882,율2리경로당(여),특정계층이용시설,경상북도 칠곡군 북삼읍 외율5길 16,-,210,39,2,1,-,아니오,아니오,아니오
김천시,36.1367771,128.1160378,휴먼시아,야외시설,경상북도 김천시 시청로 93,-,191,정보없음,정보없음,정보없음,-,-,-,-
구미시,36.118607,128.425928,해바라기공원,야외시설,경상북도 구미시 검성로 87,-,7.5,2,정보없음,정보없음,-,아니오,아니오,아니오
포항시,36.1115895,129.3519726,망천리마을쉼터,특정계층이용시설,경상북도 포항시 북구 흥해읍 한동로97번길 24,-,100,30,1,1,-,아니오,아니오,아니오
청도군,35.6210237,128.606008,중촌(한울타리),특정계층이용시설,경상북도 청도군 풍각면 중마길 22,-,61,15,2,1,-,아니오,아니오,아니오
문경시,36.5947365,128.0685979,수예리경로당,특정계층이용시설,경상북도 문경시 가은읍 수예길 111,-,89,25,1,1,-,아니오,아니오,아니오
문경시,36.646907,128.035338,작천2리마을회관,특정계층이용시설,경상북도 문경시 가은읍 무두실2길  34,-,105,40,1,1,-,아니오,아니오,아니오
상주시,36.4233,128.1621,상산경로당,특정계층이용시설,경상북도 상주시 냉림3길 51 (냉림동),-,93.15,43,정보없음,1,-,아니오,아니오,아니오
영천시,36.010005,129.034841,상리경로당,특정계층이용시설,경상북도 영천시 고경면 배골길  93-4,-,136.7,34,1,1,-,-,-,아니오
영천시,35.9981377,129.0966108,삼산경로당,특정계층이용시설,경상북도 영천시 고경면 모시밭길 66-1,-,75,15,2,1,-,-,-,아니오
의성군,36.394381,128.5698491,창길2리경로당,특정계층이용시설,경상북도 의성군 안평면 창포길 9,-,74.7,8,2,1,-,아니오,아니오,아니오
의성군,36.4129013,128.5280979,금곡2리경로당,특정계층이용시설,경상북도 의성군 안평면 봉호로 1668,-,105.6,15,2,1,-,아니오,아니오,아니오
의성군,36.4111658,128.5668799,하령리경로당,특정계층이용시설,경상북도 의성군 안평면 하령2길 4,-,66.11,8,2,1,-,아니오,아니오,아니오
의성군,36.420199,128.4293684,양곡3리경로당,특정계층이용시설,경상북도 의성군 안계면 양곡3길 16,-,66.42,13,2,1,-,아니오,아니오,아니오
의성군,36.3611818,128.6316843,월촌경로당,특정계층이용시설,경상북도 의성군 안평면월안길 190,-,67.96,10,2,1,-,아니오,아니오,아니오
의성군,36.3615911,128.6455116,신월리여성,특정계층이용시설,경상북도 의성군 안평면 신동길 40,-,57.62,10,2,1,-,아니오,아니오,아니오
의성군,36.3479843,128.6132205,신안2리경로당(신안2길),특정계층이용시설,경상북도 의성군 안평면 신안2길 19,-,100.01,18,3,1,-,-,아니오,-
영덕군,36.3198861,129.3791628,구계리경로당,특정계층이용시설,경상북도 영덕군 남정면 구계길 39-3,-,148,45,3,1,-,아니오,아니오,아니오
영덕군,36.2995378,129.3788201,원척리경로당,특정계층이용시설,경상북도 영덕군 남정면 원척1길 27-1,-,59,18,2,1,-,아니오,아니오,아니오
영천시,35.873782,128.996955,원곡경로당,특정계층이용시설,경상북도 영천시 북안면 새불길  12,-,361.28,80,3,1,-,-,-,아니오
김천시,36.1865013,128.1924394,남전1리경로당,특정계층이용시설,경상북도 김천시 개령면 남전3길 7-16,-,156,39,2,1,-,아니오,아니오,예
김천시,36.2040139,128.1947149,대양음달마경로당,특정계층이용시설,경상북도 김천시 감문면 대양2길 14,-,34,15,2,1,-,아니오,아니오,예
상주시,36.4056,128.159,1통신봉경로당,특정계층이용시설,경상북도 상주시 신봉4길 34 (신봉동),-,34,14,4,1,-,아니오,아니오,아니오
상주시,36.3983924,128.1580791,봉대마을회관,특정계층이용시설,경상북도 상주시 상산로 79 (신봉동),-,85,26,3,1,-,아니오,아니오,아니오
안동시,36.5679,128.7231,상일아파트경로당,특정계층이용시설,경상북도 안동시 법상길 41-7 (법상동),-,72.25,15,2,2,-,아니오,아니오,아니오
포항시,36.1992473,129.3584917,필화2리마을회관,특정계층이용시설,경상북도 포항시 북구 청하면 화두길31번길 40,-,90,31,1,2,-,아니오,아니오,아니오
영천시,35.8835174,129.0034738,신대리경로당,특정계층이용시설,경상북도 영천시 북안면 두리봉길 9-4,-,49.5,40,3,1,-,-,-,아니오
영천시,35.8956188,129.0186122,도천1리경로당,특정계층이용시설,경상북도 영천시 북안면 연당길 1,-,83.61,50,3,1,-,-,-,아니오
영천시,35.929156,129.021763,자포리경로당,특정계층이용시설,"경상북도 영천시 북안면 송학길  10-2, 자포경로회관",-,113.16,50,3,1,-,-,-,아니오
영천시,36.051776,128.814235,연정1리경로당,특정계층이용시설,"경상북도 영천시 신녕면 연정큰길  57 , 연정1리새마을회관",-,419.32,50,3,1,-,예,예,아니오
영덕군,36.4631203,129.3787277,화천1리경로당겸마을회관,특정계층이용시설,경상북도 영덕군 영덕읍 화천1길 35,-,67.36,17,3,1,-,아니오,아니오,아니오
영덕군,36.4633526,129.360745,화천2리경로당겸마을회관,특정계층이용시설,경상북도 영덕군 영덕읍 화천3길 6-1,-,67.2,17,3,1,-,아니오,아니오,아니오
영덕군,36.459861,129.352816,화천3리경로당겸마을회관,특정계층이용시설,경상북도 영덕군 영덕읍 화천길 373,-,68.16,17,3,1,-,아니오,아니오,아니오
영천시,36.05439,128.791419,가천리경로당,특정계층이용시설,"경상북도 영천시 신녕면 큰골길  101 , 가천리마을회관",-,75.56,20,2,2,-,예,예,아니오
김천시,36.1212732,128.0849787,고래실경로당,특정계층이용시설,경상북도 김천시 고래실길 67 (부곡동),-,144,36,2,1,-,아니오,아니오,예
고령군,35.83489,128.38854,아시터경로당,특정계층이용시설,경상북도 고령군 다산면아시터길 15,-,85.5,26,1,1,-,아니오,아니오,아니오
고령군,35.789899,128.401974,송곡2리경로당,특정계층이용시설,경상북도 고령군 다산면하노다길 13,-,65.4,20,1,1,-,아니오,아니오,아니오
고령군,35.705353,128.388281,개진면분회,특정계층이용시설,경상북도 고령군 개진면 개경포로 969-1 (개진면노인회관 3동),-,181.8,55,1,1,-,아니오,아니오,아니오
의성군,36.2859289,128.618335,장대리(원장대)경로당,특정계층이용시설,경상북도 의성군 봉양면 조문로 322,-,18,4,1,1,-,아니오,아니오,아니오
김천시,36.125529,128.0782357,새실경로당,특정계층이용시설,경상북도 김천시 새실길 18-3 (다수동),-,220,55,2,1,-,아니오,아니오,예
김천시,36.1233602,128.087974,제1주공경로당,특정계층이용시설,"경상북도 김천시 송설로 34 (부곡동, 부곡주공아파트)",-,104,26,2,1,-,아니오,아니오,예
상주시,36.457455,128.12758,봉강2리경로당,특정계층이용시설,경상북도 상주시 외서면봉강2길 14,-,75,26,1,1,-,아니오,아니오,아니오
상주시,36.4706154,128.13664,봉강1리경로당,특정계층이용시설,경상북도 상주시 외서면 우산로 293-10,-,86,26,1,1,-,아니오,아니오,아니오
상주시,36.4872761,128.106965,관현리마을회관,특정계층이용시설,경상북도 상주시 외서면관현2길 3,-,94,30,1,1,-,아니오,아니오,아니오
상주시,36.5294286,128.069513,봉중리마을회관,특정계층이용시설,경상북도 상주시 은척면봉중2길 38,-,99,30,1,1,-,아니오,아니오,아니오
상주시,36.5394176,128.061912,우기1리마을회관,특정계층이용시설,경상북도 상주시 은척면우기1길 40,-,99,28,1,1,-,아니오,아니오,아니오
상주시,36.5399999,128.050061,남곡1리경로당,특정계층이용시설,경상북도 상주시 은척면성주로 527-16,-,237,72,1,1,-,아니오,아니오,아니오
고령군,35.652591,128.345772,월오리경로당,특정계층이용시설,경상북도 고령군 우곡면 월오길 9,-,66.18,20,1,1,-,아니오,아니오,아니오
영덕군,36.4087246,129.2739576,인곡리,특정계층이용시설,경상북도 영덕군 달산면 주왕산로 3342,-,64,19,2,1,-,아니오,아니오,아니오
경주시,35.968602,129.152332,두류2리경로당,특정계층이용시설,"경상북도 경주시 안강읍 사박길  221 , 두류2리회관",-,112,34,1,1,-,아니오,아니오,아니오
경주시,35.968023,129.228855,갑산2리마을회관,특정계층이용시설,"경상북도 경주시 안강읍 사들길  21 , 갑산2리마을회관",-,142,43,1,1,-,아니오,아니오,아니오
안동시,36.5705378,128.7312512,명신경로당,특정계층이용시설,경상북도 안동시 퇴계로 149-16,-,162.18,25,3,1,-,아니오,아니오,아니오
김천시,36.1198687,128.1447863,갈대경로당,특정계층이용시설,경상북도 김천시 체육공원길 21 (지좌동),-,148,37,2,1,-,아니오,아니오,예
안동시,36.5547973,128.7569575,용상동대성경로당,특정계층이용시설,경상북도 안동시 용상동 마들1길  13-5  (용상동),-,84.33,200,2,3,-,아니오,아니오,아니오
안동시,36.571154,128.786895,석동감성경로당,특정계층이용시설,경상북도 안동시 석동동 감성골길  327   (석동동),-,36,30,2,1,-,아니오,아니오,아니오
안동시,36.5593517,128.7452664,정거리경로당,특정계층이용시설,경상북도 안동시 용상동 전거리3길  33-14  (용상동),-,94.55,23,3,1,-,아니오,아니오,아니오
안동시,36.5758578,128.7350017,치이골경로당,특정계층이용시설,경상북도 안동시 치이골길 19,-,85.8,14,4,2,-,아니오,아니오,아니오
고령군,35.691257,128.2677593,안화골경로당,특정계층이용시설,경상북도 고령군 쌍림면안화1길 88,-,68.04,21,1,1,-,아니오,아니오,아니오
청송군,36.530877,129.057259,제2각산리경로당,특정계층이용시설,경상북도 청송군 진보면 진보로 241-7,-,194,59,2,1,-,아니오,아니오,아니오
예천군,36.716476,128.40644,선1리경로당,특정계층이용시설,경상북도 예천군 용문면 선동길 319-4,-,101,25,1,1,-,아니오,아니오,아니오
칠곡군,36.075171,128.41354,장곡경로당,특정계층이용시설,경상북도 칠곡군 석적읍 장곡길  173,-,95.8,40,2,1,-,아니오,아니오,아니오
칠곡군,36.0660187,128.4029379,남율1리(밤실)경로당,특정계층이용시설,경상북도 칠곡군 석적읍 남율로3길 21,-,83,25,2,1,-,아니오,아니오,아니오
칠곡군,36.077199,128.3942637,남율2리경로당,특정계층이용시설,경상북도 칠곡군 석적읍 신기길 46,-,56.58,30,2,2,-,아니오,아니오,아니오
상주시,36.4203161,128.156312,"북문동3,4통경로당",특정계층이용시설,경상북도 상주시 봉양1길 11,-,175,56,2,2,-,아니오,아니오,아니오
상주시,36.4525,128.1787,초산6통마을회관,특정계층이용시설,경상북도 상주시 발산로 190 (초산동),-,154,75,4,2,-,아니오,아니오,아니오
상주시,36.4588699,128.16236,초림경로당,특정계층이용시설,경상북도 상주시 초림이길 14,-,86,28,2,2,-,아니오,아니오,아니오
상주시,36.4224,128.1561,동보경로당,특정계층이용시설,경상북도 상주시 동수3길 90,-,33,10,1,1,-,아니오,아니오,아니오
상주시,36.4504301,128.155486,부원2동경로당,특정계층이용시설,경상북도 상주시 부원3길 33,-,137,41,3,1,-,아니오,아니오,아니오
칠곡군,36.0507276,128.417328,포남1리개암경로당,특정계층이용시설,경상북도 칠곡군 석적읍 포망로 80,-,85.88,40,2,1,-,아니오,아니오,아니오
칠곡군,36.0417818,128.4179235,포남2리아랫개내미경로당,특정계층이용시설,경상북도 칠곡군 석적읍 포남2길 62,-,110,50,5,1,-,아니오,아니오,아니오
구미시,36.152919,128.30771,봉곡도서관공원,야외시설,경상북도 구미시 봉곡로15길 54,-,59.2,9,정보없음,정보없음,-,아니오,아니오,아니오
문경시,36.593325,128.004405,대정숲,야외시설,경상북도 문경시 청화로 1128  (농암면),-,1000,152,정보없음,정보없음,-,-,-,-
예천군,36.736673,128.4171664,금곡2리지경터경로당,특정계층이용시설,경상북도 예천군 은풍면 어림성길 243,-,83,20,1,1,-,아니오,아니오,아니오
예천군,36.697628,128.423307,능천리경로당,특정계층이용시설,경상북도 예천군 용문면 반서울로 167,-,73,18,3,1,-,아니오,아니오,아니오
의성군,36.4270104,128.7502652,사촌2리경로당,특정계층이용시설,경상북도 의성군 점곡면 사촌2길 11-2,-,69.2,20,0,1,-,아니오,아니오,아니오
의성군,36.4255838,128.7619731,사촌3리,특정계층이용시설,경상북도 의성군 점곡면 점곡길 17,-,83.2,22,3,2,-,아니오,아니오,아니오
예천군,36.4891485,128.3054097,괴당2경로당,특정계층이용시설,경상북도 예천군 풍양면 괴당2길 56,-,90,22,2,1,-,아니오,아니오,아니오
예천군,36.704622,128.445137,맛질경로당,특정계층이용시설,경상북도 예천군 용문면 큰맛질길 4,-,168,42,2,1,-,아니오,아니오,아니오
상주시,36.4258,128.157,상주무양지엘리베라움경로당(102동1층),특정계층이용시설,경상북도 상주시 봉양1길 126,-,101.66,25,1,1,-,아니오,아니오,아니오
상주시,36.441345,128.153824,만산마을회관,특정계층이용시설,경상북도 상주시 만산7길 23,-,148,25,3,2,-,아니오,아니오,아니오
영양군,36.7123425,129.2060262,죽파경로당,특정계층이용시설,경상북도 영양군 수비면 낙동정맥로 1538,-,37.92,30,2,1,-,아니오,-,아니오
영양군,36.7008145,129.1921002,송죽경로당,특정계층이용시설,경상북도 영양군 수비면 가천로 614,-,90.23,30,2,1,-,아니오,-,아니오
김천시,36.1198445,128.1386757,지좌동아주아트빌경로당,특정계층이용시설,"경상북도 김천시 공절길 43 (지좌동, 지좌동 아주아트빌)",-,70,18,2,1,-,아니오,아니오,예
의성군,36.3704242,128.4526856,위양2리경로당,특정계층이용시설,경상북도 의성군 안계면 위양2길  43-1,-,82.11,9,3,1,-,아니오,아니오,아니오
영천시,35.991895,128.828791,신학2리경로당,특정계층이용시설,경상북도 영천시 청통면새학길 61,-,39.3,20,2,1,-,예,예,아니오
영천시,35.990974,128.798493,치일1리경로당,특정계층이용시설,경상북도 영천시 청통면치일길 4,-,105.43,30,3,2,-,예,예,아니오
의성군,36.3246687,128.5475664,화신2리마을회관,특정계층이용시설,경상북도 의성군 비안면 교화길  1168,-,60.5,20,1,1,-,아니오,아니오,아니오
의성군,36.3172344,128.5385163,쌍계리(남)경로당,특정계층이용시설,경상북도 의성군 비안면 강변길  592,-,227.82,15,1,1,-,아니오,아니오,아니오
의성군,36.3048607,128.5456502,도암1리마을회관,특정계층이용시설,경상북도 의성군 비안면 도암1길 64,-,94.5,20,1,1,-,아니오,아니오,아니오
의성군,36.3089875,128.5193696,도암2리마을회관,특정계층이용시설,경상북도 의성군 비안면 도암2길  145,-,68.4,20,2,2,-,아니오,아니오,아니오
의성군,36.3248156,128.5179725,장춘2리마을회관,특정계층이용시설,경상북도 의성군 비안면 장춘2길 63-9,-,101.92,20,1,1,-,-,아니오,-
의성군,36.3369918,128.4919578,비안면분회경로당,특정계층이용시설,경상북도 의성군 비안면 이두2길 3-4,-,168.62,20,2,1,-,-,아니오,-
의성군,36.404112,128.6136648,박곡3리경로당,특정계층이용시설,경상북도 의성군 안평면박실길 248,-,48.22,10,2,1,-,아니오,아니오,아니오
고령군,35.829447,128.452817,다산휴먼시아3단지경로당,특정계층이용시설,경상북도 고령군 다산면 평리6길 30 (다산휴먼시아3단지),-,163,49,1,1,-,아니오,아니오,아니오
고령군,35.835619,128.436196,못골경로당,특정계층이용시설,경상북도 고령군 다산면못골길 182,-,66.72,20,1,1,-,아니오,아니오,아니오
의성군,36.2950381,128.5983315,구산1리경로당,특정계층이용시설,경상북도 의성군 봉양면 구산길 88,-,90.15,12,2,1,-,아니오,아니오,아니오
예천군,36.65167,128.456531,남산경로당,특정계층이용시설,경상북도 예천군 예천읍 남산공원길 9,-,69,17,1,1,-,아니오,아니오,아니오
예천군,36.653586,128.447818,서본2리경로당,특정계층이용시설,경상북도 예천군 예천읍 봉덕로 134,-,92,23,1,1,-,아니오,아니오,아니오
칠곡군,36.055075,128.38542,오평2리경로당,특정계층이용시설,경상북도 칠곡군 북삼읍 오평1길  133,-,94,23,2,1,-,아니오,아니오,아니오
상주시,36.2862,128.0693,장동3리마을회관,특정계층이용시설,경상북도 상주시 공성면 장동2길 53,-,93,26,2,1,-,아니오,아니오,아니오
구미시,36.118843,128.401648,우담공원,야외시설,경상북도 구미시 인동14길 24,-,1930.2,293,정보없음,정보없음,-,아니오,아니오,아니오
상주시,36.5211,128.1519,율곡1리경로당,특정계층이용시설,경상북도 상주시 공검면 법구지2길 2,-,132,50,1,2,-,아니오,아니오,아니오
상주시,36.2761,128.0692,장동2리마을회관,특정계층이용시설,경상북도 상주시 공성면 장동3길 136-4,-,86,26,2,1,-,아니오,아니오,아니오
상주시,36.2974,128.0735,오광2리마을회관,특정계층이용시설,경상북도 상주시 공성면 오광2길 60,-,91,30,2,1,-,아니오,아니오,아니오
의성군,36.3706775,128.7558603,구암2리,특정계층이용시설,경상북도 의성군 점곡면 의성길안로 617-8,-,77.3,12,2,1,-,아니오,아니오,아니오
의성군,36.3778906,128.751322,명고1리,특정계층이용시설,경상북도 의성군 점곡면 명고1길 6,-,82.3,12,2,1,-,아니오,아니오,아니오
상주시,36.4417038,128.2519457,도남경로당,특정계층이용시설,경상북도 상주시 도남2길 37 (도남동),-,99,30,3,2,-,아니오,아니오,아니오
상주시,36.416037,128.1999,외답6통마을회관,특정계층이용시설,경상북도 상주시  외답1길  35   (외답동),-,136,30,3,2,-,아니오,아니오,아니오
상주시,36.4338,128.2226,병성동마을회관,특정계층이용시설,경상북도 상주시 병성1길 15,-,101,30,2,1,-,아니오,아니오,아니오
의성군,36.3033889,128.6535552,풍리3리경로당,특정계층이용시설,경상북도 의성군 봉양면풍리비봉길 368,-,74.31,15,2,1,-,아니오,아니오,아니오
김천시,36.113124,128.156163,덕곡주공경로당,특정계층이용시설,"경상북도 김천시 무실7길 38 (덕곡동, 덕곡주공아파트)",-,93,23,2,1,-,아니오,아니오,예
예천군,36.6904,128.407903,용문면경로당,특정계층이용시설,경상북도 예천군 용문면 상금시장길 16-7,-,317,79,3,1,-,아니오,아니오,아니오
예천군,36.6911396,128.409746,상금곡1리경로당,특정계층이용시설,경상북도 예천군 용문면 금당실길 74,-,83,20,1,1,-,아니오,아니오,아니오
예천군,36.690315,128.406336,상금2리경로당,특정계층이용시설,경상북도 예천군 용문면 용문경천로 1171,-,102,25,2,1,-,아니오,아니오,아니오
의성군,36.3021479,128.5790437,화전1리(원화전)경로당,특정계층이용시설,경상북도 의성군 봉양면 화전길 17,-,26.45,10,2,1,-,아니오,아니오,아니오
의성군,36.3179427,128.6428473,길천1리경로당,특정계층이용시설,경상북도 의성군 봉양면길천1길 82-4,-,75.6,20,3,1,-,아니오,아니오,아니오
의성군,36.3274757,128.6023709,사부2리경로당,특정계층이용시설,경상북도 의성군 봉양면 사부2길 179,-,67.2,13,2,1,-,아니오,아니오,아니오
의성군,36.301106,128.5841829,봉양면분회경로당,특정계층이용시설,경상북도 의성군 봉양면 도리원2길 59,-,176.9,12,1,1,-,아니오,아니오,아니오
의성군,36.3111265,128.5654761,화전3리경로당,특정계층이용시설,경상북도 의성군 봉양면강변길 859,-,137.7,20,2,1,-,아니오,아니오,아니오
경주시,36.004294,129.196641,우방타운경로당,특정계층이용시설,경상북도 경주시 안강읍 구부랑길 73 (우방타운),-,94,28,1,1,-,아니오,아니오,아니오
경주시,36.0013058,129.1837156,한동화성경로당,특정계층이용시설,경상북도 경주시 안강읍 피일길 86-17 (한동화성타운),-,99,30,1,1,-,아니오,아니오,아니오
경주시,35.991624,129.169678,옥산4리마을회관,특정계층이용시설,경상북도 경주시 안강읍 낙헌2길  8-1,-,163,49,1,1,-,아니오,아니오,아니오
경주시,35.979796,129.14012,하강경로당,특정계층이용시설,"경상북도 경주시 안강읍 새안현로  1269-2, 하강경로당",-,79,24,1,1,-,아니오,아니오,아니오
영천시,36.037996,128.78857,완전2리경로당,특정계층이용시설,"경상북도 영천시 신녕면 장수로  1637 , 완전2리마을회관",-,130.17,32,2,1,-,예,예,아니오
영천시,36.032077,128.807241,신덕2리경로당,특정계층이용시설,"경상북도 영천시 신녕면 신정길  27-4, 신덕2리마을회관",-,81.3,20,7,1,-,예,예,아니오
안동시,36.4836161,128.639729,송리1리경로당,특정계층이용시설,경상북도 안동시 일직면 까박골길 2,-,75.19,43,2,1,-,아니오,아니오,아니오
의성군,36.4143281,128.7733027,윤암3리경로당,특정계층이용시설,경상북도 의성군 점곡면 서암길 16-2,-,43.8,18,0,1,-,아니오,아니오,아니오
의성군,36.4249213,128.7662324,점곡면분회,특정계층이용시설,경상북도 의성군 점곡면 점곡길 55,-,172.69,15,3,1,-,아니오,아니오,아니오
의성군,36.4251112,128.7649664,서변2리,특정계층이용시설,경상북도 의성군 점곡면 점곡길 45,-,176.1,20,2,1,-,아니오,아니오,아니오
안동시,36.6822276,128.7667179,보현경로당,특정계층이용시설,경상북도 안동시 녹전면 감애구송로 330,-,94.87,30,2,1,-,아니오,아니오,아니오
경산시,35.79161,128.80277,하대리,야외시설,경상북도 경산시 남산면 하대1길 30,-,20,2,정보없음,정보없음,-,-,-,-
김천시,36.1373771,128.0913091,건화호반맨션경로당,특정계층이용시설,경상북도 김천시 연화지2길 23 (교동),-,100,25,2,1,-,아니오,아니오,예
김천시,36.1326346,128.1209456,주공해돋이아파트경로당,특정계층이용시설,경상북도 김천시 신음새동네2길 48 (신음동),-,200,50,2,1,-,아니오,아니오,예
봉화군,36.895488,128.694801,적덕2리경로당,특정계층이용시설,경상북도 봉화군 봉화읍 적덕길  164,-,36,9,1,1,-,아니오,아니오,아니오
봉화군,36.9061986,128.6674722,화천리경로당,특정계층이용시설,경상북도 봉화군 봉화읍 번지실길 8,-,57,14,1,1,-,아니오,아니오,아니오
예천군,36.658483,128.454233,노상리경로당,특정계층이용시설,경상북도 예천군 예천읍 중앙로 6,-,99,24,1,1,-,아니오,아니오,아니오
칠곡군,35.968677,128.495663,창평1리마을회관,특정계층이용시설,"경상북도 칠곡군 지천면 창평로  32 , 창평리마을회관",-,250.09,62,3,2,-,아니오,아니오,아니오
예천군,36.663663,128.512443,보문경로당,특정계층이용시설,경상북도 예천군 보문면 미호길 148,-,119,29,1,1,-,아니오,아니오,아니오
예천군,36.659095,128.456765,백전1(남)경로당,특정계층이용시설,경상북도 예천군 예천읍 군청길 74,-,83,20,1,1,-,아니오,아니오,아니오
예천군,36.659095,128.456765,백전1(여)경로당,특정계층이용시설,경상북도 예천군 예천읍 군청길 74,-,89,22,1,1,-,아니오,아니오,아니오
예천군,36.6810523,128.4043409,성현중마경로당,특정계층이용시설,경상북도 예천군 용문면 성현길 224,-,73,18,3,1,-,아니오,아니오,아니오
예천군,36.674288,128.3962251,덕신리경로당,특정계층이용시설,경상북도 예천군 용문면 덕신길 127,-,75,18,2,1,-,아니오,아니오,아니오
상주시,36.4201619,128.152686,"무양동경로당(1,2,17통마을회관)",특정계층이용시설,경상북도 상주시 무양안길 28,-,204,93,3,2,-,아니오,아니오,아니오
영덕군,36.581974,129.2603919,창수1리,특정계층이용시설,경상북도 영덕군 창수면 창수1길 4-7,-,83,20,1,1,-,-,-,-
예천군,36.7392544,128.4965423,진평1리경로당,특정계층이용시설,경상북도 예천군 감천면 도평길 28,-,30,7,1,1,-,아니오,아니오,아니오
예천군,36.7357216,128.42957,금곡1리경로당,특정계층이용시설,경상북도 예천군 은풍면 어림성길 120-3,-,83,20,1,1,-,아니오,아니오,아니오
예천군,36.727078,128.4333318,오류2리경로당,특정계층이용시설,경상북도 예천군 은풍면 오류길 53,-,30,8,1,1,-,아니오,아니오,아니오
영덕군,36.4550018,129.4070369,매정2리경로당겸마을회관,특정계층이용시설,경상북도 영덕군 영덕읍 샛터길 3,-,75.52,19,2,1,-,아니오,아니오,아니오
예천군,36.663711,128.458649,백전2(남)경로당,특정계층이용시설,경상북도 예천군 예천읍 밤나무골길 22,-,50,12,1,1,-,아니오,아니오,아니오
예천군,36.656279,128.457922,동본1리경로당,특정계층이용시설,경상북도 예천군 예천읍 상설시장2길 21,-,33,8,1,1,-,아니오,아니오,아니오
예천군,36.655794,128.469038,동본2리경로당,특정계층이용시설,경상북도 예천군 예천읍 보문로 42-7,-,69,17,1,1,-,아니오,아니오,아니오
영덕군,36.4521555,129.4219709,매정3리경로당겸마을회관,특정계층이용시설,경상북도 영덕군 영덕읍 매령길 270-14,-,63.68,16,2,1,-,아니오,아니오,아니오
안동시,36.4878221,128.6368539,송리2리경로당,특정계층이용시설,경상북도 안동시 일직면 굼치걸길 53,-,71.2,51,3,1,-,아니오,아니오,아니오
성주군,35.844316,128.36684,원동락경로당,특정계층이용시설,"경상북도 성주군 용암면 동락1길  67-2, 원동락회관",-,61.4,15,2,1,-,아니오,아니오,아니오
성주군,35.8402,128.3624,가정리경로당,특정계층이용시설,경상북도 성주군 용암면 동락길 187-1,-,51,13,2,1,-,아니오,아니오,아니오
성주군,35.85157,128.3702579,동락2리경로당,특정계층이용시설,경상북도 성주군 용암면 동락2길 197-27,-,117,29,3,1,-,아니오,아니오,아니오
성주군,35.858526,128.356133,기산1리경로당,특정계층이용시설,"경상북도 성주군 용암면 기산3길  11-4, 관산마을회관",-,79.2,20,1,1,-,아니오,아니오,아니오
청도군,35.6447488,128.7429267,고수5리마을회관,특정계층이용시설,경상북도 청도군 청도읍 고수동2길 44,-,132.3,33,2,1,-,아니오,아니오,아니오
안동시,36.4843802,128.6564289,원호1리경로당,특정계층이용시설,경상북도 안동시 일직면 감시골길 17,-,173.12,61,2,1,-,아니오,아니오,아니오
성주군,35.855609,128.351968,기성리경로당,특정계층이용시설,"경상북도 성주군 용암면 기산2길  11-4, 기산2리마을회관",-,142.5,35,2,1,-,아니오,아니오,아니오
경산시,35.8197802,128.7232013,옥산2어린이공원,야외시설,경상북도 경산시 성암로8길 34,-,60,6,정보없음,정보없음,-,아니오,아니오,아니오
포항시,35.8913121,129.4621396,산서리마을쉼터,특정계층이용시설,경상북도 포항시 남구 장기면 산서안길5번길 16,-,85,26,1,1,-,아니오,아니오,아니오
포항시,35.9369525,129.4786713,신계리마을쉼터,특정계층이용시설,경상북도 포항시 남구 장기면 장기로878번길 5,-,92.1,28,2,1,-,아니오,아니오,아니오
성주군,35.86051,128.349786,운산리경로당,특정계층이용시설,"경상북도 성주군 용암면 운산길  64 , 운산리복지회관",-,285.3,74,2,1,-,아니오,아니오,아니오
포항시,35.9592997,129.4092109,청호하이츠마을쉼터,특정계층이용시설,경상북도 포항시 남구 오천읍 해병로 405 (청호하이츠),-,90,27,1,1,-,아니오,아니오,아니오
포항시,35.95881,129.4099276,문덕3리마을쉼터,특정계층이용시설,경상북도 포항시 남구 오천읍 정몽주로 437,-,98,30,1,1,-,아니오,아니오,아니오
포항시,35.9418399,129.3914144,문덕2리마을쉼터,특정계층이용시설,경상북도 포항시 남구 오천읍 냉천로670번길 14,-,102,31,1,1,-,아니오,아니오,아니오
포항시,35.9543784,129.4048433,문덕1리마을쉼터,특정계층이용시설,경상북도 포항시 남구 오천읍 냉천로560번길 93,-,102,31,1,1,-,아니오,아니오,아니오
문경시,36.742363,128.150993,고요1쉼터,야외시설,경상북도 문경시 문경읍 고요길 17,-,20,4,정보없음,정보없음,-,-,-,-
예천군,36.652997,128.441584,주공아파트경로당,특정계층이용시설,경상북도 예천군 예천읍 봉덕로 52,-,89,22,1,1,-,아니오,아니오,아니오
예천군,36.6570436,128.4552947,노하리마을문화쉼터,특정계층이용시설,경상북도 예천군 예천읍 맛고을길 61,-,86.78,21,1,3,-,아니오,아니오,아니오
의성군,36.4380636,128.7158123,후평리복지회관,특정계층이용시설,경상북도 의성군 단촌면 후평길 28,-,101.5,10,2,1,-,아니오,아니오,아니오
의성군,36.4633946,128.7264231,구계2리경로당,특정계층이용시설,경상북도 의성군 단촌면 구계2길 67,-,101.5,10,2,1,-,아니오,아니오,아니오
의성군,36.3893287,128.6625114,방하리경로당,특정계층이용시설,경상북도 의성군 단촌면 방하1길 250,-,101.5,10,2,1,-,아니오,아니오,아니오
의성군,36.4246968,128.6700055,단촌면노인복지회관,특정계층이용시설,경상북도 의성군 단촌면 신기길 41-3,-,101.5,10,2,1,-,아니오,아니오,아니오
의성군,36.4252342,128.6686134,세촌1리경로당,특정계층이용시설,경상북도 의성군 단촌면 신기안길 4,-,101.5,10,2,1,-,아니오,아니오,아니오
안동시,36.7009364,128.76955,사신리도치경로당,특정계층이용시설,경상북도 안동시 녹전면가야안길 20,-,70.5,50,3,1,-,아니오,아니오,아니오
경산시,35.777481,128.837382,우검리,야외시설,경상북도 경산시 남산면 대왕로 171,-,20,2,정보없음,정보없음,-,-,-,-
경산시,35.8325474,128.7463606,계양7공원,야외시설,경상북도 경산시 계양로35길 36,-,75,7,정보없음,정보없음,-,아니오,아니오,아니오
상주시,36.4645551,128.1054756,백전1리경로당,특정계층이용시설,경상북도 상주시 외서면 백전2길 32,-,89,27,1,1,-,아니오,아니오,아니오
영천시,36.011428,128.894955,대기리경로당,특정계층이용시설,경상북도 영천시 화산면 대암길  112-1,-,78,30,3,1,-,-,-,아니오
의성군,36.3749191,128.3506563,생송1리경로당,특정계층이용시설,경상북도 의성군 단밀면 생송1길 5,-,255,37,1,1,-,아니오,아니오,아니오
영양군,36.7536386,129.206509,오기1리경로당,특정계층이용시설,경상북도 영양군 수비면 낙동정맥로 2275,-,89.34,30,2,1,-,아니오,-,아니오
김천시,36.050327,128.1510148,무안2리경로당,특정계층이용시설,경상북도 김천시 감천면 무안2길 51,-,160,40,2,1,-,아니오,아니오,예
의성군,36.5249347,128.3585474,용곡2리경로당,특정계층이용시설,경상북도 의성군 다인면 용곡길 23,-,96.08,15,1,1,-,아니오,아니오,아니오
고령군,35.694294,128.282288,내곡1리경로당,특정계층이용시설,경상북도 고령군 대가야읍 일량본길 161,-,86.3,26,1,1,-,아니오,아니오,아니오
상주시,36.4497678,128.198932,낙상노인회관,특정계층이용시설,경상북도 상주시 낙상1길 91,-,124,30,3,2,-,아니오,아니오,아니오
영양군,36.8495756,129.2722848,수하3리경로당,특정계층이용시설,경상북도 영양군 수비면 송방길 17,-,93.24,30,1,1,-,아니오,-,아니오
고령군,35.701976,128.284835,도계경로당,특정계층이용시설,경상북도 고령군 대가야읍 도계길 5,-,107,32,1,1,-,아니오,아니오,아니오
예천군,36.5448904,128.3681631,신기경로당,특정계층이용시설,경상북도 예천군 지보면 소화3길 123,-,75,18,1,1,-,아니오,아니오,아니오
고령군,35.701396,128.278134,외1리경로당,특정계층이용시설,경상북도 고령군 대가야읍 일량본길 67,-,98.1,30,1,1,-,아니오,아니오,아니오
고령군,35.705079,128.276089,외2리경로당,특정계층이용시설,경상북도 고령군 대가야읍 외일량길 21-5,-,97.8,30,1,1,-,아니오,아니오,아니오
예천군,36.5380296,128.4380341,신풍1경로당,특정계층이용시설,경상북도 예천군 지보면 신풍1리길 88,-,99,24,1,1,-,아니오,아니오,아니오
예천군,36.5329761,128.4278369,신풍2경로당,특정계층이용시설,경상북도 예천군 지보면 지풍로 643-1,-,82,20,1,1,-,아니오,아니오,아니오
고령군,35.769059,128.380385,박곡1리경로당,특정계층이용시설,경상북도 고령군 성산면 박곡1길 38,-,132.4,40,1,1,-,아니오,아니오,아니오
고령군,35.764025,128.378976,박곡2리경로당,특정계층이용시설,경상북도 고령군 성산면 박곡2길 6,-,158.88,48,1,1,-,아니오,아니오,아니오
고령군,35.770244,128.366841,대흥리경로당,특정계층이용시설,경상북도 고령군 성산면 상용로 165,-,157.36,48,1,1,-,아니오,아니오,아니오
청도군,35.6356045,128.7484413,고수7리대안아파트,특정계층이용시설,경상북도 청도군 청도읍 고수구길 194 (대안아파트),-,152.6,38,5,2,-,아니오,아니오,아니오
청도군,35.6423642,128.745338,고수8리,특정계층이용시설,경상북도 청도군 청도읍 청화로 189-1,-,264,66,2,1,-,아니오,아니오,아니오
고령군,35.69512,128.290352,선양경로당,특정계층이용시설,경상북도 고령군 대가야읍 선양길 13,-,63.2,19,1,1,-,아니오,아니오,아니오
고령군,35.695949,128.29975,내곡3리경로당,특정계층이용시설,경상북도 고령군 대가야읍시실길 329,-,110.4,33,1,1,-,아니오,아니오,아니오
고령군,35.733181,128.269699,고령경로당,특정계층이용시설,경상북도 고령군 대가야읍우륵로 37,-,80.3,24,1,1,-,아니오,아니오,아니오
고령군,35.741511,128.25999,정정골경로당,특정계층이용시설,경상북도 고령군 대가야읍정정골길 65,-,127.2,38,1,1,-,아니오,아니오,아니오
칠곡군,35.999132,128.401896,석전4리경로당,특정계층이용시설,경상북도 칠곡군 왜관읍 석전로1길  28,-,20,50,2,1,-,아니오,아니오,아니오
칠곡군,35.9996003,128.4003711,석전6리무성경로당,특정계층이용시설,경상북도 칠곡군 왜관읍 군청4길 32 (무성그린맨션),-,30,50,1,1,-,아니오,아니오,아니오
청도군,35.672633,128.7516385,무등리할머니,특정계층이용시설,경상북도 청도군 청도읍 무등2길 8,-,55.8,13,2,1,-,아니오,아니오,아니오
청도군,35.6896682,128.7449169,덕암1리,특정계층이용시설,경상북도 청도군 청도읍 덕암2길 26-4,-,198,49,2,1,-,아니오,아니오,아니오
청도군,35.7156508,128.5605901,오산2리,특정계층이용시설,경상북도 청도군 각북면 헐티로 1286,-,86.4,21,2,1,-,아니오,아니오,아니오
청도군,35.6865508,128.6880326,양원리(여),특정계층이용시설,경상북도 청도군 이서면 양원1길 29,-,150,37,3,1,-,아니오,아니오,아니오
청도군,35.6808188,128.6275354,칠엽1리,특정계층이용시설,경상북도 청도군 이서면 대전칠엽길 426,-,86,21,2,1,-,아니오,아니오,아니오
청도군,35.6742737,128.6279163,칠엽2리,특정계층이용시설,경상북도 청도군 이서면 하칠엽길 12,-,85,21,2,1,-,아니오,아니오,아니오
청도군,35.6570042,128.6340907,대전1리(남휘),특정계층이용시설,경상북도 청도군 이서면 대전칠엽길 116-7,-,189,47,2,1,-,아니오,아니오,아니오
상주시,36.4734,128.1785,원흥(들마)야외무더위쉼터,야외시설,경상북도 상주시 사벌국면 원흥4길 66-10,-,30,5,정보없음,정보없음,-,아니오,아니오,아니오
의성군,36.3392193,128.668997,용연2리,특정계층이용시설,경상북도 의성군 의성읍 용연2길 38,-,72.61,57,1,1,-,아니오,아니오,아니오
예천군,36.5538765,128.4553805,암천경로당,특정계층이용시설,경상북도 예천군 지보면 암천길 49,-,109,27,2,1,-,아니오,아니오,아니오
예천군,36.4831156,128.3086248,풍신1경로당,특정계층이용시설,경상북도 예천군 풍양면 풍신길 283,-,106,26,2,1,-,아니오,아니오,아니오
청도군,35.6533014,128.6337903,대전2리,특정계층이용시설,경상북도 청도군 이서면 대전칠엽길 77,-,95,23,2,1,-,아니오,아니오,아니오
예천군,36.6070335,128.2799983,읍부1경로당,특정계층이용시설,경상북도 예천군 용궁면 용궁로 134-8,-,52,13,2,1,-,아니오,아니오,아니오
봉화군,36.8919562,128.7374966,봉화군노인복지관,특정계층이용시설,경상북도 봉화군 봉화읍 내성천2길 75,-,2332,100,23,38,-,아니오,아니오,아니오
예천군,36.607826,128.2733099,읍부2경로당,특정계층이용시설,경상북도 예천군 용궁면 용궁로 73-1,-,45,11,2,1,-,아니오,아니오,아니오
고령군,35.776815,128.38701,무계경로당,특정계층이용시설,경상북도 고령군 성산면 무계길 38-26,-,198.87,60,1,1,-,아니오,아니오,아니오
칠곡군,36.053736,128.494897,학산1리경로당,특정계층이용시설,경상북도 칠곡군 가산면 호국로  1235,-,200,50,3,1,-,아니오,아니오,아니오
칠곡군,36.094886,128.499975,학상리경로당,특정계층이용시설,경상북도 칠곡군 가산면 학상4길  42-1,-,200,50,3,1,-,아니오,아니오,아니오
칠곡군,36.052533,128.508797,학산2리경로당,특정계층이용시설,"경상북도 칠곡군 가산면 학산2길  49 , 학산2리경로당",-,70,17,1,1,-,아니오,아니오,아니오
김천시,36.1208102,128.0876178,부곡3아파트경로당,특정계층이용시설,"경상북도 김천시 문지왈길 68 (부곡동, 부곡3주공아파트)",-,84,21,2,1,-,아니오,아니오,예
고령군,35.822349,128.455064,다산면분회,특정계층이용시설,경상북도 고령군 다산면다산로 708-11,-,135.5,41,1,1,-,아니오,아니오,아니오
고령군,35.82723,128.454415,평리경로당,특정계층이용시설,경상북도 고령군 다산면 평리5길 15,-,99.45,30,1,1,-,아니오,아니오,아니오
고령군,35.826954,128.456488,호촌1리경로당,특정계층이용시설,경상북도 고령군 다산면호촌길 72-12,-,74.58,23,1,1,-,아니오,아니오,아니오
고령군,35.819566,128.466497,호촌2리경로당,특정계층이용시설,경상북도 고령군 다산면사문나루1길 17,-,295.85,89,1,1,-,아니오,아니오,아니오
고령군,35.836207,128.450785,곽촌경로당,특정계층이용시설,경상북도 고령군 다산면 곽촌2길  8-15,-,141.81,43,1,1,-,아니오,아니오,아니오
고령군,35.828317,128.44604,상곡1리경로당,특정계층이용시설,경상북도 고령군 다산면상곡4길 39,-,124.7,38,1,1,-,아니오,아니오,아니오
고령군,35.644056,128.377948,답곡1리경로당,특정계층이용시설,경상북도 고령군 우곡면답곡1길 84,-,122.6,37,1,1,-,아니오,아니오,아니오
고령군,35.650948,128.375876,답곡2리경로당,특정계층이용시설,경상북도 고령군 우곡면희정길 38,-,88.5,27,1,1,-,아니오,아니오,아니오
칠곡군,36.101991,128.544766,석우1리경로당,특정계층이용시설,"경상북도 칠곡군 가산면 석우3길  8 , 석우1리경노당",-,70,17,3,1,-,아니오,아니오,아니오
칠곡군,36.10252,128.53744,석우2리경로당,특정계층이용시설,"경상북도 칠곡군 가산면 인동가산로  1207-13, 석우2리경노당",-,90,22,4,1,-,아니오,아니오,아니오
울진군,36.680024,129.4644842,뱀골쉼터,야외시설,경상북도 울진군 후포면 후포로 244-1,-,15,8,정보없음,정보없음,-,아니오,아니오,아니오
칠곡군,36.0859284,128.5393712,가산면경로당,특정계층이용시설,경상북도 칠곡군 가산면 천평1길 11-1,-,39,20,1,1,-,아니오,아니오,아니오
예천군,36.4875014,128.2987937,괴당1경로당,특정계층이용시설,경상북도 예천군 풍양면 괴당1길 211-6,-,103,25,3,1,-,아니오,아니오,아니오
포항시,35.9865013,129.3966575,인덕마을쉼터,특정계층이용시설,경상북도 포항시 남구 인덕로 7-29 (인덕동),-,174,53,1,1,-,아니오,아니오,아니오
포항시,36.0092347,129.3284662,승리어버이집마을쉼터,특정계층이용시설,"경상북도 포항시 남구 지곡로 20 (효자동, 승리아파트)",-,83.08,27,2,1,-,아니오,아니오,아니오
포항시,36.004462,129.342933,에스케이뷰3차마을쉼터,특정계층이용시설,경상북도 포항시 남구 효성로 88 (효자웰빙타운 에스케이뷰 3차아파트 304동),-,167,22,2,1,-,아니오,아니오,아니오
예천군,36.4886236,128.3174173,풍신2경로당,특정계층이용시설,경상북도 예천군 풍양면 풍신길 127,-,71,17,3,1,-,아니오,아니오,아니오
칠곡군,36.032507,128.365159,복성1리경로당,특정계층이용시설,"경상북도 칠곡군 약목면 약목로1길  8-3, 복성1리경로당",-,185.58,46,2,1,-,아니오,아니오,아니오
영덕군,36.5199183,129.2770932,대1리경로당,특정계층이용시설,경상북도 영덕군 영해면 대동로 1224-1,-,132,15,3,1,-,아니오,아니오,예
영덕군,36.5395457,129.4124828,괴시3리경로당,특정계층이용시설,경상북도 영덕군 영해면 예주8길 14-1,-,85,25,3,1,-,아니오,아니오,예
영덕군,36.562401,129.430061,대진1리경로당,특정계층이용시설,경상북도 영덕군 영해면 영덕대게로 2793,-,50,30,2,1,-,아니오,아니오,예
칠곡군,36.033771,128.367406,복성2리경로당,특정계층이용시설,"경상북도 칠곡군 약목면 약목로6길  5 , 복성2리노인회관",-,84.87,21,2,2,-,아니오,아니오,아니오
칠곡군,36.039137,128.360295,복성4리마을회관,특정계층이용시설,"경상북도 칠곡군 약목면 복성14길  6-2, 복성2리마을회관",-,144.51,36,2,1,-,아니오,아니오,아니오
영덕군,36.5370119,129.4011631,벌영1리경로당,특정계층이용시설,경상북도 영덕군 영해면 벌영2길 8-5,-,260,25,3,1,-,아니오,아니오,예
영덕군,36.5390716,129.3781348,원구1리경로당,특정계층이용시설,경상북도 영덕군 영해면 원구1길 46,-,98,20,3,1,-,아니오,아니오,예
영덕군,36.5412937,129.3650608,원구2리경로당,특정계층이용시설,경상북도 영덕군 영해면 창수영해로 198,-,98,20,3,1,-,아니오,아니오,예
영덕군,36.536775,129.3919243,벌영2리경로당,특정계층이용시설,경상북도 영덕군 영해면 벌영5길 15,-,163,22,3,2,-,아니오,아니오,예
영덕군,36.5321341,129.3456581,묘곡2리경로당,특정계층이용시설,경상북도 영덕군 영해면 백일길 13-42,-,70,15,3,1,-,아니오,아니오,예
김천시,35.9113528,128.0254076,동안금포경로당,특정계층이용시설,경상북도 김천시 증산면 동안1길 47-3,-,168,42,2,1,-,아니오,아니오,-
김천시,35.867692,128.059949,마고실경로당,특정계층이용시설,경상북도 김천시 증산면장전3길 37,-,112,28,2,1,-,아니오,아니오,-
예천군,36.6649891,128.3582082,중평리경로당,특정계층이용시설,경상북도 예천군 유천면 중평길 64,-,77,19,1,1,-,아니오,아니오,아니오
예천군,36.6656977,128.3453224,죽안리경로당,특정계층이용시설,경상북도 예천군 유천면 죽안길 176,-,79,19,1,1,-,아니오,아니오,아니오
영주시,36.904137,128.610739,단산면구구2리마을회관(정자),야외시설,경상북도 영주시 단산면 구구로105번길 19-2,-,40,1,정보없음,정보없음,-,아니오,아니오,아니오
경주시,35.86241,129.314324,암곡와동경로당,특정계층이용시설,"경상북도 경주시  보덕로  317 , 암곡경로당 (암곡동)",-,101,31,2,2,-,아니오,아니오,아니오
경주시,35.875006,129.321287,암곡왕산경로당,특정계층이용시설,"경상북도 경주시  보덕로  478-4, 암곡동왕산노인정 (암곡동)",-,93,28,2,2,-,아니오,아니오,아니오
예천군,36.6791075,128.3492833,마천경로당,특정계층이용시설,경상북도 예천군 유천면 마천길 130,-,69,17,1,1,-,아니오,아니오,아니오
칠곡군,35.973579,128.513257,심천2리경로당,특정계층이용시설,"경상북도 칠곡군 지천면 심천로  327-5, 심천2리경노당",-,81.74,20,1,1,-,아니오,아니오,아니오
칠곡군,35.9425574,128.4937495,덕산리경로당,특정계층이용시설,경상북도 칠곡군 지천면 지천로 51-10,-,132.24,33,2,2,-,아니오,아니오,아니오
칠곡군,36.085071,128.539531,천평경로당,특정계층이용시설,경상북도 칠곡군 가산면 천평1길  20-2,-,140,35,2,1,-,아니오,아니오,아니오
칠곡군,36.097768,128.519639,송학1리경로당,특정계층이용시설,경상북도 칠곡군 가산면 송학3길  62,-,135,33,1,1,-,아니오,아니오,아니오
예천군,36.6740083,128.3450644,화전리경로당,특정계층이용시설,경상북도 예천군 유천면 화전길 46,-,65,16,1,1,-,아니오,아니오,아니오
예천군,36.680189,128.3409657,사곡경로당,특정계층이용시설,경상북도 예천군 유천면 사곡길 70-2,-,92,23,1,1,-,아니오,아니오,아니오
경산시,35.8248,128.7238,옥산2경로당,특정계층이용시설,경상북도 경산시 성암로15길 11 (옥산동),-,109.81,12,1,2,-,아니오,아니오,아니오
경산시,35.837317,128.7290279,한솔2차아파트경로당,특정계층이용시설,경상북도 경산시 대학로13길 42,-,113,30,2,1,-,아니오,아니오,아니오
경산시,35.8308269,128.7266089,옥산2차한라아파트경로당,특정계층이용시설,경상북도 경산시 대학로8길 32,-,107,25,2,1,-,아니오,아니오,아니오
경산시,35.8316764,128.7286089,귀빈타운아파트경로당,특정계층이용시설,경상북도 경산시 대학로12길 24,-,106,25,2,2,-,아니오,아니오,아니오
경산시,35.833474,128.7287006,경산우방맨션2차경로당,특정계층이용시설,경상북도 경산시 대학로12길 6,-,99,20,2,1,-,아니오,아니오,아니오
경산시,35.8355632,128.7284321,현대타운경로당,특정계층이용시설,경상북도 경산시 대학로 47 (정평동),-,96,20,2,1,-,아니오,아니오,아니오
칠곡군,36.10456,128.520327,송학2리경로당,특정계층이용시설,경상북도 칠곡군 가산면 송학4길  10,-,170,42,2,1,-,아니오,아니오,아니오
칠곡군,36.11099,128.500554,심곡리경로당,특정계층이용시설,경상북도 칠곡군 가산면 심곡1길  71,-,100,25,2,1,-,아니오,아니오,아니오
울진군,36.714587,129.3728825,금천1리쉼터,야외시설,경상북도 울진군 온정면 원덕산1길 76-8,-,15,8,정보없음,정보없음,-,아니오,아니오,아니오
영덕군,36.2918322,129.3766922,부흥1리경로당,특정계층이용시설,경상북도 영덕군 남정면 부흥1길 27,-,80,24,2,1,-,아니오,아니오,아니오
예천군,36.6844163,128.4595377,생천리(숯골)경로당,특정계층이용시설,경상북도 예천군 예천읍 도효자로 168-17,-,61,15,1,1,-,아니오,아니오,아니오
예천군,36.676624,128.444707,용산1리경로당,특정계층이용시설,경상북도 예천군 예천읍 용산길 49,-,66,15,1,1,-,아니오,아니오,아니오
예천군,36.666842,128.4299341,용산2(새벽골)경로당,특정계층이용시설,경상북도 예천군 예천읍 용산길 253,-,79,19,1,1,-,아니오,아니오,아니오
예천군,36.6452981,128.4870085,고평1리경로당,특정계층이용시설,경상북도 예천군 예천읍 솔천지길 48,-,83,20,1,1,-,아니오,아니오,아니오
예천군,36.768138,128.4886236,수한리경로당,특정계층이용시설,경상북도 예천군 감천면 수한길 160-1,-,30,7,1,1,-,아니오,아니오,아니오
고령군,35.786193,128.354536,운교경로당,특정계층이용시설,경상북도 고령군 성산면상용로 391,-,62.87,19,1,1,-,아니오,아니오,아니오
상주시,36.306,128.0851,인창2리마을회관,특정계층이용시설,경상북도 상주시 공성면 인창1길 121,-,71,20,2,1,-,아니오,아니오,아니오
안동시,36.5576793,128.754369,용상1주공아파트경로당,특정계층이용시설,경상북도 안동시 경동로 903 (용상동),-,49.5,6,3,1,-,아니오,아니오,아니오
안동시,36.5579852,128.7433156,용상4주공아파트경로당,특정계층이용시설,"경상북도 안동시 전거리5길 14 (용상동, 4주공아파트)",-,49.5,8,3,3,-,아니오,아니오,아니오
상주시,36.5059,128.1202,병암경로당,특정계층이용시설,경상북도 상주시 공검면 용머리로 377,-,108,30,2,1,-,아니오,아니오,아니오
안동시,36.6416585,128.8818034,기사1리새마을경로당,특정계층이용시설,경상북도 안동시 예안면 기사길 593,-,84.41,40,3,1,-,아니오,아니오,아니오
안동시,36.6513509,128.8709736,기사2리경로당,특정계층이용시설,경상북도 안동시 예안면 기사정산길 89,-,67.65,30,3,1,-,아니오,아니오,아니오
고령군,35.775594,128.20998,본리2리경로당,특정계층이용시설,경상북도 고령군 덕곡면 승암2길 3 (본리2리마을회관),-,78,24,1,1,-,아니오,아니오,아니오
안동시,36.7773216,128.8439843,태자1리경로당,특정계층이용시설,경상북도 안동시 도산면 가재미길 8,-,68.68,16,2,1,-,아니오,아니오,아니오
예천군,36.6560557,128.3659557,손기경로당,특정계층이용시설,경상북도 예천군 유천면 손기길 59,-,89,22,1,1,-,아니오,아니오,아니오
예천군,36.6655839,128.3768919,수심경로당,특정계층이용시설,경상북도 예천군 유천면 수심1길 87,-,69,17,1,1,-,아니오,아니오,아니오
예천군,36.6712113,128.3682999,수심(지만)경로당,특정계층이용시설,경상북도 예천군 유천면 수심2길 20,-,78,19,1,1,-,아니오,아니오,아니오
안동시,36.630723,128.855895,도목리경로당,특정계층이용시설,경상북도 안동시 예안면 도목호반길 265,-,76.11,30,3,1,-,아니오,아니오,아니오
안동시,36.6654126,128.855267,주진2리경로당,특정계층이용시설,경상북도 안동시 예안면 기사길 1,-,102.9,40,3,2,-,아니오,아니오,아니오
경산시,35.8245335,128.7403947,경산시청별관1,공공시설,경상북도 경산시 원효로 23 (중방동),-,16.5,5,1,정보없음,-,예,예,-
의성군,36.4055058,128.570061,하령경로당,특정계층이용시설,경상북도 의성군 안평면 하령1길 9-13,-,76.7,38,2,1,-,아니오,아니오,아니오
의성군,36.4274617,128.5615576,삼춘2리경로당,특정계층이용시설,경상북도 의성군 안평면 삼춘2길  32,-,71.48,20,2,1,-,아니오,아니오,아니오
의성군,36.374112,128.580604,박곡복지회관,특정계층이용시설,경상북도 의성군 안평면봉호로 905,-,120,156,2,1,-,아니오,아니오,아니오
예천군,36.666916,128.3567478,송전리경로당,특정계층이용시설,경상북도 예천군 유천면 송전길 1-1,-,92,23,1,1,-,아니오,아니오,아니오
예천군,36.6659878,128.3570802,화남학구경로당,특정계층이용시설,경상북도 예천군 유천면 중평길 77,-,76,19,1,1,-,아니오,아니오,아니오
안동시,36.4718285,128.9390123,구수2리경로당,특정계층이용시설,경상북도 안동시 길안면 남촌1길 13,-,68.25,9,2,2,-,아니오,아니오,아니오
청송군,36.518786,129.031116,이촌2리경로당,특정계층이용시설,경상북도 청송군 진보면 솔고개2길 64,-,128,39,2,1,-,아니오,아니오,아니오
칠곡군,36.0483838,128.4783461,도개2리(학전)노인회,특정계층이용시설,경상북도 칠곡군 석적읍 도개리 1131-1,-,70,21,2,1,-,아니오,아니오,아니오
구미시,36.142791,128.31625,가시골공원,야외시설,경상북도 구미시 도봉로5길 13-1,-,8,2,정보없음,정보없음,-,아니오,아니오,아니오
구미시,36.156095,128.309603,다봉공원,야외시설,경상북도 구미시 선기로2길 17-18,-,71.5,11,정보없음,정보없음,-,아니오,아니오,아니오
울진군,36.944245,129.367386,근남구산4리마을회관,특정계층이용시설,경상북도 울진군 근남면 내성산길 7-6,-,98,20,1,1,-,아니오,아니오,아니오
고령군,35.683863,128.253063,신곡1리경로당,특정계층이용시설,경상북도 고령군 쌍림면신곡길 14,-,95.52,29,1,1,-,아니오,아니오,아니오
고령군,35.662222,128.254237,신곡2리경로당,특정계층이용시설,경상북도 고령군 쌍림면 안박실길  3,-,112.3,34,1,1,-,아니오,아니오,아니오
문경시,36.6467476,128.2977952,형천1리경로당,특정계층이용시설,경상북도 문경시 산양면 큰구리길  21,-,85,30,2,1,-,아니오,아니오,아니오
문경시,36.6433602,128.2931003,형천2리경로당,특정계층이용시설,경상북도 문경시 산양면 고모1길  30,-,85,20,2,2,-,아니오,아니오,아니오
문경시,36.622231,128.276081,우본2리경로당,특정계층이용시설,경상북도 문경시 산양면우본길 67-15,-,85,30,2,1,-,아니오,아니오,아니오
문경시,36.6108019,128.2576306,불암리경로당,특정계층이용시설,경상북도 문경시 산양면 산양로 99,-,85,30,4,1,-,아니오,아니오,-
문경시,36.6270577,128.2374148,봉정1리경로당,특정계층이용시설,경상북도 문경시 산양면 굴골길 64,-,85,20,2,1,-,아니오,아니오,-
구미시,36.151919,128.305266,동살공원,야외시설,경상북도 구미시 금오산로 366,-,7.5,2,정보없음,정보없음,-,아니오,아니오,아니오
경산시,35.798584,128.814376,계남2리경로당,특정계층이용시설,경상북도 경산시 자인면 원효로156길 206,-,132,30,4,1,-,아니오,아니오,아니오
안동시,36.4653603,128.936297,구수2리오름실경로당,특정계층이용시설,경상북도 안동시 길안면 수곡용계로  163,-,66,18,2,1,-,아니오,아니오,아니오
안동시,36.446677,128.962818,배방리모듬이경로당,특정계층이용시설,경상북도 안동시 길안면 배방길 3,-,71.7,17,2,2,-,아니오,아니오,아니오
안동시,36.4423156,128.9752454,배방리비석거리,특정계층이용시설,경상북도 안동시 길안면 비석거리길  35,-,60.12,14,2,1,-,아니오,아니오,아니오
안동시,36.4818934,128.9185933,용계리경로당,특정계층이용시설,경상북도 안동시 길안면 용계은행나무길  371-11,-,39.95,9,2,2,-,아니오,아니오,아니오
안동시,36.4735412,128.9588351,대곡1리경로당,특정계층이용시설,경상북도 안동시 길안면 하지길  74,-,82.69,9,2,1,-,아니오,아니오,아니오
예천군,36.6421282,128.4824378,고평2리경로당,특정계층이용시설,경상북도 예천군 예천읍 고평길 68,-,92,23,1,1,-,아니오,아니오,아니오
안동시,36.6456,128.6665,태장2리경로당,특정계층이용시설,경상북도 안동시 서후면봉정사길 163-8,-,121.93,50,4,2,-,아니오,아니오,아니오
구미시,36.129949,128.322874,남통공원,야외시설,경상북도 구미시 야은로13길 4,-,35,6,정보없음,정보없음,-,아니오,아니오,아니오
경산시,35.792658,128.875182,용성농협,생활밀착민간시설,경상북도 경산시 용성면 원효로  1418-1,-,40,10,0,4,-,아니오,아니오,아니오
안동시,36.611586,128.690673,이송천리경로당,특정계층이용시설,경상북도 안동시 서후면 이송천1길 51,-,76.3,40,4,2,-,아니오,아니오,아니오
성주군,35.895748,128.325593,신부리경로당,특정계층이용시설,"경상북도 성주군 선남면 신부길  213-7, 신부1리경로당",-,67,30,1,1,-,아니오,아니오,아니오
성주군,35.908778,128.333357,신부2경로당,특정계층이용시설,경상북도 성주군 선남면 신부길  9-1,-,99,50,1,1,-,아니오,아니오,아니오
성주군,35.9203872,128.3166271,성원1경로당,특정계층이용시설,경상북도 성주군 선남면 성원1길 41-6,-,107,60,1,1,-,아니오,아니오,아니오
성주군,35.913638,128.319384,성원2경로당,특정계층이용시설,"경상북도 성주군 선남면 성원2길  9 , 성원2리복지회관",-,100,50,2,1,-,아니오,아니오,아니오
성주군,35.93679,128.352383,문방1리경로당,특정계층이용시설,"경상북도 성주군 선남면 문방3길  25-6, 문방1리노인회관",-,108,50,2,1,-,아니오,아니오,아니오
예천군,36.6479025,128.3836609,광전리마람터경로당,특정계층이용시설,경상북도 예천군 유천면 광전3길 109,-,76,17,1,1,-,아니오,아니오,아니오
칠곡군,35.986821,128.367865,평복1리경로당,특정계층이용시설,경상북도 칠곡군 기산면 평복1길  24,-,73.6,50,4,1,-,아니오,아니오,아니오
칠곡군,35.993286,128.366919,평복2리경로당,특정계층이용시설,경상북도 칠곡군 기산면 평복3길  27-3,-,53.66,40,2,1,-,아니오,아니오,아니오
울진군,37.0760044,129.3875024,고목2리마을회관,특정계층이용시설,경상북도 울진군 북면고목2길 19-11,-,101,5,2,1,-,아니오,아니오,아니오
울진군,36.9533596,129.3710273,수곡1리비월동경로당,특정계층이용시설,경상북도 울진군 근남면비월길 27,-,69,17,2,2,-,아니오,아니오,아니오
울진군,36.955914,129.3576675,수곡1리누금마을회관,특정계층이용시설,경상북도 울진군 근남면누금길 14,-,71,18,2,1,-,아니오,아니오,아니오
칠곡군,35.967088,128.350699,영2리지매기경로당,특정계층이용시설,경상북도 칠곡군 기산면 금학길  6-12,-,163.8,60,2,1,-,아니오,아니오,아니오
칠곡군,35.973763,128.35217,한솔경로당,특정계층이용시설,"경상북도 칠곡군 기산면 한솔2길  48 , 한솔마을노인정",-,89.9,30,2,1,-,아니오,아니오,아니오
포항시,36.1948412,129.3727992,용두1리마을쉼터,특정계층이용시설,경상북도 포항시 북구 청하면 해안로 2260,-,94,33,1,1,-,아니오,아니오,아니오
경산시,35.841632,128.732912,대평경로당,특정계층이용시설,경상북도 경산시 경안로 383,-,93,50,2,1,-,아니오,아니오,아니오
고령군,35.7444268,128.3299604,기산리경로당,특정계층이용시설,경상북도 고령군 성산면 기산길 80,-,88.68,27,1,1,-,아니오,아니오,아니오
예천군,36.5995798,128.2793253,금남1리경로당,특정계층이용시설,경상북도 예천군 용궁면 금남길 44,-,33,8,2,1,-,아니오,아니오,아니오
예천군,36.6128406,128.2883073,가야1경로당,특정계층이용시설,경상북도 예천군 용궁면 왕의산로 45,-,95,23,2,1,-,아니오,아니오,아니오
칠곡군,36.041747,128.605265,응추리(양지)경로당,특정계층이용시설,경상북도 칠곡군 가산면 가산로  1079-3,-,120,30,1,1,-,아니오,아니오,아니오
문경시,36.64233,128.201104,우로2리정자,야외시설,경상북도 문경시 호계면 우로길 4,-,20,4,정보없음,정보없음,-,아니오,아니오,아니오
안동시,36.551151,128.7671268,용상3구경로당,특정계층이용시설,경상북도 안동시 용상동 숲쟁이길  10-11  (용상동),-,79.72,8,4,1,-,아니오,아니오,아니오
칠곡군,36.041475,128.612776,응추리(음지)경로당,특정계층이용시설,경상북도 칠곡군 가산면 가산로  1155-2,-,120,30,1,1,-,아니오,아니오,아니오
상주시,36.5113,128.1361,동막1리경로당,특정계층이용시설,경상북도 상주시 공검면 섬밭길 37-6,-,86,50,2,1,-,아니오,아니오,아니오
문경시,36.723691,128.242846,거산쉼터,야외시설,경상북도 문경시 산북면 거무길 46-1,-,20,7,정보없음,정보없음,-,아니오,아니오,아니오
영주시,36.830357,128.621694,영주1동철탄아파트옆(정자),야외시설,경상북도 영주시 숫골길 51,-,40,1,정보없음,정보없음,-,아니오,아니오,아니오
고령군,35.71334,128.391227,구곡2리경로당,특정계층이용시설,경상북도 고령군 개진면봉동길 106,-,90.07,27,1,1,-,아니오,아니오,아니오
안동시,36.5551994,128.7615976,용상동현대아파트경로당,특정계층이용시설,경상북도 안동시 길주길 101-27 (용상동),-,132,7,2,2,-,아니오,아니오,아니오
안동시,36.5546639,128.756327,용상동용궁경로당,특정계층이용시설,경상북도 안동시 마들1길 22 (용상동),-,96.7,7,2,2,-,아니오,아니오,아니오
안동시,36.6850626,128.7022644,북후면행정복지센터,공공시설,경상북도 안동시 북후면 북평로 877,-,407.98,20,정보없음,정보없음,-,아니오,아니오,아니오
안동시,36.6169614,128.6638606,서후면행정복지센터,공공시설,경상북도 안동시 서후면 서후중앙길 20,-,350.95,20,정보없음,정보없음,-,아니오,아니오,아니오
안동시,36.5561991,128.5065383,풍천면행정복지센터,공공시설,경상북도 안동시 풍천면 지풍로 1471,-,335.49,20,정보없음,정보없음,-,아니오,아니오,아니오
문경시,36.6223907,128.1628293,유곡새마을소공원,야외시설,경상북도 문경시 유곡불정로 187-10 (유곡동),-,300,46,정보없음,정보없음,-,아니오,아니오,아니오
구미시,36.09786,128.433212,건강공원,야외시설,경상북도 구미시 인동54안길 6-19,-,15.9,3,정보없음,정보없음,-,아니오,아니오,아니오
문경시,36.5810096,128.236114,의곡1리팔각정,야외시설,경상북도 문경시 영순면 의곡2길 18,-,25,4,정보없음,정보없음,-,-,-,-
고령군,35.785857,128.280599,대평1리경로당,특정계층이용시설,경상북도 고령군 운수면 흑수길 32,-,171.37,52,1,1,-,아니오,아니오,아니오
울진군,36.7157007,129.4276754,동팔쉼터,야외시설,경상북도 울진군 평해읍 학곡3길 40,-,15,8,정보없음,정보없음,-,아니오,아니오,아니오
안동시,36.5527389,128.7630889,용상5주공아파트비마경로당,특정계층이용시설,"경상북도 안동시 경동로 977-6 (용상동, 5주공아파트)",-,58.74,30,2,1,-,아니오,아니오,아니오
안동시,36.558024,128.7473577,용상2주공아파트경로당,특정계층이용시설,"경상북도 안동시 전거리8길 40 (용상동, 2주공아파트)",-,151.8,15,2,1,-,아니오,아니오,아니오
안동시,36.5581748,128.7566435,용상경동아파트경로당,특정계층이용시설,"경상북도 안동시 중들길 65 (용상동, 경동아파트)",-,52.8,8,3,2,-,아니오,아니오,아니오
문경시,36.777328,128.174346,용연쉼터,야외시설,경상북도 문경시 문경읍 용연길 97-6,-,30,5,정보없음,정보없음,-,-,-,-
예천군,36.6038511,128.4704757,월포(서당마)경로당,특정계층이용시설,경상북도 예천군 호명읍 서당마길 23-1,-,69,17,1,1,-,아니오,아니오,아니오
안동시,36.559196,128.748086,용상3주공아파트경로당,특정계층이용시설,경상북도 안동시 전거리8길 73,-,49.5,27,2,2,-,아니오,아니오,아니오
안동시,36.5551,128.7639,용상현대아파트제2경로당,특정계층이용시설,"경상북도 안동시 길주길 101-12 (용상동, 현대아파트)",-,112.2,8,2,2,-,아니오,아니오,아니오
안동시,36.5622308,128.7477616,용상마뜰경로당,특정계층이용시설,경상북도 안동시 용상동 용상북1길  36-10  (용상동),-,79.82,14,3,1,-,아니오,아니오,아니오
안동시,36.5522024,128.7625954,5주공아파트경로당,특정계층이용시설,"경상북도 안동시 경동로 977-6 (용상동, 5주공아파트)",-,48.51,8,3,3,-,아니오,아니오,아니오
문경시,36.752,128.086857,하초쉼터,야외시설,경상북도 문경시 문경읍 하푸실길 62,-,30,5,정보없음,정보없음,-,-,-,-
울진군,36.7304994,129.4577027,샘골쉼터,야외시설,경상북도 울진군 평해읍 정산길 3,-,15,8,정보없음,정보없음,-,아니오,아니오,아니오
울진군,36.7127586,129.4452551,바깥멋질쉼터,야외시설,경상북도 울진군 평해읍 울진대게로 529-21,-,15,8,정보없음,정보없음,-,아니오,아니오,아니오
울진군,36.9235522,129.3461363,구산3리마을회관,특정계층이용시설,경상북도 울진군 근남면왕피천로 593,-,94,24,1,2,-,아니오,아니오,아니오
울진군,36.9643207,129.3867028,노음2리마을회관,특정계층이용시설,경상북도 울진군 근남면노음4길 79-4,-,133,33,3,1,-,아니오,아니오,아니오
울진군,36.710875,129.475121,어촌체험마을앞쉼터,야외시설,경상북도 울진군 평해읍 울진대게로 671,-,15,8,정보없음,정보없음,-,아니오,아니오,아니오
문경시,36.722198,128.118295,마원3쉼터,야외시설,경상북도 문경시 문경읍 우무실안길 10,-,40,7,정보없음,정보없음,-,-,-,-
예천군,36.627638,128.4617606,종산2리경로당,특정계층이용시설,경상북도 예천군 호명읍 종산길 325,-,79,19,1,1,-,아니오,아니오,아니오
예천군,36.6248422,128.4388808,내신2리경로당,특정계층이용시설,경상북도 예천군 호명읍 내신2길 245,-,30,7,1,1,-,아니오,아니오,아니오
칠곡군,35.991644,128.340005,봉산2리경로당,특정계층이용시설,"경상북도 칠곡군 기산면 지산로  499 , 복성2리경로회관",-,139.48,50,2,1,-,아니오,아니오,아니오
칠곡군,35.996832,128.324877,각산1리경로당,특정계층이용시설,"경상북도 칠곡군 기산면 지산로  345 , 각산1리회관",-,98,50,2,1,-,아니오,아니오,아니오
칠곡군,35.953021,128.385201,노석1리경로당,특정계층이용시설,"경상북도 칠곡군 기산면 노석1길  43 , 노석1리경로당",-,214.4,50,1,1,-,아니오,아니오,아니오
예천군,36.6259559,128.3313147,입암경로당,특정계층이용시설,경상북도 예천군 개포면 방터길 23-7,-,100,25,1,1,-,예,예,아니오
예천군,36.6424985,128.3288219,풍정경로당,특정계층이용시설,경상북도 예천군 개포면 풍정1길 60,-,82,20,1,1,-,아니오,예,아니오
울진군,36.9608098,129.4056773,산포1리마을회관,특정계층이용시설,경상북도 울진군 근남면산포4길 5,-,63,16,3,1,-,아니오,아니오,아니오
울진군,36.9189726,129.4168965,진복2리마을회관,특정계층이용시설,경상북도 울진군 근남면망양정로 423,-,102,26,2,1,-,아니오,아니오,아니오
울진군,36.8011222,129.456683,기성리경로당,특정계층이용시설,경상북도 울진군 기성면기성본길 82,-,170,30,1,1,-,아니오,아니오,아니오
울진군,36.851829,129.4265996,망양2리마을회관,특정계층이용시설,경상북도 울진군 기성면망양골안길 4,-,104,20,3,1,-,아니오,아니오,아니오
칠곡군,35.962991,128.387766,백석경로당,특정계층이용시설,경상북도 칠곡군 기산면 선노로  1023,-,127.56,50,1,1,-,아니오,아니오,아니오
성주군,35.922627,128.391247,용신2경로당,특정계층이용시설,"경상북도 성주군 선남면 선노로  551-3, 용신2리마을회관",-,84,30,2,1,-,아니오,아니오,아니오
성주군,35.901464,128.388595,도흥1경로당,특정계층이용시설,"경상북도 성주군 선남면 선노로  278 , 도흥1리복지회관",-,219,80,3,1,-,아니오,아니오,아니오
성주군,35.904451,128.376069,도흥2리경로당,특정계층이용시설,"경상북도 성주군 선남면 도흥길  129 , 도흥2리마을회관",-,102,40,4,1,-,아니오,아니오,아니오
성주군,35.900204,128.385321,도흥3경로당,특정계층이용시설,"경상북도 성주군 선남면 선노로  243 , 도흥3리마을회관",-,98,40,5,3,-,아니오,아니오,아니오
안동시,36.6577801,128.7126844,물한리경로당,특정계층이용시설,경상북도 안동시 북후면 물한길 126,-,110.03,77,3,2,-,아니오,아니오,아니오
성주군,35.9084135,128.352845,관화1경로당,특정계층이용시설,경상북도 성주군 선남면 관화4길 4,-,183,60,1,1,-,아니오,아니오,아니오
안동시,36.6265852,128.6525815,성곡리경로당,특정계층이용시설,경상북도 안동시 서후면 성곡제일길 159,-,103,50,3,2,-,아니오,아니오,아니오
안동시,36.6871332,128.6523908,월전리경로당,특정계층이용시설,경상북도 안동시 북후면 방우재길 81,-,132.24,31,2,1,-,아니오,아니오,아니오
영주시,36.8286861,128.6295675,향교골소공원1,야외시설,경상북도 영주시 명륜길28번길 25,-,186,18,정보없음,정보없음,-,아니오,아니오,아니오
문경시,36.6361326,128.2768257,과곡2리경로당,특정계층이용시설,경상북도 문경시 산양면 과하길  37,-,85,20,2,1,-,아니오,아니오,아니오
청송군,36.2363,128.8971,모계1리경로당,특정계층이용시설,경상북도 청송군 현서면 두수동길 8,-,71,22,2,1,-,아니오,아니오,아니오
안동시,36.6152047,128.639954,이개1리경로당,특정계층이용시설,경상북도 안동시 서후면 이개1길 21-4,-,105.23,50,4,3,-,아니오,아니오,아니오
안동시,36.5544238,128.7616566,용상동6주공경로당,특정계층이용시설,"경상북도 안동시 경동로 977-5 (용상동, 주공본가타운)",-,32.34,5,2,3,-,아니오,아니오,아니오
의성군,36.3808966,128.6391011,걸촌(석탑2리),특정계층이용시설,경상북도 의성군 안평면 석탑2길 112,-,71.4,14,1,1,-,아니오,아니오,아니오
울진군,36.8256767,129.4459235,해변쉼터(사동3리),야외시설,경상북도 울진군 기성면 사동항길 361,-,15,8,정보없음,정보없음,-,아니오,아니오,아니오
울진군,36.7350951,129.4607674,월송1리동회관뒤,야외시설,경상북도 울진군 평해읍 월송길 68-12,-,15,8,정보없음,정보없음,-,아니오,아니오,아니오
경산시,35.838125,128.750502,대동경로당,특정계층이용시설,경상북도 경산시 대동안길 1,-,111,50,2,1,-,아니오,아니오,아니오
경산시,35.83987,128.753928,조영1경로당,특정계층이용시설,경상북도 경산시 대학로61길 24-4,-,63,50,2,1,-,아니오,아니오,아니오
고령군,35.638473,128.367601,연리본동경로당,특정계층이용시설,경상북도 고령군 우곡면연리길 6,-,70.32,21,1,1,-,아니오,아니오,아니오
문경시,36.606102,128.026684,전곡1리경로당,특정계층이용시설,경상북도 문경시 가은읍전곡2길 23,-,108,35,1,1,-,아니오,아니오,아니오
문경시,36.6222917,128.0356765,성유1리경로당,특정계층이용시설,경상북도 문경시 가은읍 성유길 6,-,148,45,1,1,-,아니오,아니오,아니오
고령군,35.679909,128.242638,쌍림면분회,특정계층이용시설,경상북도 고령군 쌍림면대가야로 616,-,117.64,36,1,1,-,아니오,아니오,아니오
고령군,35.680913,128.243259,귀원경로당,특정계층이용시설,경상북도 고령군 쌍림면대가야로 628,-,161.46,49,1,1,-,아니오,아니오,아니오
경주시,35.837782,129.09951,조전2리마을회관,특정계층이용시설,경상북도 경주시 건천읍 박실길  2,-,106,32,1,1,-,아니오,아니오,아니오
경주시,35.865369,129.085762,용명1리노인회관,특정계층이용시설,경상북도 경주시 건천읍 장승길  15-17,-,112,34,1,1,-,아니오,아니오,아니오
예천군,36.683537,128.532257,작곡(읍실)경로당,특정계층이용시설,경상북도 예천군 보문면 읍실길 185-5,-,75,18,1,1,-,아니오,아니오,아니오
문경시,36.5694296,128.2815697,달지2리경로당,특정계층이용시설,경상북도 문경시 영순면 대율1길 23-13,-,85,30,2,1,-,아니오,아니오,아니오
칠곡군,35.9838594,128.4256332,삼청2리듸올경로당,특정계층이용시설,경상북도 칠곡군 왜관읍 현대로 17-1,-,39.5,20,2,1,-,아니오,아니오,아니오
안동시,36.5949622,128.7461085,서지리경로당,특정계층이용시설,경상북도 안동시 와룡면 가수내길 12,-,85.2,42,2,1,-,아니오,아니오,아니오
김천시,36.0703725,128.1049745,신안5리(지동)경로당,특정계층이용시설,경상북도 김천시 조마면 새래길 183-3,-,136,34,2,3,-,아니오,아니오,예
김천시,36.0747441,128.1087372,"신안2,3리(중동)경로당",특정계층이용시설,경상북도 김천시 조마면 신안2길 155,-,200,50,2,1,-,아니오,아니오,예
칠곡군,35.915958,128.504674,연호1리경로당,특정계층이용시설,경상북도 칠곡군 지천면 상납1길  13,-,217.08,54,1,1,-,아니오,아니오,아니오
김천시,36.1445039,128.0987086,교동코아루2차아파트경로당,특정계층이용시설,"경상북도 김천시 삼락택지길 137 (삼락동, 코아루2차아파트)",-,108,27,2,1,-,아니오,아니오,예
김천시,36.0781676,128.1071202,신안1리(죽정)경로당,특정계층이용시설,경상북도 김천시 조마면 신안1길 210,-,116,29,2,1,-,아니오,아니오,예
김천시,36.063062,128.057085,흥평2리경로당,특정계층이용시설,경상북도 김천시 구성면흥평2길 54,-,96,29,2,1,-,아니오,아니오,아니오
영덕군,36.4458603,129.4342226,노물리경로당겸마을회관,특정계층이용시설,경상북도 영덕군 영덕읍 노물길 15-2,-,58.32,15,2,1,-,아니오,아니오,아니오
영덕군,36.4413747,129.4318921,오보리경로당겸마을회관,특정계층이용시설,경상북도 영덕군 영덕읍 오보길 16-23,-,103.51,26,3,1,-,아니오,아니오,아니오
김천시,36.022474,128.0464903,미평2리경로당,특정계층이용시설,경상북도 김천시 구성면미평2길 165,-,66,21,4,1,-,아니오,아니오,아니오
김천시,36.160374,128.068134,직동경로당,특정계층이용시설,경상북도 김천시 봉산면인의2길 12,-,100.35,25,1,1,-,아니오,아니오,아니오
김천시,36.146401,128.047536,예지2리(외립석)경로당,특정계층이용시설,경상북도 김천시 봉산면 예지3길 93,-,96,24,2,1,-,아니오,아니오,예
김천시,36.1636694,128.0149035,신암1리(신촌)경로당,특정계층이용시설,경상북도 김천시 봉산면 봉산로 514-1,-,92,23,2,1,-,아니오,아니오,예
문경시,36.576716,127.99563,율수1리마을회관정자,야외시설,경상북도 문경시 농암면 밤소안길 4,-,20,4,정보없음,정보없음,-,-,-,-
문경시,36.5791287,128.0027121,율수2리마을회관정자,야외시설,경상북도 문경시 농암면 하율길 49,-,20,4,정보없음,정보없음,-,-,-,-
김천시,36.05032,128.079454,도지미경로당,특정계층이용시설,경상북도 김천시 구성면광명길 492,-,70.95,18,1,1,-,아니오,아니오,아니오
김천시,36.0305162,128.0398688,상원(원터)경로당,특정계층이용시설,경상북도 김천시 구성면 상원길 40,-,99.12,50,3,2,-,아니오,아니오,아니오
영덕군,36.4120006,129.3582386,천전리경로당겸마을회관,특정계층이용시설,경상북도 영덕군 영덕읍 천전길 102-3,-,71.75,18,2,1,-,아니오,아니오,아니오
울진군,36.681662,129.46002,후포리쉼터,야외시설,경상북도 울진군 후포면 울진대게로 169-68,-,15,8,정보없음,정보없음,-,아니오,아니오,아니오
영덕군,36.4072109,129.3577618,천전리경로당,특정계층이용시설,경상북도 영덕군 영덕읍 천전2길 6-5,-,54.3,14,2,1,-,아니오,아니오,아니오
영덕군,36.3922086,129.3690688,남산1리경로당겸마을회관,특정계층이용시설,경상북도 영덕군 영덕읍 남산2길 16,-,99,25,1,1,-,아니오,아니오,아니오
영덕군,36.3958431,129.3608731,남산2리경로당겸마을회관,특정계층이용시설,경상북도 영덕군 영덕읍 신공업단지길 104-3,-,83.88,21,1,1,-,아니오,아니오,아니오
울진군,36.6800041,129.4631905,등기산입구쉼터,야외시설,경상북도 울진군 후포면 후포로 231-2,-,15,8,정보없음,정보없음,-,아니오,아니오,아니오
문경시,36.69739,128.216091,선암2리원두막,야외시설,경상북도 문경시 호계면 선암길 344,-,20,4,정보없음,정보없음,-,아니오,아니오,아니오
문경시,36.6511138,128.2162508,가도리정자,야외시설,경상북도 문경시 호계면 부천로 381,-,20,4,정보없음,정보없음,-,아니오,아니오,아니오
문경시,36.6222419,128.2760924,우본2리쉼터,야외시설,경상북도 문경시 산양면 우본길 67-15,-,150,30,정보없음,정보없음,-,-,-,-
예천군,36.7686453,128.4525232,은산2경로당,특정계층이용시설,경상북도 예천군 은풍면 은풍로 386,-,33,8,1,1,-,아니오,아니오,아니오
문경시,36.72855,128.275792,소야쉼터,야외시설,경상북도 문경시 산북면 소야길 167-4,-,30,6,정보없음,정보없음,-,아니오,아니오,아니오
문경시,36.781823,128.355647,석항3리마을회관옆정자,야외시설,경상북도 문경시 동로면 석항명봉로 615-5,-,15,3,정보없음,정보없음,-,-,-,-
봉화군,36.886919,128.797734,외삼1리경로당,야외시설,경상북도 봉화군 봉성면 늪실길 1,-,60,10,정보없음,정보없음,-,아니오,아니오,아니오
봉화군,36.912466,128.778551,금봉1리경로당,야외시설,경상북도 봉화군 봉성면 문화마을길 68,-,60,10,정보없음,정보없음,-,아니오,아니오,아니오
영덕군,36.4052177,129.3764448,우곡리경로당겸마을회관,특정계층이용시설,경상북도 영덕군 영덕읍 서원길 21-2,-,99.4,25,2,1,-,아니오,아니오,아니오
영덕군,36.4327344,129.3790168,화수1리경로당겸마을회관,특정계층이용시설,경상북도 영덕군 영덕읍 화수1길 12,-,68.75,17,2,1,-,아니오,아니오,아니오
영덕군,36.4289794,129.4016129,삼계리경로당겸마을회관,특정계층이용시설,경상북도 영덕군 영덕읍 시걸길 194,-,35.06,9,1,1,-,아니오,아니오,아니오
예천군,36.7670567,128.4104575,사곡리경로당,특정계층이용시설,경상북도 예천군 효자면 상사곡길 27,-,89,22,1,1,-,아니오,아니오,아니오
예천군,36.7627091,128.3830983,명봉리경로당,특정계층이용시설,경상북도 예천군 효자면 양지마길 3,-,86,21,1,1,-,아니오,아니오,아니오
예천군,36.7960071,128.3921535,용두리경로당,특정계층이용시설,경상북도 예천군 효자면 도효자로 1908-36,-,90,22,1,1,-,아니오,아니오,아니오
울진군,36.7225767,129.3919569,광품2리경로당,특정계층이용시설,경상북도 울진군 온정면 광품1길 46,-,74,50,1,1,-,아니오,아니오,아니오
의성군,36.3936161,128.437977,용기6리경로당,특정계층이용시설,경상북도 의성군 안계면 용제길  36-13,-,80.64,14,4,2,-,아니오,아니오,아니오
김천시,36.189843,128.1572583,구야리쉼터,야외시설,경상북도 김천시 감문면 감문로 685,-,30,3,정보없음,정보없음,-,아니오,아니오,아니오
김천시,36.2167155,128.2080486,광덕장내쉼터,야외시설,경상북도 김천시 감문면 광덕2길 133,-,50,5,정보없음,정보없음,-,아니오,아니오,아니오
김천시,36.2026527,128.1979045,대양2리쉼터,야외시설,경상북도 김천시 감문면 대양3길 111-6,-,25,2,정보없음,정보없음,-,아니오,아니오,아니오
의성군,36.3847424,128.4389225,용기4리경로당,특정계층이용시설,경상북도 의성군 안계면 용기2길 11,-,299.04,25,4,1,-,아니오,아니오,아니오
의성군,36.3870399,128.4362671,용기5리경로당,특정계층이용시설,경상북도 의성군 안계면 용기1길 50,-,58.81,28,3,1,-,아니오,아니오,아니오
구미시,36.157233,128.343241,들성공원,야외시설,경상북도 구미시 들성로11길 30  (고아읍),-,425.8,65,정보없음,정보없음,-,아니오,아니오,아니오
의성군,36.447353,128.3586245,서릉1리경로당,특정계층이용시설,경상북도 의성군 다인면 서릉1길 26-8,-,71.4,15,3,2,-,아니오,아니오,아니오
예천군,36.6889549,128.4120318,상금3리경로당,특정계층이용시설,경상북도 예천군 용문면 금당실길 37,-,109,27,3,1,-,아니오,아니오,아니오
상주시,36.4164,128.1495,상주시노인종합복지관,특정계층이용시설,경상북도 상주시 중앙로 111 (무양동),-,1864,565,5,26,-,아니오,아니오,아니오
고령군,35.672414,128.174005,산주아랫마을경로당,특정계층이용시설,경상북도 고령군 쌍림면산주길 52-4,-,90.22,27,1,1,-,아니오,아니오,아니오
김천시,36.202586,128.1979896,대양2리천동경로당,특정계층이용시설,경상북도 김천시 감문면 대양3길 111-6,-,68,27,3,1,-,아니오,아니오,예
김천시,36.085654,128.137845,금송1리경로당,특정계층이용시설,경상북도 김천시 감천면금송1길 2-24,-,124,31,1,1,-,아니오,아니오,예
김천시,36.068717,128.123479,기동경로당,특정계층이용시설,경상북도 김천시 감천면광기1길 27-3,-,168,42,1,1,-,아니오,아니오,예
김천시,36.0531671,128.1556344,무안2리(신안)경로당,특정계층이용시설,경상북도 김천시 감천면 재실마길 36,-,84,21,2,1,-,아니오,아니오,예
김천시,36.0320499,128.1304972,용호2리경로당,특정계층이용시설,경상북도 김천시 감천면 용호6길 24-3,-,188,47,2,1,-,아니오,아니오,예
김천시,36.1157015,128.1039478,원곡경로당,특정계층이용시설,경상북도 김천시 음지마길 32-14 (부곡동),-,88,22,2,1,-,아니오,아니오,예
칠곡군,36.0635,128.3338,인평8리(2차)경로당,특정계층이용시설,경상북도 칠곡군 북삼읍 북삼로 214-4 (숭오 화진금봉타운(2차)),-,59.99,15,1,1,-,아니오,아니오,아니오
의성군,36.4022417,128.4468457,용기7리경로당,특정계층이용시설,경상북도 의성군 안계면 안신로 181-5,-,95.9,7,1,1,-,아니오,아니오,아니오
의성군,36.3784931,128.4437115,토매1리경로당,특정계층이용시설,경상북도 의성군 안계면 토매1길 120,-,77.4,10,3,1,-,아니오,아니오,아니오
상주시,36.4233,128.1535,LH천년나무경로당(관리사무소옆),특정계층이용시설,경상북도 상주시 동수4길 33,-,100,20,1,1,-,아니오,아니오,아니오
김천시,36.1913221,128.230587,배시내경로당,특정계층이용시설,경상북도 김천시 감문면 배시내길 53,-,90,70,2,2,-,아니오,아니오,예
김천시,36.2180473,128.2058277,광덕탄동경로당,특정계층이용시설,경상북도 김천시 감문면 광덕2길 29,-,58,16,3,1,-,아니오,아니오,예
김천시,36.2174103,128.1855399,둔둘마경로당,특정계층이용시설,경상북도 김천시 감문면삼원로 9-1,-,77,29,2,1,-,아니오,아니오,예
김천시,36.2194147,128.1905574,삼성1리삼봉경로당,특정계층이용시설,경상북도 김천시 감문면 삼성1길 125,-,92,31,2,1,-,아니오,아니오,예
김천시,36.2106963,128.1412981,교전경로당,특정계층이용시설,경상북도 김천시 감문면 문화로 252-1,-,40,16,2,2,-,아니오,아니오,예
김천시,36.2243012,128.1444057,남곡경로당,특정계층이용시설,경상북도 김천시 감문면 남곡리길 362,-,79,82,4,1,-,아니오,아니오,예
예천군,36.7289599,128.3469912,사부2경로당,특정계층이용시설,경상북도 예천군 용문면 사부령길 325-2,-,94,23,2,1,-,아니오,아니오,아니오
예천군,36.7132886,128.3457103,사부1리경로당,특정계층이용시설,경상북도 예천군 용문면 우망골길 98,-,81,20,2,1,-,아니오,아니오,아니오
예천군,36.704594,128.374872,내지1리신기경로당,특정계층이용시설,경상북도 예천군 용문면 용문사길 19,-,87,21,1,1,-,아니오,아니오,아니오
의성군,36.3893913,128.4458506,돌못안경로당,특정계층이용시설,경상북도 의성군 안계면 토매3길 77,-,65,6,2,1,-,아니오,아니오,아니오
예천군,36.693097,128.407067,금당실마을북촌경로당,특정계층이용시설,경상북도 예천군 용문면 금당실길 162,-,107,26,3,1,-,아니오,아니오,아니오
예천군,36.685299,128.423239,하금1리경로당,특정계층이용시설,경상북도 예천군 용문면 여각길 26-3,-,101,25,2,1,-,아니오,아니오,아니오
예천군,36.72799,128.374448,내지2리경로당,특정계층이용시설,경상북도 예천군 용문면 용문사길 287-14,-,83,20,3,1,-,아니오,아니오,아니오
예천군,36.7027694,128.3813742,원류리경로당,특정계층이용시설,경상북도 예천군 용문면 원류길 23,-,58,14,2,1,-,아니오,아니오,아니오
의성군,36.3627877,128.7619784,구암1리,특정계층이용시설,경상북도 의성군 점곡면 구암길 101,-,78.8,8,1,1,-,아니오,아니오,아니오
영덕군,36.2729802,129.378224,부경1리마을회관,특정계층이용시설,경상북도 영덕군 남정면 부경길 70,-,98,30,2,1,-,-,-,-
청송군,36.383547,129.127451,하의질부경로당,특정계층이용시설,경상북도 청송군 주왕산면 질부길 9,-,101,31,2,1,-,아니오,아니오,아니오
안동시,36.581487,128.572963,경신아파트경로당,특정계층이용시설,경상북도 안동시 풍산읍어란안길 20-8 (경신임대아파트),-,59.89,50,2,1,-,아니오,아니오,아니오
의성군,36.5065144,128.4208739,쌍호1리,특정계층이용시설,경상북도 의성군 안사면 안사풍천길 1092-8,-,75.9,15,1,1,-,아니오,아니오,아니오
의성군,36.4318833,128.34416,산내새터경로당,특정계층이용시설,경상북도 의성군 다인면 산내새터길 29,-,19.83,4,2,1,-,-,-,-
청송군,36.432873,129.026233,덕천2리경로당,특정계층이용시설,경상북도 청송군 파천면 길안청송로 1476-3,-,86,26,2,1,-,아니오,아니오,아니오
청송군,36.4373623,129.0082321,덕천3리경로당,특정계층이용시설,경상북도 청송군 파천면 이사리2길 12,-,60,18,2,1,-,아니오,아니오,아니오
청송군,36.4307137,129.025932,신흥2리경로당,특정계층이용시설,경상북도 청송군 파천면 안파로 1177-20,-,63,19,2,1,-,아니오,아니오,아니오
청송군,36.478584,128.98897,모질경로당,특정계층이용시설,경상북도 청송군 파천면 아랫모질길 18,-,73,22,2,1,-,아니오,아니오,아니오
청송군,36.4871302,129.0276781,송강1리경로당,특정계층이용시설,경상북도 청송군 파천면 청송로 5894-21,-,88,13,2,1,-,아니오,아니오,아니오
문경시,36.73971,128.084196,진안쉼터,야외시설,경상북도 문경시 문경읍 진안길 3,-,35,6,정보없음,정보없음,-,-,-,-
청송군,36.349678,129.021612,노래1리경로당,특정계층이용시설,경상북도 청송군 안덕면 안파로 37-1,-,62,19,2,1,-,아니오,아니오,아니오
영덕군,36.2899412,129.3735242,부흥2리경로당,특정계층이용시설,경상북도 영덕군 남정면 진불길 91,-,92,28,2,1,-,아니오,아니오,아니오
상주시,36.4448,128.2286,삼덕리마을회관,특정계층이용시설,경상북도 상주시 사벌국면 경천로 430,-,81,25,6,1,-,아니오,아니오,아니오
안동시,36.649514,128.731049,도진리마사경로당,특정계층이용시설,경상북도 안동시 북후면 산약길 470-5,-,95.02,31,3,1,-,아니오,아니오,아니오
영주시,36.7706373,128.6040966,권선리경로당,특정계층이용시설,경상북도 영주시 문수면 반구로324번길 90,-,75,37,1,1,-,아니오,아니오,아니오
울진군,37.0016843,129.385542,고성2리쉼터,야외시설,경상북도 울진군 울진읍 정림1길 17,-,15,8,정보없음,정보없음,-,아니오,아니오,아니오
상주시,36.3406399,128.130808,원장1리동회관,특정계층이용시설,경상북도 상주시 청리면청리중앙로 182,-,71,22,1,1,-,아니오,아니오,아니오
울진군,37.0253581,129.3506988,정림1리마을회관,특정계층이용시설,경상북도 울진군 울진읍 정림1길 2,-,157,39,2,3,-,아니오,아니오,아니오
울진군,37.0120453,129.3798733,호월1리마을회관,특정계층이용시설,경상북도 울진군 울진읍 호월1길 43,-,190,47,2,2,-,아니오,아니오,아니오
울진군,36.7231237,129.440233,평해읍노인회관,특정계층이용시설,경상북도 울진군 평해읍평해1길 7,-,99,24,1,1,-,아니오,아니오,아니오
울진군,36.7274461,129.4426082,평해2리마을회관,특정계층이용시설,경상북도 울진군 평해읍평해7길 20,-,142,35,1,1,-,아니오,아니오,아니오
울진군,36.725948,129.4390466,평해3리마을회관,특정계층이용시설,경상북도 울진군 평해읍평해5길 52-6,-,77,19,1,1,-,아니오,아니오,아니오
문경시,36.750669,128.163069,당포1쉼터,야외시설,경상북도 문경시 문경읍 당포길 121,-,35,6,정보없음,정보없음,-,-,-,-
문경시,36.615237,128.1716082,배실마을정자,야외시설,경상북도 문경시 공평로 228 (공평동),-,80,13,정보없음,정보없음,-,아니오,아니오,아니오
문경시,36.6055742,128.1837103,애향경로당정자,야외시설,경상북도 문경시 작사길 4 (공평동),-,50,8,정보없음,정보없음,-,아니오,아니오,아니오
안동시,36.594112,128.5751572,만운1리경로당,특정계층이용시설,경상북도 안동시 풍산읍 지담길 11,-,70.01,38,3,1,-,아니오,아니오,아니오
울진군,36.7355158,129.4298757,오곡1리마을회관,특정계층이용시설,경상북도 울진군 평해읍오곡1길 100,-,96,24,1,1,-,아니오,아니오,아니오
영덕군,36.450643,129.234803,낙평리경로당,특정계층이용시설,경상북도 영덕군 지품면 낙평2길 5,-,141.3,35,3,1,-,아니오,아니오,아니오
영덕군,36.4465083,129.2441106,낙평세류경로당,특정계층이용시설,경상북도 영덕군 지품면 경동로 6691-14,-,62.72,15,3,1,-,아니오,아니오,아니오
영주시,36.771445,128.5579747,갈산3리마을회관,특정계층이용시설,경상북도 영주시 장수면 갈미로 30,-,106,26,2,2,-,아니오,아니오,아니오
김천시,36.090994,128.184738,입석경로당,특정계층이용시설,경상북도 김천시 농소면 입석길 48 (입석리 마을회관),-,120,30,1,2,-,아니오,아니오,예
상주시,36.4383,128.2747,오상1리노인회관,특정계층이용시설,경상북도 상주시 중동면 오상4길 9,-,94,30,3,1,-,아니오,아니오,아니오
상주시,36.4144994,128.304693,신암리마을회관,특정계층이용시설,경상북도 상주시 중동면신암1길 27-39,-,85,29,2,1,-,아니오,아니오,아니오
상주시,36.4165774,128.2845462,간상리경로당,특정계층이용시설,경상북도 상주시 중동면간상1길 45,-,86,20,2,1,-,아니오,아니오,아니오
안동시,36.5562638,128.7495008,e편한세상안동강변아파트경로당,특정계층이용시설,"경상북도 안동시 중평길 107-16 (용상동, e편한세상 안동강변)",-,68.94,30,2,3,-,아니오,아니오,아니오
상주시,36.48,128.2166,덕담1리마을회관,특정계층이용시설,경상북도 상주시 사벌국면 덕담2길 77,-,142,43,4,2,-,아니오,아니오,아니오
문경시,36.6052663,128.2032864,돈달산경로당,특정계층이용시설,"경상북도 문경시 돈달로 184 (흥덕동, 한일주택)",-,66,40,2,1,-,-,아니오,-
문경시,36.60844,128.2088868,천호경로당,특정계층이용시설,경상북도 문경시 갈밭길 8 (흥덕동),-,100,56,1,1,-,-,아니오,-
문경시,36.6033155,128.2056829,황제경로당,특정계층이용시설,"경상북도 문경시 신흥6길 5 (흥덕동, 황제맨션)",-,53,50,1,1,-,-,아니오,-
문경시,36.600044,128.204716,대화경로당,특정계층이용시설,경상북도 문경시 흥덕동 신흥3길  22   (흥덕동),-,45,30,1,1,-,아니오,아니오,아니오
청송군,36.402514,129.115463,교리경로당,특정계층이용시설,경상북도 청송군 청송읍 한실길 11,-,60,18,2,1,-,아니오,아니오,아니오
고령군,35.825867,128.447338,금류2차경로당,특정계층이용시설,경상북도 고령군 다산면상곡3길 28 (2차금류강남타운),-,76.48,23,1,1,-,아니오,아니오,아니오
울진군,36.7494732,129.4347671,오곡2리마을회관,특정계층이용시설,경상북도 울진군 평해읍 오곡2길 177-7,-,100,25,1,1,-,아니오,아니오,아니오
울진군,36.7353173,129.4610841,월송1리마을회관,특정계층이용시설,경상북도 울진군 평해읍월송길 68-12,-,92,23,1,1,-,아니오,아니오,아니오
구미시,36.142918,128.330272,소공원12,야외시설,경상북도 구미시 문장로 105,-,5.6,1,정보없음,정보없음,-,아니오,아니오,아니오
안동시,36.6477582,128.918678,구룡리경로당,특정계층이용시설,경상북도 안동시 예안면 위리구룡길 526,-,79.2,40,3,1,-,아니오,아니오,아니오
안동시,36.6434133,128.9025182,동교리경로당,특정계층이용시설,경상북도 안동시 예안면 동다리길 8-4,-,72.96,35,3,1,-,아니오,아니오,아니오
안동시,36.4407459,128.6666482,광연회암경로당,특정계층이용시설,경상북도 안동시 일직면 회암길 156,-,76.42,20,3,1,-,아니오,아니오,아니오
의성군,36.2706902,128.6419147,구련2리경로당,특정계층이용시설,경상북도 의성군 금성면 구련2길 31-4,-,6.1,20,3,1,-,아니오,아니오,아니오
의성군,36.2975911,128.6978656,만천2리경로당,특정계층이용시설,경상북도 의성군 금성면 만천2길 55,-,80.1,10,1,1,-,아니오,아니오,아니오
영덕군,36.4140666,129.3690986,덕곡1리경로당겸마을회관,특정계층이용시설,경상북도 영덕군 영덕읍 덕곡3길 11-16,-,53.24,13,1,1,-,아니오,아니오,아니오
의성군,36.306363,128.6158785,길천2리경로당,특정계층이용시설,경상북도 의성군 봉양면 길천2길 61,-,112.9,20,2,1,-,아니오,아니오,아니오
칠곡군,36.0171125,128.4292803,아곡리박실경로당,특정계층이용시설,경상북도 칠곡군 왜관읍 아곡3길 28,-,89.7,20,2,1,-,아니오,아니오,아니오
경산시,35.8399447,128.7459739,임당1동새마을회관,야외시설,경상북도 경산시 임당로12길 35,-,20,2,정보없음,정보없음,-,아니오,아니오,아니오
영천시,36.018408,128.929913,도림2동경로당,특정계층이용시설,경상북도 영천시  선창길  11   (도림동),-,70.2,46,2,1,-,-,-,아니오
상주시,36.2724,128.0328,신곡1리마을회관,특정계층이용시설,경상북도 상주시 공성면 남실길 415,-,95,30,2,1,-,아니오,아니오,아니오
의성군,36.391693,128.7518612,새마,특정계층이용시설,경상북도 의성군 점곡면 명고2길 29,-,15,7,0,1,-,아니오,아니오,아니오
울진군,36.8956907,129.3847787,신흥1리동회관옆쉼터,야외시설,경상북도 울진군 매화면 신흥길 153,-,15,8,정보없음,정보없음,-,아니오,아니오,아니오
영주시,36.8653262,128.5402931,토성복지회관,특정계층이용시설,경상북도 영주시 풍기읍 소백로1916번길 69,-,177,30,1,1,-,아니오,아니오,아니오
영주시,36.8846595,128.519835,금계1리경로당,특정계층이용시설,경상북도 영주시 풍기읍 무릉길42번길 9,-,19.5,10,3,1,-,아니오,아니오,아니오
영주시,36.8812909,128.5277722,향교마을노인회관,특정계층이용시설,경상북도 영주시 풍기읍 금계로64번길 45,-,135.26,30,0,1,-,아니오,아니오,아니오
구미시,36.0893639,128.3691823,임은대동타운경로당,특정계층이용시설,"경상북도 구미시 임은길 55-2 (임은동, 대동타운)",-,70,18,2,1,-,아니오,아니오,아니오
구미시,36.0704611,128.3509058,오태대동3차경로당,특정계층이용시설,"경상북도 구미시 금오대로12길 11-2 (오태동, 오태3차대동타운)",-,38.13,10,2,1,-,아니오,아니오,아니오
구미시,36.072447,128.348923,늘푸른아파트경로당,특정계층이용시설,경상북도 구미시 금오대로5길 8-7,-,186,47,2,1,-,아니오,아니오,아니오
구미시,36.08961,128.360292,임은삼거리경로당,특정계층이용시설,경상북도 구미시 상림로 41,-,90.45,23,2,1,-,아니오,아니오,아니오
구미시,36.07075,128.364936,구봉경로당,특정계층이용시설,경상북도 구미시 오태5길 7-13,-,98.8,25,2,1,-,아니오,아니오,아니오
청도군,35.6300934,128.8483858,장연리,특정계층이용시설,경상북도 청도군 매전면 길명길 9,-,103.32,25,3,1,-,아니오,아니오,아니오
봉화군,36.846681,128.770327,원당쉼터,야외시설,경상북도 봉화군 상운면 원당길 18,-,60,10,정보없음,정보없음,-,아니오,아니오,아니오
청도군,35.639233,128.850625,장연생태공원,야외시설,경상북도 청도군 매전면 온장길 123,-,52,5,정보없음,정보없음,-,아니오,아니오,아니오
안동시,36.5585738,128.7481353,용상경로당,특정계층이용시설,경상북도 안동시 용상시장7길 6,-,108.23,30,3,3,-,아니오,아니오,아니오
안동시,36.5630266,128.8041106,석동경로당,특정계층이용시설,경상북도 안동시 석동길 526 (석동동),-,78.21,30,2,2,-,아니오,아니오,아니오
청송군,36.434266,129.047629,덕리경로당,특정계층이용시설,경상북도 청송군 청송읍 못골길 120,-,71,22,2,1,-,아니오,아니오,아니오
청송군,36.428361,129.058059,금곡1리경로당,특정계층이용시설,경상북도 청송군 청송읍 금곡1길 31,-,168,51,2,1,-,아니오,아니오,아니오
안동시,36.5395341,128.7963724,송천논골경로당,특정계층이용시설,경상북도 안동시 논골길 100 (송천동),-,68.31,30,3,2,-,아니오,아니오,아니오
경주시,36.0017051,129.1713533,옥산3리경로당,특정계층이용시설,경상북도 경주시 안강읍 중부2길 12,-,83,25,1,1,-,아니오,아니오,아니오
경주시,35.985907,129.141937,하곡마을회관,특정계층이용시설,경상북도 경주시 안강읍 성산서당길  61,-,183,55,1,1,-,아니오,아니오,아니오
봉화군,36.882182,128.77794,하눌리이동쉼터,야외시설,경상북도 봉화군 상운면 이동길 52,-,60,10,정보없음,정보없음,-,아니오,아니오,아니오
구미시,36.248574,128.298363,비봉공원,야외시설,경상북도 구미시 선산읍 남문로 59,-,787.3,120,정보없음,정보없음,-,아니오,아니오,아니오
청송군,36.412691,129.061266,금곡2리경로당,특정계층이용시설,경상북도 청송군 청송읍 초막본길 19,-,67,20,2,1,-,아니오,아니오,아니오
청송군,36.399879,129.068926,청운리경로당,특정계층이용시설,경상북도 청송군 청송읍 청송로 4638,-,229,69,2,1,-,아니오,아니오,아니오
문경시,36.554366,128.263486,이목1리경로당,특정계층이용시설,경상북도 문경시 영순면금포3길 9,-,85,30,2,1,-,아니오,아니오,아니오
문경시,36.5477658,128.2411726,말응1리경로당,특정계층이용시설,경상북도 문경시 영순면 먼갓길 62-5,-,85,30,2,1,-,아니오,아니오,-
김천시,36.141028,128.1137133,부흥,야외시설,경상북도 김천시 시청6길 7,-,189,18,정보없음,정보없음,-,-,-,-
김천시,36.1320978,128.1186907,현대2차,야외시설,경상북도 김천시 시청로 42,-,266,14,정보없음,정보없음,-,-,-,-
청도군,35.6409233,128.8364741,온막리,특정계층이용시설,경상북도 청도군 매전면 청매로 1265,-,118.98,29,4,1,-,아니오,아니오,아니오
경산시,35.884465,128.818869,진량봉황작은도서관,공공시설,경상북도 경산시 진량읍 봉황길 7,-,128.79,20,정보없음,2,-,-,-,-
구미시,36.1759564,128.4625723,산림문화생태근린공원,야외시설,경상북도 구미시 산동읍 인덕1길 240,-,1000,50,정보없음,정보없음,-,아니오,아니오,아니오
안동시,36.7406796,128.748183,녹전이경로당,특정계층이용시설,경상북도 안동시 녹전면녹래길 178,-,85.82,30,3,3,-,아니오,아니오,아니오
안동시,36.636851,128.9785572,대곡리바드레경로당,특정계층이용시설,경상북도 안동시 임동면바드레길 120-5,-,72.05,22,2,1,-,아니오,아니오,아니오
안동시,36.6214174,128.9744864,대곡리복수천경로당,특정계층이용시설,경상북도 안동시 임동면복수천길 210,-,92.41,28,2,1,-,아니오,아니오,아니오
안동시,36.652376,128.9761714,대곡2리경로당,특정계층이용시설,경상북도 안동시 임동면대곡큰길 438,-,68.25,21,3,1,-,아니오,아니오,아니오
구미시,36.1566,128.4258,꿈담놀이터,야외시설,경상북도 구미시 산동읍 성수4길 18,-,3000,50,정보없음,정보없음,-,아니오,아니오,아니오
영주시,36.8240379,128.6070802,이현경로당,특정계층이용시설,경상북도 영주시 영주로53번길 54,-,95,20,3,1,-,아니오,아니오,아니오
영주시,36.8401521,128.6173986,고현1통경로당,특정계층이용시설,경상북도 영주시 고현동 고현로  106-16  (고현동),-,87,20,1,1,-,아니오,아니오,아니오
청송군,36.4337888,129.0542132,월막2리경로당,특정계층이용시설,경상북도 청송군 청송읍 월막6길 5-4,-,142,43,2,1,-,아니오,아니오,아니오
청송군,36.433749,129.059407,월막1리경로당,특정계층이용시설,경상북도 청송군 청송읍 망미정4길 20-1,-,435,117,2,1,-,아니오,아니오,아니오
경산시,35.8907,128.7777,남하2리경로당,특정계층이용시설,경상북도 경산시 하양읍사열길 21,-,120,30,3,1,-,아니오,아니오,아니오
청도군,35.6122169,128.5725421,안산정해,특정계층이용시설,경상북도 청도군 풍각면 안태길 182,-,53,13,2,1,-,아니오,아니오,아니오
청도군,35.6298318,128.5948876,흑석1리,특정계층이용시설,경상북도 청도군 풍각면 흑석2길 21,-,112,28,2,1,-,아니오,아니오,아니오
청도군,35.6415598,128.8349372,온막리할머니,특정계층이용시설,경상북도 청도군 매전면 온산길 19,-,60.18,15,4,1,-,아니오,아니오,아니오
청도군,35.6499973,128.8943991,남양2리동편경로당,특정계층이용시설,경상북도 청도군 매전면 오남길 216,-,87.45,13,2,1,-,아니오,아니오,아니오
청도군,35.7339026,128.8574356,김전2리신교동,특정계층이용시설,경상북도 청도군 금천면 신교동길 15-6,-,39,9,1,1,-,아니오,아니오,아니오
구미시,36.1256827,128.3308858,각산할머니경로당,특정계층이용시설,경상북도 구미시 금오산로22안길 14-3 (원평동),-,77.91,19,3,1,-,아니오,아니오,아니오
구미시,36.1278558,128.3282188,대동아파트경로당,특정계층이용시설,경상북도 구미시 원남로4길 5,-,72,18,2,1,-,아니오,아니오,아니오
구미시,36.1289731,128.3205213,남통녹색경로당,특정계층이용시설,경상북도 구미시 선기로1길 21,-,150,38,2,1,-,아니오,아니오,아니오
구미시,36.1290407,128.3234936,금오청구타운경로당,특정계층이용시설,"경상북도 구미시 원남로 12-13 (남통동, 금오청구타운)",-,120,30,2,1,-,아니오,아니오,아니오
경주시,35.988118,129.225629,안강5리마을회관,특정계층이용시설,"경상북도 경주시 안강읍 칠평북1길  22 , 안강5리회관",-,252,76,1,1,-,아니오,아니오,아니오
경주시,36.009959,129.211114,양월1리경로당,특정계층이용시설,경상북도 경주시 안강읍 구강길  35,-,117,35,1,2,-,아니오,아니오,아니오
청송군,36.443565,129.078651,부곡1리경로당,특정계층이용시설,경상북도 청송군 청송읍 부곡길 16-11,-,140,42,2,1,-,아니오,아니오,아니오
청송군,36.4521336,129.0749037,부곡2리,특정계층이용시설,경상북도 청송군 청송읍 논시길 11-6,-,115,35,2,1,-,아니오,아니오,아니오
청송군,36.365155,129.079121,상평리경로당,특정계층이용시설,경상북도 청송군 주왕산면 상평2길 6,-,93,28,2,1,-,아니오,아니오,아니오
청송군,36.371879,129.084207,지리경로당,특정계층이용시설,경상북도 청송군 주왕산면 마평로 81,-,150,45,2,1,-,아니오,아니오,아니오
청송군,36.445807,129.032912,관2리경로당,특정계층이용시설,경상북도 청송군 파천면 샛골길 3,-,52,16,2,1,-,아니오,아니오,아니오
영천시,35.973186,128.9387513,영천시청시민의쉼터1,야외시설,"경상북도 영천시 시청로 16  (문외동, 영천시청)",-,3,4,정보없음,정보없음,-,-,예,아니오
영양군,36.544494,129.139672,논실경로당,특정계층이용시설,경상북도 영양군 석보면 답곡로 66,-,212,30,1,2,-,아니오,-,아니오
영양군,36.5597067,129.1256431,석보면분회,특정계층이용시설,경상북도 영양군 석보면 원리길 48,-,158,30,1,1,-,아니오,-,아니오
예천군,36.779548,128.4455621,보곡경로당,특정계층이용시설,경상북도 예천군 효자면 상보곡길 153,-,79,19,1,1,-,아니오,아니오,아니오
청도군,35.7433709,128.8618505,갈지리,특정계층이용시설,경상북도 청도군 금천면 구터길 2,-,83,20,2,1,-,아니오,아니오,아니오
청도군,35.7355116,128.8711497,구복,특정계층이용시설,경상북도 청도군 금천면 구복길 33,-,90,22,2,1,-,아니오,아니오,아니오
청도군,35.7485193,128.8641277,갈마리,특정계층이용시설,경상북도 청도군 금천면 갈마리길 52,-,64,16,2,1,-,아니오,아니오,아니오
영주시,36.8424688,128.5989672,창진경로당,특정계층이용시설,경상북도 영주시 창진로 195 (창진동),-,152,30,1,1,-,아니오,아니오,아니오
청송군,36.485642,129.039834,신기2리경로당,특정계층이용시설,경상북도 청송군 파천면 가람실길 61-10,-,60,18,2,1,-,아니오,아니오,아니오
청도군,35.7454477,128.8585487,갈지리삼성,특정계층이용시설,경상북도 청도군 금천면 삼성길 15,-,80,20,2,1,-,아니오,아니오,아니오
청도군,35.7448164,128.9059621,소천1리,특정계층이용시설,경상북도 청도군 금천면 소천대종길 35-2,-,46,11,2,1,-,아니오,아니오,아니오
청도군,35.7497253,128.908073,석현,특정계층이용시설,경상북도 청도군 금천면 석현길 10,-,59,14,2,1,-,아니오,아니오,아니오
상주시,36.3762451,127.9164496,보미리경로당,특정계층이용시설,경상북도 상주시 화동면 보미1길 29,-,71,19,2,1,-,아니오,아니오,예
안동시,36.4180904,128.967061,배방리내배방경로당,특정계층이용시설,경상북도 안동시 길안면 배방길 357,-,72.52,17,2,2,-,아니오,아니오,아니오
안동시,36.7485259,128.832652,도산면분회경로당,특정계층이용시설,경상북도 안동시 도산면 청계길 27,-,54.78,13,2,1,-,아니오,아니오,아니오
문경시,36.5714346,128.2761432,달지1리경로당,특정계층이용시설,경상북도 문경시 영순면 삼인길 42-7,-,85,30,2,1,-,아니오,아니오,-
청도군,35.7532952,128.8955203,소천3리,특정계층이용시설,경상북도 청도군 금천면 소천신당길 63-7,-,93.02,23,2,1,-,아니오,아니오,아니오
영덕군,36.3585797,129.2866951,옥산1리,특정계층이용시설,경상북도 영덕군 달산면 하마산길 16,-,99,30,3,1,-,아니오,아니오,아니오
영덕군,36.3521,129.278976,옥산2리,특정계층이용시설,경상북도 영덕군 달산면 상마산길 25-44,-,56,17,2,1,-,아니오,아니오,아니오
안동시,36.6649432,128.9752804,대곡2리한실경로당,특정계층이용시설,경상북도 안동시 임동면대곡큰길 594-3,-,84.96,26,2,1,-,아니오,아니오,아니오
안동시,36.653186,128.886832,정산1등재경로당,특정계층이용시설,경상북도 안동시 예안면 임예로 1832-4,-,203.93,40,3,1,-,아니오,아니오,아니오
울진군,36.724932,129.428494,담비쉼터,야외시설,경상북도 울진군 평해읍 용정길 90,-,15,8,정보없음,정보없음,-,아니오,아니오,아니오
안동시,36.6658499,128.8750825,정산2경로당,특정계층이용시설,경상북도 안동시 예안면 한작길 6,-,92.1,40,3,1,-,아니오,아니오,아니오
포항시,36.0287473,129.3785734,송도남부어르신마을쉼터,특정계층이용시설,경상북도 포항시 남구 축항로84번길 11-12 (송도동),-,97.66,25,1,1,-,아니오,아니오,아니오
포항시,35.952913,129.4089,신문덕코아루마을쉼터,특정계층이용시설,경상북도 포항시 남구 오천읍 해병로489번길 9 (신문덕코아루아파트),-,175,11,1,1,-,아니오,아니오,아니오
포항시,35.9730281,129.3262443,우복2리경로당,특정계층이용시설,경상북도 포항시 남구 연일읍 연일로360번길 150,-,53.7,13,1,1,-,아니오,아니오,아니오
영주시,36.8332328,128.6115275,화성리버빌경로당,특정계층이용시설,경상북도 영주시 가흥동 신재로12번길  56   (가흥동),-,96,20,1,1,-,아니오,아니오,아니오
영주시,36.8265484,128.6109165,가흥3단지경로당,특정계층이용시설,경상북도 영주시 가흥동 가흥로  343   (가흥동),-,61,20,1,1,-,아니오,아니오,아니오
김천시,36.1861543,128.2540279,지1리경로당,특정계층이용시설,경상북도 김천시 아포읍 지동길 548,-,190,48,2,1,-,아니오,아니오,아니오
김천시,36.1838552,128.265751,예1리경로당,특정계층이용시설,경상북도 김천시 아포읍 예2길 1-8,-,117,29,1,1,-,아니오,아니오,아니오
구미시,36.144943,128.32915,행복공원,야외시설,경상북도 구미시 문장로17길 15  (도량동),-,2.7,1,정보없음,정보없음,-,아니오,아니오,아니오
칠곡군,35.9859327,128.4019616,왜관읍경로당,특정계층이용시설,경상북도 칠곡군 왜관읍 평장1길 18-2,-,30.58,10,1,1,-,아니오,아니오,아니오
안동시,36.5517951,128.7616593,용상동비행장경로당,특정계층이용시설,경상북도 안동시 마들6길 12-12 (용상동),-,44.4,6,2,1,-,아니오,아니오,아니오
청도군,35.7550845,128.9540219,공암리,특정계층이용시설,경상북도 청도군 운문면 공암길 64,-,92.16,23,2,1,-,아니오,아니오,아니오
안동시,36.577901,128.73418,안막동현대아파트경로당,특정계층이용시설,"경상북도 안동시 퇴계로 220-16 (안막동, 현대아파트)",-,79.2,12,3,2,-,아니오,아니오,아니오
안동시,36.578648,128.732387,계림황제타운경로당,특정계층이용시설,경상북도 안동시 퇴계로 247,-,62.7,11,2,1,-,아니오,아니오,아니오
안동시,36.5798891,128.7330562,화성아파트경로당,특정계층이용시설,"경상북도 안동시 퇴계로 259 (안막동, 화성아파트)",-,93.24,15,3,2,-,아니오,아니오,아니오
안동시,36.5808299,128.7330719,안막경로당,특정계층이용시설,경상북도 안동시 사명당길 12,-,67.98,11,4,1,-,아니오,아니오,아니오
청도군,35.642092,128.617807,청도작은도서관,공공시설,경상북도 청도군 풍각면 송서8길 6-3,-,정보없음,정보없음,정보없음,정보없음,-,-,-,-
상주시,36.5378846,128.121175,예주2리경로당,특정계층이용시설,경상북도 상주시 공검면예주2길 2-9,-,84,28,3,3,-,아니오,아니오,아니오
상주시,36.498714,128.143022,양정2리마을회관,특정계층이용시설,경상북도 상주시 공검면이천양정길 342,-,80,26,1,1,-,아니오,아니오,아니오
고령군,35.7277347,128.2236462,용2리경로당,특정계층이용시설,경상북도 고령군 쌍림면 반룡길 164,-,93.7,28,1,1,-,아니오,아니오,아니오
고령군,35.70781,128.2238815,산막경로당,특정계층이용시설,경상북도 고령군 쌍림면 산막길  118,-,64.11,19,1,1,-,아니오,아니오,아니오
울진군,36.9903186,129.395259,읍내3리쉼터2,야외시설,경상북도 울진군 울진읍 온양2길 114-6,-,15,8,정보없음,정보없음,-,아니오,아니오,아니오
영주시,36.976505,128.654604,부석면소천리동구산공원(정자),야외시설,경상북도 영주시 부석면 소천로 5,-,40,1,정보없음,정보없음,-,아니오,아니오,아니오
청송군,36.252731,128.960531,성재리경로당,특정계층이용시설,경상북도 청송군 안덕면 성덕댐로 1361,-,107,32,2,1,-,아니오,아니오,아니오
청송군,36.252304,128.965519,직동경로당,특정계층이용시설,경상북도 청송군 안덕면 직동안길 9-6,-,66,23,2,1,-,아니오,아니오,아니오
청송군,36.335698,128.999792,근곡리경로당,특정계층이용시설,경상북도 청송군 안덕면 헌실날실길 41,-,85,26,2,1,-,아니오,아니오,아니오
청송군,36.460578,129.047959,내관리경로당,특정계층이용시설,경상북도 청송군 파천면관리길 116,-,45,14,2,1,-,아니오,아니오,아니오
청송군,36.2818305,128.9642867,복2리경로당(원복동),특정계층이용시설,경상북도 청송군 안덕면 원복길 85,-,96,29,2,1,-,아니오,아니오,아니오
청송군,36.256642,128.95895,덕성리경로당,특정계층이용시설,경상북도 청송군 안덕면 성덕댐로 1410-5,-,96,29,2,1,-,아니오,아니오,아니오
청송군,36.265626,128.954508,사부길경로당,특정계층이용시설,경상북도 청송군 안덕면 성덕댐로 1522,-,93,28,2,1,-,아니오,아니오,아니오
포항시,36.02726,129.374138,운하경로당,특정계층이용시설,경상북도 포항시 남구 해동로84번길 15,-,정보없음,정보없음,정보없음,정보없음,-,-,-,-
영덕군,36.5387797,129.4089307,성내1리경로당,특정계층이용시설,경상북도 영덕군 영해면 예주길 80-8,-,153,22,1,2,-,아니오,아니오,예
영덕군,36.5549165,129.4237443,괴시2리경로당,특정계층이용시설,경상북도 영덕군 영해면 관어대길 8,-,70,25,3,1,-,아니오,아니오,예
안동시,36.6789149,128.784686,오천2리경로당,특정계층이용시설,경상북도 안동시 와룡면 텃골양장길 61,-,81.44,40,3,1,-,아니오,아니오,아니오
안동시,36.6095329,128.7581629,태리태곡경로당,특정계층이용시설,경상북도 안동시 와룡면 서동골길 18-7,-,75.92,24,2,1,-,아니오,아니오,아니오
청도군,35.7041188,128.7164265,다로리,특정계층이용시설,경상북도 청도군 화양읍 다로길 38,-,82.8,20,2,1,-,아니오,아니오,아니오
봉화군,36.887868,128.739283,읍사무소쉼터,야외시설,경상북도 봉화군 봉화읍 내성로1길 17-20,-,60,10,정보없음,정보없음,-,아니오,아니오,아니오
청도군,35.6485283,128.7073874,동상리,특정계층이용시설,경상북도 청도군 화양읍 동상길 13,-,96.54,24,2,1,-,아니오,아니오,아니오
청도군,35.6469001,128.7228423,범곡1리,특정계층이용시설,경상북도 청도군 화양읍 범곡길 54,-,160.04,40,2,1,-,아니오,아니오,아니오
청도군,35.7048724,128.950291,방음리,특정계층이용시설,경상북도 청도군 운문면 방음길 45,-,142.35,35,2,1,-,아니오,아니오,아니오
청도군,35.7120509,128.9752409,오진리,특정계층이용시설,경상북도 청도군 운문면 오진길 152-20,-,156.16,39,3,1,-,아니오,아니오,아니오
청도군,35.6487484,128.7333432,범곡2리,특정계층이용시설,경상북도 청도군 화양읍 청화3길 15,-,194.04,48,2,1,-,아니오,아니오,아니오
청도군,35.6978239,128.7164426,삼신1리,특정계층이용시설,경상북도 청도군 화양읍 삼신길 108,-,72,18,2,1,-,아니오,아니오,아니오
청도군,35.6895266,128.7183818,삼신2리,특정계층이용시설,경상북도 청도군 화양읍 온천길 28-6,-,103.14,25,2,1,-,아니오,아니오,아니오
청도군,35.7751291,128.961744,지촌리,특정계층이용시설,경상북도 청도군 운문면 운북로 85,-,93.3,23,2,1,-,아니오,아니오,아니오
청도군,35.8115751,128.9697236,정상리,특정계층이용시설,경상북도 청도군 운문면 정상길 26,-,92.26,23,2,1,-,아니오,아니오,아니오
안동시,36.6574287,128.7954524,나소리나별경로당,특정계층이용시설,경상북도 안동시 와룡면 나별길 19,-,80.84,28,3,1,-,아니오,아니오,아니오
안동시,36.643312,128.820361,가류1리경로당,특정계층이용시설,경상북도 안동시 와룡면 가크리길 109,-,90.84,20,4,1,-,아니오,아니오,아니오
안동시,36.6879255,128.7038013,옹천1리경로당,특정계층이용시설,경상북도 안동시 북후면 북평로 911,-,160.48,83,5,4,-,아니오,아니오,아니오
안동시,36.675501,128.693028,장기리경로당,특정계층이용시설,경상북도 안동시 북후면 벽절길 19,-,105,32,3,1,-,아니오,아니오,아니오
안동시,36.6614287,128.6944324,도촌1리경로당,특정계층이용시설,경상북도 안동시 북후면 도장길 72,-,106.5,56,3,1,-,아니오,아니오,아니오
칠곡군,36.0005117,128.4057516,석전8리한빛경로당,특정계층이용시설,경상북도 칠곡군 왜관읍 석전로 77 (왜관한빛타운),-,99,70,1,1,-,아니오,아니오,아니오
안동시,36.7463065,128.842859,토계리양평경로당,특정계층이용시설,경상북도 안동시 도산면양평길 23-18,-,66,16,2,1,-,아니오,아니오,아니오
안동시,36.7606785,128.8350418,온혜1리경로당,특정계층이용시설,경상북도 안동시 도산면 퇴계로 2766,-,82.71,23,3,2,-,아니오,아니오,아니오
영천시,36.0742854,129.095495,신방2리(상신)경로당,특정계층이용시설,경상북도 영천시 자양면 상신길 215-6,-,80.3,20,2,1,-,-,-,아니오
영천시,36.0902244,129.0358534,용산리경로당,특정계층이용시설,경상북도 영천시 자양면 원각길 53,-,99.7,25,2,1,-,-,-,아니오
영천시,36.0819031,129.074429,삼귀리경노당,특정계층이용시설,경상북도 영천시 자양면 귀미길 98,-,82.2,20,2,1,-,-,-,아니오
영천시,36.1351865,129.0340939,보현2리(상기)경로당,특정계층이용시설,경상북도 영천시 자양면 상기길 37-8,-,105.6,26,2,1,-,-,-,아니오
문경시,36.670807,128.2632203,대하2리마을회관,특정계층이용시설,경상북도 문경시 산북면 대하막골길 9,-,85,100,1,1,-,아니오,아니오,-
문경시,36.6942337,128.2513744,이곡리마을회관,특정계층이용시설,경상북도 문경시 산북면 갯마도장골길 5,-,85,30,2,1,-,아니오,아니오,아니오
청송군,36.2937,128.9392,감은2리경로당,특정계층이용시설,경상북도 청송군 안덕면 한거리길 26,-,95,29,2,1,-,아니오,아니오,아니오
청송군,36.27844,129.004645,문거1리경로당,특정계층이용시설,경상북도 청송군 안덕면 문거길 57,-,74,22,2,1,-,아니오,아니오,아니오
청송군,36.302037,128.974504,문거3리경로당,특정계층이용시설,경상북도 청송군 안덕면 석정길 179,-,67,20,2,1,-,아니오,아니오,아니오
영덕군,36.3557359,129.3793052,오포2리경로당,특정계층이용시설,경상북도 영덕군 강구면 나비산길  22-3,-,187,46,6,2,-,아니오,아니오,아니오
영덕군,36.3566015,129.3867562,오포3리경로담,특정계층이용시설,경상북도 영덕군 강구면 신강구4길  11,-,175,43,3,2,-,아니오,아니오,아니오
포항시,35.9899557,129.3975753,인덕어울림복지회관공공시설옥상녹화무더위쉼터,야외시설,경상북도 포항시 남구 인덕로 52 (인덕동),-,257,20,정보없음,정보없음,-,-,-,-
예천군,36.6066705,128.3700062,우감2(승동)경로당,특정계층이용시설,경상북도 예천군 개포면우감2길 7-5,-,88,22,1,1,-,예,예,아니오
안동시,36.5041409,128.854773,금소1리웃마경로당,특정계층이용시설,경상북도 안동시 임하면 금소1길 2-6,-,71.64,21,2,2,-,아니오,아니오,아니오
영덕군,36.5651361,129.3134725,신기2리,특정계층이용시설,경상북도 영덕군 창수면 신기4길 30,-,39,9,1,1,-,아니오,아니오,아니오
영덕군,36.5803607,129.3123102,신리1리,특정계층이용시설,경상북도 영덕군 창수면 장육사길 95-11,-,76,19,1,1,-,아니오,아니오,아니오
울진군,36.7240004,129.3437645,소태1리경로당,특정계층이용시설,경상북도 울진군 온정면소태3길 39,-,101,50,2,1,-,아니오,아니오,아니오
영덕군,36.5314664,129.4401175,사진2리마을회관,특정계층이용시설,경상북도 영덕군 영해면 영덕대게로 2374-1,-,113,28,2,1,-,아니오,아니오,아니오
영덕군,36.5503897,129.4059432,연평1리마을회관,특정계층이용시설,경상북도 영덕군 영해면 연평3길 9,-,132,33,3,1,-,아니오,아니오,아니오
영덕군,36.5574018,129.4309265,대진2리마을회관,특정계층이용시설,경상북도 영덕군 영해면 영덕대게로 2725-5,-,120,30,3,1,-,아니오,아니오,아니오
의성군,36.3401073,128.7008496,경신아파트(도동3리),특정계층이용시설,경상북도 의성군 의성읍 치선오상길 13 (경신아파트),-,32.55,20,2,1,-,아니오,아니오,아니오
울진군,36.7638519,129.3405163,외선미1리마을회관,특정계층이용시설,경상북도 울진군 온정면온매로 195,-,102,50,1,1,-,아니오,아니오,아니오
울진군,37.0542695,129.3979758,후정4리마을회관,특정계층이용시설,경상북도 울진군 죽변면 송전길 6,-,100,25,2,1,-,아니오,아니오,아니오
울진군,36.6447906,129.423033,금음4리마을회관,특정계층이용시설,경상북도 울진군 후포면 옥동길 36,-,188,47,3,1,-,아니오,아니오,아니오
울진군,36.6634703,129.4315978,금음3리마을회관,특정계층이용시설,경상북도 울진군 후포면 동해대로 243-8,-,220,55,1,1,-,아니오,아니오,아니오
울진군,36.6893142,129.4355259,삼율3리마을회관,특정계층이용시설,경상북도 울진군 후포면상밤터1길 212,-,152,38,2,1,-,아니오,아니오,아니오
울진군,36.6802363,129.4401206,삼율1리마을회관,특정계층이용시설,경상북도 울진군 후포면삼율6길 45,-,299,25,3,2,-,아니오,아니오,아니오
예천군,36.6082741,128.3675221,신음(새마)경로당,특정계층이용시설,경상북도 예천군 개포면신음리길 37-5,-,196,49,1,1,-,예,예,아니오
예천군,36.6869505,128.42083,하금2리경로당,특정계층이용시설,경상북도 예천군 용문면 유전길 39,-,108,27,2,1,-,아니오,아니오,아니오
김천시,36.1276,128.105107,부심경로당,특정계층이용시설,경상북도 김천시 후생길 47 (부곡동),-,92,23,2,1,-,아니오,아니오,예
울진군,36.751118,129.3381725,선구1리쉼터,야외시설,경상북도 울진군 온정면 내선미길 27,-,15,8,정보없음,정보없음,-,아니오,아니오,아니오
울진군,36.7118241,129.4743192,거일1리마을회관앞쉼터,야외시설,경상북도 울진군 평해읍 울진대게로 681-4,-,15,8,정보없음,정보없음,-,아니오,아니오,아니오
울진군,36.7242467,129.4318375,달면쉼터,야외시설,경상북도 울진군 평해읍 제장로 129-10,-,15,8,정보없음,정보없음,-,아니오,아니오,아니오
김천시,36.194132,128.1206875,덕마2리갈마경로당,특정계층이용시설,경상북도 김천시 어모면 갈마길 186,-,100,25,1,1,-,아니오,아니오,예
영양군,36.6609727,129.0622422,청기할머니경로당(청기면분회),특정계층이용시설,경상북도 영양군 청기면 청기2길 18-10,-,96.9,36,2,1,-,아니오,-,아니오
문경시,36.5921693,128.2732124,왕태1리마을팔각정,야외시설,경상북도 문경시 영순면 왕태1길 69,-,25,4,정보없음,정보없음,-,-,-,-
김천시,36.0985337,128.1333639,금송3리(송곡)경로당,특정계층이용시설,경상북도 김천시 감천면 금송3길 70,-,120,30,2,1,-,아니오,아니오,예
문경시,36.5904226,128.2667595,왕태2리마을팔각정,야외시설,경상북도 문경시 영순면 왕태2길 5,-,30,5,정보없음,정보없음,-,-,-,-
울진군,36.7622171,129.4338871,노동쉼터(기성황보),야외시설,경상북도 울진군 기성면 황보4길 93,-,15,8,정보없음,정보없음,-,아니오,아니오,아니오
울진군,36.761079,129.471402,기성구산1리쉼터,야외시설,경상북도 울진군 기성면 구산봉산로 118,-,15,8,정보없음,정보없음,-,아니오,아니오,아니오
김천시,36.0765296,128.130015,전동경로당,특정계층이용시설,경상북도 김천시 감천면 광기3길 120,-,116,29,2,1,-,아니오,아니오,예
김천시,36.0299898,128.1281324,삼정경로당,특정계층이용시설,경상북도 김천시 조마면삼산2길 34,-,88,22,2,1,-,아니오,아니오,예
김천시,36.06793,128.100271,내신경로당,특정계층이용시설,경상북도 김천시 조마면신안3길 172,-,88,22,2,2,-,아니오,아니오,예
영덕군,36.3437158,129.3822404,삼사리경로당,특정계층이용시설,경상북도 영덕군 강구면 강구해안길  25,-,205,51,2,2,-,아니오,아니오,아니오
영덕군,36.337987,129.3818033,피전리경로당,특정계층이용시설,경상북도 영덕군 강구면 삼사길 11-2,-,66,16,5,1,-,아니오,아니오,아니오
영덕군,36.358564,129.3658529,화전1리경로당,특정계층이용시설,경상북도 영덕군 강구면화전길 11-10,-,83,20,4,1,-,아니오,아니오,아니오
울진군,36.8291507,129.4365139,사동쉼터,야외시설,경상북도 울진군 기성면 사동1길 18,-,15,8,정보없음,정보없음,-,아니오,아니오,아니오
구미시,36.150632,128.314065,봉곡테마공원,야외시설,"경상북도 구미시 봉곡로18길 30  (봉곡동, 봉곡테마공원화장실)",-,58.4,9,정보없음,정보없음,-,아니오,아니오,아니오
구미시,36.146526,128.311782,관동공원,야외시설,경상북도 구미시 봉곡로10길 9-8,-,7.5,2,정보없음,정보없음,-,아니오,아니오,아니오
김천시,36.0747299,128.1046799,뒤주골경로당,특정계층이용시설,경상북도 김천시 조마면 신안2길 247-4,-,92,23,2,1,-,아니오,아니오,예
김천시,36.0897424,128.1107706,새마을경로당,특정계층이용시설,경상북도 김천시 양천새마을1길 19-5 (양천동),-,98,25,2,1,-,아니오,아니오,예
의성군,36.4574103,128.3585233,도암1리경로당,특정계층이용시설,경상북도 의성군 다인면 도암길 34-8,-,120.21,10,3,1,-,아니오,아니오,아니오
의성군,36.4667834,128.3596042,평림1리경로당,특정계층이용시설,경상북도 의성군 다인면 평림길 81,-,86.88,10,2,1,-,-,아니오,-
예천군,36.691773,128.509843,간방2리경로당,특정계층이용시설,경상북도 예천군 보문면 덕거리길 42,-,73,18,1,1,-,아니오,아니오,아니오
예천군,36.693426,128.517397,간방3리경로당,특정계층이용시설,경상북도 예천군 보문면 탑마을길 43,-,79,18,1,1,-,아니오,아니오,아니오
김천시,36.1334097,128.1186005,신음현대1차아파트경로당,특정계층이용시설,"경상북도 김천시 시청로 46 (신음동, 현대아파트)",-,184,46,2,1,-,아니오,아니오,예
김천시,36.1366422,128.1188895,신음우방2차아파트경로당,특정계층이용시설,경상북도 김천시 신음2길 41 (신음동),-,180,45,2,1,-,아니오,아니오,예
김천시,36.142069,128.114763,신음삼보아파트경로당,특정계층이용시설,경상북도 김천시 시청6길 42 (삼보타운),-,92,23,2,1,-,아니오,아니오,예
울진군,36.6952462,129.3864997,덕인1리쉼터,야외시설,경상북도 울진군 온정면 원덕인길 40,-,15,8,정보없음,정보없음,-,아니오,아니오,아니오
김천시,36.068701,128.1758914,봉곡1리(남)경로당,특정계층이용시설,경상북도 김천시 농소면 봉곡안길 9,-,120,30,2,1,-,아니오,아니오,예
김천시,36.0892924,128.1572449,용암2리경로당,특정계층이용시설,경상북도 김천시 농소면 용암2길 25-10,-,80,20,2,1,-,아니오,아니오,예
김천시,36.1368897,128.1159372,대신휴먼시아아파트경로당,특정계층이용시설,"경상북도 김천시 시청로 93 (신음동, 대신휴먼시아)",-,148,37,2,1,-,아니오,아니오,예
영주시,36.8469935,128.558603,안정면안심2리노인회관옆(정자),야외시설,경상북도 영주시 안정면 용주로 669,-,40,1,정보없음,정보없음,-,아니오,아니오,아니오
칠곡군,35.997485,128.403236,석전9리경로당,특정계층이용시설,경상북도 칠곡군 왜관읍 석전로2길 6,-,83,10,5,1,-,아니오,아니오,아니오
칠곡군,35.98301,128.423612,삼청2리경로당,특정계층이용시설,경상북도 칠곡군 왜관읍 칠곡대로 1752-3,-,164,40,3,1,-,아니오,아니오,아니오
안동시,36.5655,128.7341,한양아파트경로당,특정계층이용시설,"경상북도 안동시 동부동 영가로  26   (동부동, 한양상가아파트)",-,69.42,45,3,1,-,아니오,아니오,아니오
고령군,35.70921,128.422163,가암경로당,특정계층이용시설,경상북도 고령군 개진면가암길 34,-,92.9,28,1,1,-,아니오,아니오,아니오
고령군,35.679283,128.33987,우곡면분회,특정계층이용시설,경상북도 고령군 우곡면도진1길 4,-,147.03,44,1,1,-,아니오,아니오,아니오
고령군,35.678831,128.341154,도진경로당,특정계층이용시설,경상북도 고령군 우곡면도진2길 15,-,150.04,45,1,1,-,아니오,아니오,아니오
고령군,35.656639,128.367127,예곡경로당,특정계층이용시설,경상북도 고령군 우곡면예곡길 53,-,104.6,32,1,1,-,아니오,아니오,아니오
울진군,36.6813059,129.4546994,후포7리마을회관,특정계층이용시설,경상북도 울진군 후포면울진대게로 132-12,-,201,50,2,1,-,아니오,아니오,아니오
안동시,36.5640884,128.7263937,무공수훈자회경로당,특정계층이용시설,경상북도 안동시 천리동 퇴계로  56   (천리동),-,33,32,2,1,-,아니오,아니오,아니오
고령군,35.679418,128.242523,쌍림보건지소,공공시설,경상북도 고령군 쌍림면 대가야로 617 (쌍림면보건지소),-,정보없음,정보없음,정보없음,정보없음,-,-,-,-
칠곡군,36.071381,128.343568,인평3리경로당,특정계층이용시설,경상북도 칠곡군 북삼읍 북삼로  36,-,268,67,2,1,-,아니오,아니오,아니오
김천시,36.0995,128.1157,신기경로당,특정계층이용시설,경상북도 김천시 새터길 31 (양천동),-,82,21,2,1,-,아니오,아니오,예
김천시,36.0959116,128.1078145,하로경로당,특정계층이용시설,경상북도 김천시 하리안길 46-3 (양천동),-,115,29,2,1,-,아니오,아니오,예
칠곡군,35.929175,128.490662,덕산리널동경로당,특정계층이용시설,경상북도 칠곡군 지천면 널동길  8,-,65.55,16,1,1,-,아니오,아니오,아니오
칠곡군,35.93006,128.485914,영오1리경로당,특정계층이용시설,경상북도 칠곡군 지천면 영오먹골길  52,-,73.52,18,1,1,-,아니오,아니오,아니오
칠곡군,35.9180804,128.4826478,영오2리경로당,특정계층이용시설,경상북도 칠곡군 지천면 영오영청길 93-8,-,74.72,18,2,1,-,아니오,아니오,아니오
울진군,36.719724,129.3418081,백암등산로쉼터,야외시설,경상북도 울진군 온정면 금천2길 31-14,-,15,8,정보없음,정보없음,-,아니오,아니오,아니오
문경시,36.526885,127.939531,내서2리서재회관정자,야외시설,경상북도 문경시 농암면 서재로 315,-,20,4,정보없음,정보없음,-,-,-,-
칠곡군,35.908076,128.483918,오산리경로당,특정계층이용시설,경상북도 칠곡군 지천면 오산1길  163,-,67.68,17,2,1,-,아니오,아니오,아니오
칠곡군,35.904849,128.499486,용산리경로당,특정계층이용시설,경상북도 칠곡군 지천면 용산로  79-4,-,107.88,27,1,1,-,아니오,아니오,아니오
안동시,36.5689487,128.7299931,명륜경로당,특정계층이용시설,경상북도 안동시 명륜길 21 (명륜동),-,50.58,8,3,2,-,아니오,아니오,아니오
영천시,36.025704,128.99334,황강리경로당,특정계층이용시설,경상북도 영천시 임고면 황강길  3,-,86,15,2,1,-,-,-,아니오
영천시,36.051235,129.0310818,금대(본터)경로당,특정계층이용시설,경상북도 영천시 임고면 운주로 675,-,67,20,2,1,-,-,-,아니오
영천시,35.941497,128.935163,남부동복지회관,특정계층이용시설,경상북도 영천시 쇠늘안길 5,-,715.68,250,2,3,-,-,-,아니오
의성군,36.3238928,128.494294,서부1리경로당,특정계층이용시설,경상북도 의성군 비안면 서부1길 31,-,159.5,40,4,1,-,아니오,아니오,아니오
경산시,35.8372,128.775631,신대2리경로당,특정계층이용시설,경상북도 경산시 압량읍가일길 32,-,171,42,5,2,-,아니오,아니오,아니오
문경시,36.591433,128.010299,갈동2리마을회관정자,야외시설,경상북도 문경시 농암면 무운로 71,-,20,4,정보없음,정보없음,-,-,-,-
상주시,36.3842134,127.9348174,반곡2리마을회관,특정계층이용시설,경상북도 상주시 화동면 반곡2길 6,-,98,29,3,1,-,아니오,아니오,아니오
상주시,36.3712,127.9087,양지팔음경로당,특정계층이용시설,경상북도 상주시 화동면양지2길 11,-,50,15,0,1,-,아니오,아니오,아니오
안동시,36.6316208,128.6811205,태장1리경로당,특정계층이용시설,경상북도 안동시 서후면 아랫태장길 32,-,183.06,70,4,2,-,아니오,아니오,아니오
안동시,36.604995,128.6442107,이개2리경로당,특정계층이용시설,경상북도 안동시 서후면 이개2길 8-14,-,59.17,40,4,2,-,아니오,아니오,아니오
안동시,36.5631305,128.5164914,갈전1리경로당,특정계층이용시설,경상북도 안동시 풍천면 갈전길 55,-,173.63,43,4,4,-,아니오,아니오,아니오
봉화군,36.8908321,128.7393902,내성2리경로당,특정계층이용시설,경상북도 봉화군 봉화읍 내성천1길 86,-,28,7,2,1,-,아니오,아니오,아니오
봉화군,36.8894163,128.7413536,봉화할머니집,특정계층이용시설,경상북도 봉화군 봉화읍 내성로4길 20,-,38,10,2,1,-,아니오,아니오,아니오
포항시,35.9516969,129.4231465,광명리마을쉼터,특정계층이용시설,경상북도 포항시 남구 오천읍 철강로830번길 196,-,64,19,1,1,-,아니오,아니오,아니오
포항시,35.9643777,129.4282113,세계1리마을쉼터,특정계층이용시설,경상북도 포항시 남구 오천읍 도솔로46번길 10-11,-,79,24,1,1,-,아니오,아니오,아니오
포항시,35.9523652,129.4348738,세계2리마을쉼터,특정계층이용시설,경상북도 포항시 남구 오천읍 장기로1469번길 21-11,-,21,6,1,1,-,아니오,아니오,아니오
성주군,35.834288,128.338049,용정경로당,특정계층이용시설,"경상북도 성주군 용암면 용정3길  22 , 용정1리마을회관",-,52.8,13,1,1,-,아니오,아니오,아니오
영주시,36.7798107,128.6247319,적동2리경로당,특정계층이용시설,경상북도 영주시 문수면 문수로1499번길 54-17,-,96,24,2,1,-,아니오,아니오,아니오
성주군,35.8361307,128.3379936,용암경로당,특정계층이용시설,경상북도 성주군 용암면 운용로 1036,-,77.43,20,2,1,-,아니오,아니오,아니오
의성군,36.3172561,128.5384686,쌍계리(여)경로당,특정계층이용시설,경상북도 의성군 비안면 강변길 592,-,227.82,40,1,1,-,아니오,아니오,아니오
포항시,35.892338,129.494316,장기면다목적복지회관,공공시설,경상북도 포항시 남구 장기면 읍내길 54 (장기면),-,694.55,10,정보없음,정보없음,-,-,-,-
영양군,36.515575,129.179844,화매2리경로당,특정계층이용시설,경상북도 영양군 석보면 석보로 1180 (화매리복지회관),-,100.95,34,4,1,-,-,-,-
영주시,36.7752208,128.5777593,장수면분회경로당,특정계층이용시설,경상북도 영주시 장수면 장수로 41,-,177,44,1,1,-,아니오,아니오,아니오
영주시,36.7836581,128.6012047,반구2리마을회관(경로당),특정계층이용시설,경상북도 영주시 장수면 장수로196번길 105-9,-,95,23,1,1,-,아니오,아니오,아니오
김천시,36.1076,128.160116,월곡4리경로당,특정계층이용시설,경상북도 김천시 농소면월곡외지길 163,-,111,28,3,1,-,아니오,아니오,예
안동시,36.6464025,128.861652,주진1리경로당,특정계층이용시설,경상북도 안동시 예안면 주진배나들길 124-1,-,70.04,30,3,1,-,아니오,아니오,아니오
안동시,36.5568951,128.4949216,도양1리경로당,특정계층이용시설,경상북도 안동시 풍천면 신방길 23,-,77.86,17,5,2,-,아니오,아니오,아니오
안동시,36.5432036,128.4678045,구담1리경로당,특정계층이용시설,경상북도 안동시 풍천면 동산마루길 17,-,80.34,20,2,2,-,아니오,아니오,아니오
안동시,36.5676,128.6679,막곡1리경로당,특정계층이용시설,경상북도 안동시 풍산읍 아랫막실길 48,-,31.68,44,2,2,-,아니오,아니오,아니오
영덕군,36.3775235,129.279276,매일2리,특정계층이용시설,경상북도 영덕군 달산면 매일길 260,-,56,17,2,1,-,아니오,아니오,아니오
울진군,36.6887994,129.4365098,삼율3리쉼터,야외시설,경상북도 울진군 후포면 상밤터1길 192,-,15,8,정보없음,정보없음,-,아니오,아니오,아니오
울진군,36.8903245,129.3686371,기전마을입구쉼터,야외시설,경상북도 울진군 매화면 기전길 19,-,15,8,정보없음,정보없음,-,아니오,아니오,아니오
문경시,36.644607,128.189013,호계숲,야외시설,경상북도 문경시 호계면 상무로 407,-,3000,455,정보없음,정보없음,-,아니오,아니오,아니오
문경시,36.651444,128.206064,우로1리정자,야외시설,경상북도 문경시 호계면 견탄길 20-13,-,20,4,정보없음,정보없음,-,아니오,아니오,아니오
문경시,36.6135295,128.2606929,연소1리쉼터,야외시설,경상북도 문경시 산양면 동살미길 10,-,1400,100,정보없음,정보없음,-,-,-,-
문경시,36.579476,128.2014,용지마쉼터,야외시설,경상북도 문경시 용지마길 89,-,10,2,정보없음,정보없음,-,-,-,-
칠곡군,35.936,128.4298,금호왕방경로당,특정계층이용시설,경상북도 칠곡군 지천면 금호왕방1길 163-1,-,63.38,15,1,1,-,아니오,아니오,아니오
상주시,36.2834258,128.0922,옥산1리마을회관,특정계층이용시설,경상북도 상주시 공성면옥산1길 8-36,-,109,29,3,1,-,아니오,아니오,아니오
상주시,36.2883102,128.0990008,평천2리마을회관,특정계층이용시설,경상북도 상주시 공성면 평천1길 20,-,86,26,0,2,-,아니오,아니오,아니오
의성군,36.3486303,128.6637774,원당2리,특정계층이용시설,경상북도 의성군 의성읍 원당2길 138,-,98.04,55,3,1,-,아니오,아니오,아니오
의성군,36.3475263,128.5003129,외곡리경로당,특정계층이용시설,경상북도 의성군 비안면 외곡길 16-6,-,90.87,30,3,1,-,-,아니오,-
봉화군,36.998842,128.715309,안마쉼터,야외시설,경상북도 봉화군 물야면 죽터길 8,-,60,10,정보없음,정보없음,-,아니오,아니오,아니오
봉화군,36.98622,128.701122,압동리쉼터,야외시설,경상북도 봉화군 물야면 압동길 21,-,60,10,정보없음,정보없음,-,아니오,아니오,아니오
의성군,36.337409,128.502693,이두2리경로당,특정계층이용시설,경상북도 의성군 비안면강변길 175-8,-,38.52,15,1,1,-,아니오,아니오,아니오
의성군,36.3257491,128.4972256,동부리경로당,특정계층이용시설,경상북도 의성군 비안면 동부안길 4,-,73.5,20,3,1,-,-,아니오,-
봉화군,36.974517,128.701458,조양쉼터,야외시설,경상북도 봉화군 물야면 조양길 201,-,60,10,정보없음,정보없음,-,아니오,아니오,아니오
의성군,36.3364105,128.4707147,용천1리경로당,특정계층이용시설,경상북도 의성군 비안면 용천길 145-3,-,50.11,25,3,1,-,아니오,아니오,아니오
예천군,36.619985,128.320708,장송(성조)경로당,특정계층이용시설,경상북도 예천군 개포면 성조길 5,-,97,24,1,1,-,예,예,아니오
문경시,36.6053029,128.2114416,예동경로당,특정계층이용시설,경상북도 문경시 예동길 41 (흥덕동),-,97,37,1,1,-,아니오,아니오,아니오
문경시,36.6029666,128.2019292,흥덕주공경로당,특정계층이용시설,경상북도 문경시 흥덕동 333,-,126,31,1,1,-,-,아니오,-
김천시,36.1794191,128.1453488,다남1리동산경로당,특정계층이용시설,경상북도 김천시 어모면 다남4길 20-3,-,128,32,2,2,-,아니오,아니오,예
안동시,36.4816015,128.6737179,구천리경로당,특정계층이용시설,경상북도 안동시 일직면 구천2길 19,-,99.96,29,2,1,-,아니오,아니오,아니오
영주시,36.8709165,128.5248609,소공원,야외시설,"경상북도 영주시 기주로 102  (풍기읍, 풍기읍사무소)",-,364,36,정보없음,정보없음,-,아니오,아니오,아니오
영덕군,36.3633861,129.3753877,오포1리경로당,특정계층이용시설,경상북도 영덕군 강구면 오포5길  16,-,44,11,5,1,-,아니오,아니오,아니오
안동시,36.5188488,128.737824,현내2리경로당,특정계층이용시설,경상북도 안동시 남선면 가현안길 2-3,-,87.88,15,3,1,-,아니오,아니오,아니오
안동시,36.521499,128.700771,원림1리경로당,특정계층이용시설,경상북도 안동시 남선면 놉실로 114,-,120.84,37,3,1,-,아니오,아니오,아니오
안동시,36.5304261,128.7829554,신석1리경로당,특정계층이용시설,경상북도 안동시 남선면 신평길 16-9,-,130.19,29,3,1,-,아니오,아니오,아니오
봉화군,36.887494,128.737796,교촌쉼터,야외시설,경상북도 봉화군 봉화읍 교촌길 58,-,60,6,정보없음,정보없음,-,아니오,아니오,아니오
영주시,36.8713205,128.5199597,성내공원,야외시설,경상북도 영주시 풍기읍 동양대로129번길 140-9,-,380,38,정보없음,정보없음,-,아니오,아니오,아니오
영주시,36.884158,128.524334,금계중학교변(정자),야외시설,경상북도 영주시 금계로 131  (풍기읍),-,40,1,정보없음,정보없음,-,아니오,아니오,아니오
울진군,36.972351,129.2110405,소광리쉼터,야외시설,경상북도 울진군 금강송면 소광2길 1,-,15,8,정보없음,정보없음,-,아니오,아니오,아니오
울진군,36.879753,129.398339,덕신2리동회관옆쉼터,야외시설,경상북도 울진군 매화면 덕신3길 199,-,15,8,정보없음,정보없음,-,아니오,아니오,아니오
의성군,36.3838938,128.4201229,노연3리경로당,특정계층이용시설,경상북도 의성군 단북면 노정길 80-9,-,78.34,25,3,1,-,아니오,아니오,아니오
의성군,36.290282,128.6245877,풍리2리경로당,특정계층이용시설,경상북도 의성군 봉양면 풍리2길 3,-,90.3,15,2,1,-,아니오,아니오,아니오
봉화군,36.8575835,128.7321087,석평1리쉼터,야외시설,경상북도 봉화군 봉화읍 이산로 1086-7,-,60,10,정보없음,정보없음,-,아니오,아니오,아니오
봉화군,36.8942133,128.721291,한성쉼터,야외시설,경상북도 봉화군 봉화로 1001  (봉화읍),-,60,6,정보없음,정보없음,-,아니오,아니오,아니오
영덕군,36.5563433,129.4023796,송천1리경로당,특정계층이용시설,경상북도 영덕군 병곡면 송천1길 15-24,-,89.28,23,2,2,-,아니오,아니오,아니오
영덕군,36.5610476,129.3375826,가산2리,특정계층이용시설,경상북도 영덕군 창수면 가산길 184,-,70,17,1,1,-,아니오,아니오,아니오
영덕군,36.5760902,129.2751923,신리2리,특정계층이용시설,경상북도 영덕군 창수면 신리길 8-29,-,99,24,2,1,-,아니오,아니오,아니오
안동시,36.7179477,128.85015,의촌리경로당,특정계층이용시설,경상북도 안동시 도산면의촌길 38,-,66.96,16,3,1,-,아니오,아니오,아니오
안동시,36.7502925,128.8695592,백운지경로당,특정계층이용시설,경상북도 안동시 도산면 백운로 819,-,69.55,17,3,2,-,아니오,아니오,아니오
안동시,36.7466968,128.832165,온혜2리경로당,특정계층이용시설,경상북도 안동시 도산면 온천로 691,-,149.8,40,3,2,-,아니오,아니오,아니오
안동시,36.7013284,128.789151,선양리경로당,특정계층이용시설,경상북도 안동시 도산면송내길 228,-,63.6,15,2,1,-,아니오,아니오,아니오
안동시,36.5786398,128.5757393,안교2리경로당,특정계층이용시설,경상북도 안동시 풍산읍 홍정길 2,-,80.51,120,3,1,-,아니오,아니오,아니오
고령군,35.728933,128.269592,헌문리경로당,특정계층이용시설,경상북도 고령군 대가야읍 고헌4길 11-3,-,93,28,1,1,-,아니오,아니오,아니오
고령군,35.728248,128.281194,장기리경로당,특정계층이용시설,경상북도 고령군 대가야읍 회천로 9,-,134.5,41,1,1,-,아니오,아니오,아니오
고령군,35.730648,128.263962,연조1리경로당,특정계층이용시설,경상북도 고령군 대가야읍연조3길 11,-,92.9,28,1,1,-,아니오,아니오,아니오
영주시,36.7894,128.5736,공원,야외시설,경상북도 영주시 장수면 장안로185번길 29-34,-,254,25,정보없음,정보없음,-,아니오,아니오,아니오
영주시,36.8119955,128.5740405,두전1리노인회관,특정계층이용시설,경상북도 영주시 장수면 장안로 440,-,169,42,2,1,-,아니오,아니오,아니오
고령군,35.729414,128.266522,할머니경로당,특정계층이용시설,경상북도 고령군 대가야읍 향교길 23,-,287.6,87,1,1,-,아니오,아니오,아니오
구미시,36.131859,128.429747,구포경로당,특정계층이용시설,경상북도 구미시 4공단로6길 8-8,-,100,25,3,2,-,아니오,아니오,아니오
구미시,36.1464928,128.4116646,대백@경로당,특정계층이용시설,경상북도 구미시 흥안로 63,-,207,52,2,2,-,아니오,아니오,아니오
영덕군,36.363366,129.3754303,오포1리부인회,특정계층이용시설,경상북도 영덕군 강구면 오포5길  16,-,42,10,2,1,-,아니오,아니오,아니오
영덕군,36.474935,129.393711,기암1리경로당,특정계층이용시설,경상북도 영덕군 축산면 기암길 7,-,68.6,30,1,1,-,아니오,아니오,아니오
포항시,35.9962644,129.3116752,중명1리경로당,특정계층이용시설,경상북도 포항시 남구 연일읍 부조길291번길 6,-,82.6,24,1,1,-,아니오,아니오,아니오
성주군,35.892064,128.347056,동암1경로당,특정계층이용시설,"경상북도 성주군 선남면 명관로  379 , 동암리노인회관",-,86,40,2,1,-,아니오,아니오,아니오
안동시,36.771083,128.8705,가송리경로당,특정계층이용시설,경상북도 안동시 도산면퇴계로 3236-5,-,64.68,16,3,1,-,아니오,아니오,아니오
안동시,36.7363048,128.80826,의일1리경로당,특정계층이용시설,경상북도 안동시 도산면 아랫제비실길 5,-,71.19,17,3,1,-,아니오,아니오,아니오
의성군,36.4622794,128.3803806,송호2리부녀경로당,특정계층이용시설,경상북도 의성군 다인면 송호2길 35-9,-,34.65,20,2,1,-,아니오,아니오,아니오
김천시,36.1510287,128.2334706,제석1리할머니경로당,특정계층이용시설,경상북도 김천시 아포읍 제석2길 8,-,81.9,49,3,1,-,아니오,아니오,예
김천시,36.1487217,128.2820366,금천경로당,특정계층이용시설,경상북도 김천시 아포읍 금천길 31,-,90,47,2,1,-,아니오,아니오,예
김천시,36.154629,128.249626,국사할머니경로당,특정계층이용시설,경상북도 김천시 아포읍국사4길 5,-,88,51,2,2,-,아니오,아니오,예
상주시,36.4040918,128.146462,개운1동마을회관,특정계층이용시설,경상북도 상주시 개운2길 24,-,88,25,2,1,-,아니오,아니오,아니오
상주시,36.4376528,128.127138,연원1리노인회관,특정계층이용시설,경상북도 상주시 연원7길 22,-,133,38,2,1,-,아니오,아니오,아니오
상주시,36.4197,128.1371,징담마을회관,특정계층이용시설,경상북도 상주시 연원1길 10-7,-,85,24,2,1,-,아니오,아니오,아니오
상주시,36.4642528,128.170328,초산1리마을회관,특정계층이용시설,경상북도 상주시  초산1길  51   (초산동),-,97,29,2,1,-,아니오,아니오,아니오
안동시,36.4312748,128.6366379,명진1리경로당,특정계층이용시설,경상북도 안동시 일직면 바랑골길 1,-,75.48,28,2,1,-,아니오,아니오,아니오
영덕군,36.5416171,129.4155574,괴시1리마을회관,특정계층이용시설,경상북도 영덕군 영해면 호지마을길 16-1,-,198,49,3,1,-,아니오,아니오,아니오
안동시,36.4297631,128.6461821,명진1리덕동경로당,특정계층이용시설,경상북도 안동시 일직면 평팔명진길 232,-,103.3,22,2,1,-,아니오,아니오,아니오
안동시,36.4323712,128.6544736,명진2리경로당,특정계층이용시설,경상북도 안동시 일직면 평팔명진길 312,-,123.75,38,2,1,-,아니오,아니오,아니오
안동시,36.429758,128.6180874,평팔2리경로당,특정계층이용시설,경상북도 안동시 일직면 안평일직길 629,-,99.99,49,4,1,-,아니오,아니오,아니오
봉화군,36.9186591,128.786133,들목쉼터,야외시설,경상북도 봉화군 봉성면 금봉로 91-43,-,60,10,정보없음,정보없음,-,아니오,아니오,아니오
영주시,36.8210176,128.6251186,국가유공회,특정계층이용시설,경상북도 영주시 영주동 원당로  93   (영주동),-,82,20,1,1,-,아니오,아니오,아니오
봉화군,36.862354,129.018623,서내골정자,야외시설,경상북도 봉화군 소천면 갈산로 1012,-,60,10,정보없음,정보없음,-,아니오,아니오,아니오
구미시,36.1394127,128.3214551,봉수대공원,야외시설,경상북도 구미시 송동로 71-19 (도량동),-,369.3,56,정보없음,정보없음,-,아니오,아니오,아니오
봉화군,36.899039,128.920124,어은골,야외시설,경상북도 봉화군 법전면 모랫골길 187-9,-,60,10,정보없음,정보없음,-,아니오,아니오,아니오
성주군,35.826809,128.306972,사부골경로당,특정계층이용시설,"경상북도 성주군 용암면 덕평로  214 , 덕평리회관",-,41.1,10,1,1,-,아니오,아니오,아니오
성주군,35.829394,128.311088,덕평리경로당,특정계층이용시설,"경상북도 성주군 용암면 덕평로1길  78 , 덕평리위동마을회관",-,73.2,18,2,1,-,아니오,아니오,아니오
포항시,36.0535957,129.3767278,항구해맞이마을쉼터,특정계층이용시설,경상북도 포항시 북구 삼호로 168-14 (항구동),-,61,18,1,1,-,아니오,아니오,아니오
포항시,36.0473791,129.3672805,대신마을쉼터,특정계층이용시설,경상북도 포항시 북구 대신로35번길 3 (대신동),-,146,44,1,1,-,아니오,아니오,아니오
의성군,36.4850686,128.3943576,봉정2리경로당,특정계층이용시설,경상북도 의성군 다인면 봉정길 59,-,144.92,20,3,1,-,-,아니오,-
문경시,36.70404,128.243042,우곡2리쉼터,야외시설,경상북도 문경시 산북면 운달로 480,-,20,5,정보없음,정보없음,-,아니오,아니오,아니오
문경시,36.725858,128.226392,김용쉼터,야외시설,경상북도 문경시 산북면 김용길 220-3,-,20,7,정보없음,정보없음,-,아니오,아니오,아니오
영덕군,36.484484,129.188839,원전경로당,특정계층이용시설,경상북도 영덕군 지품면원전2길 11,-,154.6,38,3,1,-,아니오,아니오,아니오
영덕군,36.4854914,129.1879094,원전학구경로당,특정계층이용시설,경상북도 영덕군 지품면 원전길 11-3,-,117,29,6,1,-,아니오,아니오,아니오
의성군,36.4208443,128.4099171,삼분2리경로당,특정계층이용시설,경상북도 의성군 다인면 삼분2길 211-3,-,108.66,28,3,1,-,-,아니오,-
포항시,36.0153457,129.3434538,철길숲야외파고라,야외시설,경상북도 포항시 남구 대이로1번길 14,-,100,3,정보없음,정보없음,-,아니오,아니오,아니오
문경시,36.654577,128.266315,약석쉼터,야외시설,경상북도 문경시 산북면 구룡판길 14,-,20,8,정보없음,정보없음,-,아니오,아니오,아니오
의성군,36.4699175,128.3573833,평림2리경로당,특정계층이용시설,경상북도 의성군 다인면 평림길 123,-,87.01,12,2,1,-,-,아니오,-
문경시,36.5968826,128.2164728,포내2리마을회관팔각정,야외시설,경상북도 문경시 영순면 포내1길 60,-,30,5,정보없음,정보없음,-,-,-,-
문경시,36.706267,128.120438,남호정류장옆정자,야외시설,경상북도 문경시 마성면 남호2길 42,-,40,7,정보없음,정보없음,-,-,-,-
문경시,36.68701,128.106742,정리2리마을회관앞정자,야외시설,경상북도 문경시 마성면 남호7길 11,-,30,5,정보없음,정보없음,-,-,-,-
울진군,36.8004045,129.4564132,기성쉼터,야외시설,경상북도 울진군 기성면 기성본길 69,-,15,8,정보없음,정보없음,-,아니오,아니오,아니오
울진군,36.787243,129.4629618,좋은쉼터(봉산1리),야외시설,경상북도 울진군 기성면 봉산길 44-1,-,15,8,정보없음,정보없음,-,아니오,아니오,아니오
문경시,36.776948,128.316679,적성2리동네터경로당앞정자,야외시설,경상북도 문경시 동로면 여우목로 2825,-,15,3,정보없음,정보없음,-,-,-,-
문경시,36.709927,128.304179,인곡리마을회관건너정자,야외시설,경상북도 문경시 동로면 금천로 1677-8,-,15,3,정보없음,정보없음,-,-,-,-
문경시,36.761017,128.343395,석항1리마을회관옆정자,야외시설,경상북도 문경시 동로면 수진길 41,-,15,3,정보없음,정보없음,-,-,-,-
상주시,36.3371091,128.0709,소상1리마을회관,특정계층이용시설,경상북도 상주시 외남면소상1길 26,-,125,38,2,1,-,아니오,아니오,아니오
상주시,36.3747244,128.1044,소은1리마을회관,특정계층이용시설,경상북도 상주시 외남면소은1길 61,-,86,25,2,1,-,아니오,아니오,아니오
상주시,36.3352,128.0787,구서1리마을회관,특정계층이용시설,경상북도 상주시 외남면구서1길 61,-,83,25,2,1,-,아니오,아니오,아니오
상주시,36.4048047,128.076567,신촌2리마을회관,특정계층이용시설,경상북도 상주시 내서면신촌1길 77,-,100,28,3,1,-,아니오,아니오,아니오
상주시,36.4386351,128.014468,서원1리마을회관,특정계층이용시설,경상북도 상주시 내서면서원3길 11,-,145,27,2,1,-,아니오,아니오,아니오
상주시,36.4503,128.0621,서만2리마을회관,특정계층이용시설,경상북도 상주시 내서면서만4길 2,-,137,23,3,1,-,아니오,아니오,아니오
문경시,36.676337,128.121672,신현2리마을회관뒤공원,야외시설,경상북도 문경시 마성면 정리2길 100,-,630,96,정보없음,정보없음,-,-,-,-
영주시,36.8184538,128.6359841,세영첼시빌경로당,특정계층이용시설,경상북도 영주시 휴천동 남간로71번길  6   (휴천동),-,72.5,35,2,2,-,아니오,아니오,아니오
영주시,36.8201245,128.6363604,화성라온빌경로당,특정계층이용시설,경상북도 영주시 휴천동 남간로71번길  46   (휴천동),-,47.6,31,0,1,-,아니오,아니오,아니오
영주시,36.8198086,128.6297147,동부경로당,특정계층이용시설,경상북도 영주시 휴천동 남간로21번길  23-12  (휴천동),-,79.56,80,3,1,-,아니오,아니오,아니오
안동시,36.5237438,128.868257,임하1리상촌경로당,특정계층이용시설,경상북도 안동시 임하면 거드실길 20,-,68.24,20,2,1,-,아니오,아니오,아니오
구미시,36.1529,128.4315,우항공원,야외시설,경상북도 구미시 산동읍 신당4로1길 56,-,10000,50,정보없음,정보없음,-,아니오,아니오,아니오
문경시,36.808379,128.147255,관음1쉼터,야외시설,경상북도 문경시 문경읍 관음3길 31,-,20,4,정보없음,정보없음,-,-,-,-
안동시,36.444772,128.6791867,광연리경로당,특정계층이용시설,경상북도 안동시 일직면 광연길 31,-,68.6,76,4,1,-,아니오,아니오,아니오
영덕군,36.5079157,129.4497884,축산3리경로당,특정계층이용시설,경상북도 영덕군 축산면 축산항길 68,-,161.5,30,0,2,-,아니오,아니오,아니오
울진군,36.9846971,129.4104551,읍남3리쉼터,야외시설,경상북도 울진군 울진읍 강변로 99,-,15,1,정보없음,정보없음,-,아니오,아니오,아니오
문경시,36.765415,128.241904,호암쉼터,야외시설,경상북도 문경시 윗호암길 46  (산북면),-,20,7,정보없음,정보없음,-,아니오,아니오,아니오
문경시,36.694212,128.251235,이곡쉼터,야외시설,경상북도 문경시 산북면 갯마도장골길 5,-,20,6,정보없음,정보없음,-,아니오,아니오,아니오
상주시,36.3048002,128.0728412,봉산3리마을회관,특정계층이용시설,경상북도 상주시 공성면 솔미길 23,-,92,30,2,1,-,아니오,아니오,아니오
문경시,36.589904,128.210869,영신부녀경로당,특정계층이용시설,경상북도 문경시 영신4길 7 (영신동),-,63,30,1,1,-,-,아니오,-
김천시,36.176296,128.235573,신촌경로당,특정계층이용시설,경상북도 김천시 아포읍의1길 90-15,-,183,46,2,1,-,아니오,아니오,아니오
김천시,36.170485,128.253198,연실경로당,특정계층이용시설,경상북도 김천시 아포읍인2길 288,-,47,12,2,1,-,아니오,아니오,아니오
김천시,36.192067,128.242903,강호경로당,특정계층이용시설,경상북도 김천시 아포읍지1길 34,-,70,18,1,1,-,아니오,아니오,아니오
김천시,36.1621189,128.2204834,덕계경로당,특정계층이용시설,경상북도 김천시 아포읍 덕계길 95,-,80,20,1,1,-,아니오,아니오,아니오
문경시,36.5859437,128.1976859,윤직동경로당,특정계층이용시설,경상북도 문경시 윤직동1길 13-5  (윤직동),-,99,30,1,1,-,-,아니오,-
경산시,35.945949,128.83657,와촌면사무소정자,야외시설,경상북도 경산시 와촌면 금송로 416,-,20,2,정보없음,정보없음,-,-,-,-
문경시,36.586499,128.1948642,남부경로당,특정계층이용시설,경상북도 문경시 남부3길 19 (모전동),-,54,20,1,1,-,-,아니오,-
경주시,35.766706,129.1941,부지1천면마을회관,특정계층이용시설,"경상북도 경주시 내남면 천면2길  48 , 부지1리마을회관",-,129,39,1,1,-,-,아니오,아니오
경주시,35.748583,129.174736,덕천1리마을회관,특정계층이용시설,경상북도 경주시 내남면 화계로  53,-,84,25,1,1,-,아니오,아니오,아니오
경주시,35.7344731,129.1623384,안심1리마을회관,특정계층이용시설,경상북도 경주시 내남면 안심길 127,-,41.5,13,1,1,-,아니오,아니오,아니오
안동시,36.626004,128.573912,서미2리경로당,특정계층이용시설,경상북도 안동시 풍산읍목현길 85-8,-,90.6,35,5,1,-,아니오,아니오,아니오
상주시,36.4126768,128.15049,남원동복지센터,특정계층이용시설,경상북도 상주시  낙양5길  14   (낙양동),-,293,89,4,1,-,아니오,아니오,아니오
성주군,35.8599874,128.107093,용사리경로당,특정계층이용시설,경상북도 성주군 가천면 포천계곡로 837,-,97.92,25,1,1,-,아니오,아니오,아니오
구미시,36.3343144,128.330535,동산리경로당,특정계층이용시설,경상북도 구미시 도개면동산2길 5,-,123.95,31,3,2,-,아니오,아니오,아니오
상주시,36.4559,128.2207,화달2리마을회관,특정계층이용시설,경상북도 상주시 사벌국면 화달3길 27,-,99,30,5,1,-,아니오,아니오,아니오
칠곡군,36.0628,128.3429,북삼읍경로당(인평1리),특정계층이용시설,경상북도 칠곡군 북삼읍 인평1길 6,-,33.6,12,1,1,-,아니오,아니오,아니오
칠곡군,36.052368,128.372165,오평1리경로당,특정계층이용시설,경상북도 칠곡군 북삼읍 시덕로  227-7,-,126,31,2,1,-,아니오,아니오,아니오
성주군,35.883065,128.381185,소학2경로당,특정계층이용시설,경상북도 성주군 선남면 소학2길  37-1,-,40,30,2,1,-,아니오,아니오,아니오
성주군,35.8923725,128.3723956,마안골경로당,특정계층이용시설,경상북도 성주군 선남면 도성2길 150,-,75,30,2,1,-,아니오,아니오,아니오
영천시,36.046258,128.868469,화산2리경로당,특정계층이용시설,"경상북도 영천시 화산면 효지길  98-14, 화산2리마을회관",-,79,30,2,1,-,-,-,아니오
영천시,36.014866,128.887106,암기리경로당,특정계층이용시설,"경상북도 영천시 화산면 가래실로  162 , 암기리노인정",-,84,30,2,1,-,-,-,아니오
의성군,36.3161842,128.5539168,안평2리경로당(분토길),특정계층이용시설,경상북도 의성군 봉양면 분토길 110,-,66.12,9,2,1,-,아니오,아니오,아니오
안동시,36.5501856,128.7876633,송천하리경로당,특정계층이용시설,경상북도 안동시 향교길 93 (송천동),-,112.2,30,4,3,-,아니오,아니오,아니오
안동시,36.5547448,128.7516546,용상세영리첼아파트경로당,특정계층이용시설,"경상북도 안동시 중평길 39 (용상동, 안동 세영 리첼아파트)",-,100.14,30,2,1,-,아니오,아니오,아니오
안동시,36.5560182,128.754767,중들경로당,특정계층이용시설,경상북도 안동시 중평2길 14,-,77.36,30,2,1,-,아니오,아니오,아니오
안동시,36.562713,128.634417,회곡리경로당,특정계층이용시설,경상북도 안동시 풍산읍우릉길 11-3,-,83.64,77,3,1,-,아니오,아니오,아니오
영천시,36.066056,129.065469,신방1리(신천)경로당,특정계층이용시설,경상북도 영천시 자양면 신천길  9,-,66.31,16,3,1,-,-,-,아니오
영천시,36.020009,128.974609,양항2리경로당,특정계층이용시설,경상북도 영천시 임고면 포은로  488,-,116,17,2,1,-,-,-,아니오
영천시,36.0464294,128.9782906,선원1리경로당,특정계층이용시설,경상북도 영천시 임고면 신선로 684,-,122,17,2,1,-,-,-,아니오
성주군,35.8368048,128.3554387,풍곡경로당,특정계층이용시설,경상북도 성주군 용암면 사곡1길 39,-,43.6,11,1,1,-,아니오,아니오,아니오
안동시,36.4571476,128.6046688,용각리경로당,특정계층이용시설,경상북도 안동시 일직면 용각길 149,-,159.64,43,3,1,-,아니오,아니오,아니오
안동시,36.453395,128.5909883,중용각경로당,특정계층이용시설,경상북도 안동시 일직면 용각길 285,-,81.81,22,2,1,-,아니오,아니오,아니오
청도군,35.6755462,128.7567911,안인리할머니,특정계층이용시설,경상북도 청도군 청도읍 곰실길 6,-,66,16,2,1,-,아니오,아니오,아니오
김천시,36.068718,128.175779,봉곡1리(여),특정계층이용시설,경상북도 김천시 농소면 봉곡안길 11-3,-,98,25,3,2,-,아니오,아니오,예
청도군,35.6887489,128.7775326,운산1리,특정계층이용시설,경상북도 청도군 청도읍 운산3길 141,-,72.15,18,2,1,-,아니오,아니오,아니오
청도군,35.66651,128.7803677,부야1리,특정계층이용시설,경상북도 청도군 청도읍 부야3길 3-1,-,95.45,23,2,1,-,아니오,아니오,아니오
영천시,35.9727244,128.9384472,영천시청시민의쉼터2,야외시설,경상북도 영천시 시청로 16,-,3,4,정보없음,정보없음,-,-,예,아니오
울진군,36.9720272,129.3653289,행곡2리쉼터,야외시설,경상북도 울진군 근남면 천전길 45,-,15,8,정보없음,정보없음,-,아니오,아니오,아니오
울진군,36.9648403,129.4146064,산포4리쉼터,야외시설,경상북도 울진군 근남면 망양정로 971,-,15,8,정보없음,정보없음,-,아니오,아니오,아니오
상주시,36.4449446,127.953161,신봉3리마을회관,특정계층이용시설,경상북도 상주시 화서면 화령남6길 30,-,94,28,3,1,-,아니오,아니오,아니오
경산시,35.913822,128.818735,경산제일신협,생활밀착민간시설,"경상북도 경산시 하양읍 하양로  105-1, 경산제일신협",-,80,20,5,2,-,아니오,아니오,아니오
영덕군,36.4345068,129.2862749,눌곡리경로당,특정계층이용시설,경상북도 영덕군 지품면 눌곡길 145-11,-,75.74,18,5,1,-,아니오,아니오,아니오
영덕군,36.4211982,129.2793757,용덕1리경로당,특정계층이용시설,경상북도 영덕군 지품면 용덕1길 34,-,64.2,16,3,1,-,아니오,아니오,아니오
영덕군,36.4194907,129.2614407,용덕2리경로당,특정계층이용시설,경상북도 영덕군 지품면 용덕길 253,-,126.2,31,2,1,-,아니오,아니오,아니오
영덕군,36.4377938,129.2438245,송천1리경로당,특정계층이용시설,경상북도 영덕군 지품면 묵방길 137,-,78.65,19,5,1,-,아니오,아니오,아니오
영덕군,36.4302002,129.2531377,송천2리경로당,특정계층이용시설,경상북도 영덕군 지품면 묵방길 304,-,78.65,19,2,1,-,아니오,아니오,아니오
구미시,36.104106,128.447918,천생산공원,야외시설,경상북도 구미시 마제지길 167,-,1995,303,정보없음,정보없음,-,아니오,아니오,아니오
봉화군,36.93631,129.070748,분천3리마을회관앞,야외시설,경상북도 봉화군 소천면 소천로 2198-1,-,60,10,정보없음,정보없음,-,아니오,아니오,아니오
봉화군,36.8820064,128.8156937,봉성리복지회관앞,야외시설,"경상북도 봉화군 봉명로 579  (봉성면, 자율방범대)",-,60,10,정보없음,정보없음,-,아니오,아니오,아니오
봉화군,37.000285,129.076897,승부리마을회관,야외시설,경상북도 봉화군 석포면 승부길 1030,-,60,10,정보없음,정보없음,-,아니오,아니오,아니오
포항시,35.9591136,129.3460777,장동2리부녀마을쉼터,특정계층이용시설,경상북도 포항시 남구 대송면 장동홍계길220번길 9-12,-,55,17,1,1,-,아니오,아니오,아니오
포항시,35.9737094,129.3544655,남성2리마을쉼터,특정계층이용시설,경상북도 포항시 남구 대송면 남성안길 10,-,68,21,2,1,-,아니오,아니오,아니오
구미시,36.099305,128.401726,동락공원,야외시설,"경상북도 구미시 3공단1로 191  (진평동, 동락공원)",-,884.2,134,정보없음,정보없음,-,아니오,아니오,아니오
김천시,36.119915,128.129719,용호경로당,특정계층이용시설,경상북도 김천시 아랫장터1길 12,-,238,63,4,1,-,-,-,예
안동시,36.68061,128.659984,월전리고지절경로당,특정계층이용시설,경상북도 안동시 북후면 백현길 989,-,86.13,17,3,1,-,아니오,아니오,아니오
의성군,36.4118307,128.3434197,용무2리무릉경로당,특정계층이용시설,경상북도 의성군 다인면 용무2길 207-9,-,58,10,2,1,-,-,아니오,-
의성군,36.4218458,128.3837575,신락3리경로당,특정계층이용시설,경상북도 의성군 다인면 신락3길 33,-,166.16,10,2,1,-,-,아니오,-
경주시,35.793871,129.24473,남산경로당,특정계층이용시설,"경상북도 경주시  칠불암길  55 , 남산경로당 (남산동)",-,98.46,30,1,1,-,아니오,아니오,아니오
경주시,35.806119,129.261152,동방경로당,특정계층이용시설,"경상북도 경주시  산업로  3504-26, 동방경로당 (동방동)",-,379.68,115,2,2,-,아니오,아니오,아니오
경주시,35.840928,129.250656,숲머리경로당,특정계층이용시설,"경상북도 경주시  숲머리길  130-24, 숲머리경로당 (보문동)",-,63,19,2,2,-,아니오,아니오,아니오
경주시,35.850778,129.222714,동천경로당,특정계층이용시설,경상북도 경주시  대안길  7-6  (동천동),-,198,60,5,2,-,아니오,아니오,아니오
경주시,35.845877,129.233996,알천경로당,특정계층이용시설,경상북도 경주시  초당길43번길  13-8  (동천동),-,101,31,4,2,-,아니오,아니오,아니오
안동시,36.6881728,128.6786073,두산리음지마을경로당,특정계층이용시설,경상북도 안동시 북후면 음지마길 42,-,97.68,40,3,1,-,아니오,아니오,아니오
안동시,36.661905,128.686312,도촌2리서당골경로당,특정계층이용시설,경상북도 안동시 북후면 옥산길 28-34,-,84.6,28,3,2,-,아니오,아니오,아니오
경주시,35.7856364,129.314759,마동경로당,특정계층이용시설,"경상북도 경주시  마동큰마을2길  21-3, 마동다목적복지회관 (마동)",-,195,59,0,2,-,아니오,아니오,아니오
안동시,36.6930444,128.7369373,대현리거암경로당,특정계층이용시설,경상북도 안동시 북후면 서삼거인길 83-6,-,68.4,30,3,2,-,아니오,아니오,아니오
안동시,36.6910226,128.6756945,두산리경로당,특정계층이용시설,경상북도 안동시 북후면 하양지길 2,-,119.55,57,2,2,-,아니오,아니오,아니오
안동시,36.6091325,128.667695,금계리경로당,특정계층이용시설,경상북도 안동시 서후면 풍산태사로 2833-12,-,165.57,70,5,2,-,아니오,아니오,아니오
안동시,36.6519219,128.677976,광평2리경로당,특정계층이용시설,경상북도 안동시 서후면 개목사길 182,-,140.64,60,5,2,-,아니오,아니오,아니오
안동시,36.4722871,128.812725,추목점리경로당,특정계층이용시설,경상북도 안동시 임하면 추목로 717,-,56.34,17,2,3,-,아니오,아니오,아니오
포항시,36.1644639,129.3300484,고현1리마을쉼터,특정계층이용시설,경상북도 포항시 북구 청하면 고현길 108,-,106.64,40,1,2,-,-,-,아니오
구미시,36.3084599,128.33987,농암경로당,특정계층이용시설,경상북도 구미시 도개면도개다곡길 37-16,-,83.8,21,2,1,-,아니오,아니오,아니오
영덕군,36.4606563,129.2795247,율전리경로당,특정계층이용시설,경상북도 영덕군 지품면 밤실길 7,-,99.35,24,3,1,-,아니오,아니오,아니오
영덕군,36.4810342,129.2799539,도계1리경로당,특정계층이용시설,경상북도 영덕군 지품면 지영로 373-23,-,66.21,16,2,1,-,아니오,아니오,아니오
상주시,36.3659,128.1484,오산경로당,특정계층이용시설,경상북도 상주시 향촌길 21 (지천동),-,77,20,2,1,-,아니오,아니오,아니오
의성군,36.525245,128.3527619,용곡3리경로당,특정계층이용시설,경상북도 의성군 다인면 용곡2길 68,-,106.88,15,2,1,-,-,아니오,-
의성군,36.4782817,128.4018731,달제1리안김제경로당,특정계층이용시설,경상북도 의성군 다인면 달제1길 137-1,-,56.88,9,1,1,-,-,아니오,-
의성군,36.4616732,128.3997193,달제2리경로당,특정계층이용시설,경상북도 의성군 다인면 달제2길 32,-,128.19,28,2,1,-,-,아니오,-
의성군,36.4506924,128.4040672,달제2리샘골경로당,특정계층이용시설,경상북도 의성군 다인면 달제4길 162,-,53.92,16,2,1,-,아니오,아니오,아니오
의성군,36.4780811,128.3869305,달제1리경로당,특정계층이용시설,경상북도 의성군 다인면 자미로 557,-,32.64,10,2,1,-,아니오,아니오,아니오
의성군,36.4164822,128.36624,신락2리경로당,특정계층이용시설,경상북도 의성군 다인면 신산길 4-18,-,98.78,9,3,1,-,아니오,아니오,아니오
영주시,36.84608,128.601061,삼진경로당,특정계층이용시설,경상북도 영주시 창진로194번길 74-18,-,113,25,3,2,-,아니오,아니오,아니오
안동시,36.616023,128.554529,신양2리경로당,특정계층이용시설,경상북도 안동시 풍산읍신양로 467,-,99.71,44,4,2,-,아니오,아니오,아니오
안동시,36.675039,128.617627,신전2리경로당,특정계층이용시설,경상북도 안동시 북후면 북절길 57,-,83.49,29,4,1,-,아니오,아니오,아니오
성주군,35.836994,128.324124,본리1리경로당,특정계층이용시설,"경상북도 성주군 용암면 본리1길  12 , 본리1리경로당",-,109.1,27,2,1,-,아니오,아니오,아니오
성주군,35.840502,128.309726,본리2경로당,특정계층이용시설,경상북도 성주군 용암면 본리2길  7,-,83.3,21,1,1,-,아니오,아니오,아니오
김천시,36.055741,128.17473,봉곡2리경로당,특정계층이용시설,경상북도 김천시 농소면봉곡2길 15,-,121,30,1,1,-,아니오,아니오,예
안동시,36.688091,128.744923,대현리경로당,특정계층이용시설,경상북도 안동시 북후면 현삼길 250,-,86.84,50,2,1,-,아니오,아니오,아니오
봉화군,36.939982,128.912919,의양3리마을회관앞,야외시설,경상북도 봉화군 춘양면 현마1길 15,-,60,10,정보없음,정보없음,-,아니오,아니오,아니오
영덕군,36.5037214,129.2753554,도계2리경로당,특정계층이용시설,경상북도 영덕군 지품면 도계1길 45,-,83.2,20,5,1,-,아니오,아니오,아니오
영덕군,36.4276225,129.3451762,신애리경로당,특정계층이용시설,경상북도 영덕군 지품면 신애길 76,-,85.95,21,4,1,-,아니오,아니오,아니오
영덕군,36.439707,129.3314105,삼화1리경로당,특정계층이용시설,경상북도 영덕군 지품면 삼화2길 17-2,-,102.5,25,5,1,-,아니오,아니오,아니오
영덕군,36.4624851,129.2164958,수암리경로당,특정계층이용시설,경상북도 영덕군 지품면 경동로 6381-3,-,116.5,28,5,1,-,아니오,아니오,아니오
영덕군,36.5104239,129.4451302,축산1리경로당,특정계층이용시설,경상북도 영덕군 축산면 축산항1길 64-2,-,222.9,30,2,1,-,아니오,아니오,아니오
김천시,36.0512586,128.0058036,상거2리경로당,특정계층이용시설,경상북도 김천시 구성면상거2길 540,-,91.6,26,3,1,-,아니오,아니오,아니오
김천시,36.0174516,128.0323303,방산경로당,특정계층이용시설,경상북도 김천시 구성면구미길 30-11,-,83,20,2,1,-,아니오,아니오,아니오
김천시,36.040225,128.072586,광명1리경로당,특정계층이용시설,경상북도 김천시 구성면광명3길 192,-,86.9,50,4,2,-,아니오,아니오,아니오
영덕군,36.5017807,129.4369555,축산2리경로당,특정계층이용시설,경상북도 영덕군 축산면 염장길 40,-,141.2,30,0,1,-,아니오,아니오,아니오
안동시,36.5902923,128.6443233,학산아파트경로당,특정계층이용시설,경상북도 안동시 서후면 명리두솔원길 5-8 (학산아파트),-,77.49,50,3,2,-,아니오,아니오,아니오
김천시,36.0804077,128.1710042,용암1리경로당,특정계층이용시설,경상북도 김천시 농소면용암1길 20,-,239,60,3,3,-,아니오,아니오,예
김천시,36.119375,128.171773,월곡2리경로당,특정계층이용시설,경상북도 김천시 농소면용시길 225-11,-,149,37,3,1,-,아니오,아니오,예
김천시,36.219349,128.1905472,삼성1리쉼터,야외시설,경상북도 김천시 감문면 삼성1길 125,-,30,3,정보없음,정보없음,-,아니오,아니오,아니오
포항시,36.0877733,129.3798123,장성푸르지오마을쉼터,특정계층이용시설,"경상북도 포항시 북구 침촌지구로 10 (장성동, 장성 푸르지오)",-,179,26,1,1,-,아니오,아니오,아니오
성주군,35.848091,128.323483,본리3리경로당,특정계층이용시설,경상북도 성주군 용암면 본리3길  3,-,84,25,1,1,-,아니오,아니오,아니오
성주군,35.844583,128.334207,관곡경로당,특정계층이용시설,"경상북도 성주군 용암면 상언2길  71 , 관곡경로당",-,59.6,15,1,1,-,아니오,아니오,아니오
상주시,36.5031681,128.167888,연봉1리동회관,특정계층이용시설,경상북도 상주시 외서면연봉5길 2,-,154,40,1,1,-,아니오,아니오,아니오
상주시,36.5014457,128.17734,연봉2리마을회관,특정계층이용시설,경상북도 상주시 외서면 북상주로 857,-,76,20,2,1,-,아니오,아니오,아니오
영주시,36.8148336,128.6137301,강변타운2차경로당,특정계층이용시설,"경상북도 영주시 대동로 97 (가흥동, 현대2차강변아파트)",-,140,80,0,1,-,아니오,아니오,아니오
경산시,35.826346,128.738538,중앙3공원,야외시설,경상북도 경산시 경안로42길 15-5,-,20,6,정보없음,정보없음,-,-,-,-
봉화군,36.818371,128.821264,신라쉼터,야외시설,경상북도 봉화군 상운면 운봉로 5-36,-,60,10,정보없음,정보없음,-,아니오,아니오,아니오
상주시,36.3414506,127.961837,모서면노인회관,특정계층이용시설,경상북도 상주시 모서면삼포3길 28,-,431,108,3,1,-,아니오,아니오,아니오
상주시,36.3454947,127.950814,지산1리노인회관,특정계층이용시설,경상북도 상주시 모서면 지산건잔길 2,-,99,18,1,2,-,아니오,아니오,아니오
상주시,36.3352,127.9025,득수2리마을회관,특정계층이용시설,경상북도 상주시 모서면백화로 802,-,80,24,4,3,-,아니오,아니오,아니오
봉화군,36.844452,128.796422,문촌회관쉼터,야외시설,경상북도 봉화군 상운면 아랫반송길 1,-,60,10,정보없음,정보없음,-,아니오,아니오,아니오
영덕군,36.394332,129.2574889,용전리,특정계층이용시설,경상북도 영덕군 달산면 용전길 2-16,-,73,22,3,1,-,아니오,아니오,아니오
영덕군,36.3808418,129.2544788,덕산1리,특정계층이용시설,경상북도 영덕군 달산면 주왕산로 2952,-,66,20,2,1,-,아니오,아니오,아니오
김천시,36.03502,128.043746,상좌원경로당,특정계층이용시설,경상북도 김천시 구성면상좌원1길 106,-,95.04,50,3,2,-,아니오,아니오,아니오
김천시,36.158277,128.033973,중리경로당,특정계층이용시설,경상북도 김천시 봉산면상금길 147-3,-,59.94,15,2,1,-,아니오,아니오,아니오
상주시,36.4159897,127.977716,판곡1리마을회관,특정계층이용시설,경상북도 상주시 화동면서대산로 310,-,138,42,3,1,-,아니오,아니오,아니오
영양군,36.757842,129.0883711,도곡리구도실경로당,특정계층이용시설,경상북도 영양군 일월면 옛구도실길 8,-,98,30,2,1,-,아니오,-,아니오
영양군,36.7176533,129.143697,섬촌메베리경로당,특정계층이용시설,경상북도 영양군 일월면 섬촌길 169,-,95,30,2,1,-,아니오,-,아니오
영양군,36.8485089,129.2260462,안암경로당,특정계층이용시설,경상북도 영양군 수비면 안암길 1,-,75.1,20,1,1,-,아니오,-,아니오
영양군,36.7668905,129.1963997,발리1리경로당,특정계층이용시설,경상북도 영양군 수비면 금촌길 14,-,98.82,30,2,1,-,아니오,-,아니오
의성군,36.4730019,128.5038775,교안1리경로당,특정계층이용시설,경상북도 의성군 신평면 봉호로 2444,-,78.5,30,2,1,-,아니오,아니오,아니오
의성군,36.4661859,128.5041484,교안2리경로당,특정계층이용시설,경상북도 의성군 신평면 교안2길 52,-,86.1,35,3,1,-,아니오,아니오,아니오
의성군,36.4984896,128.5021716,중율2리(신기)경로당,특정계층이용시설,경상북도 의성군 신평면 중율길 24,-,100.12,10,2,1,-,아니오,아니오,아니오
의성군,36.4748136,128.496657,교안3리경로당,특정계층이용시설,경상북도 의성군 신평면 교안3길 23,-,77.06,16,3,1,-,아니오,아니오,아니오
의성군,36.4654352,128.5357422,덕봉리경로당,특정계층이용시설,경상북도 의성군 신평면 교덕길 424,-,82.8,31,3,1,-,아니오,-,아니오
의성군,36.296601,128.7102413,만천새터,특정계층이용시설,경상북도 의성군 금성면 만천길 47-7,-,29.73,6,1,1,-,-,아니오,-
경산시,35.796007,128.8809525,덕천1리당나무,야외시설,경상북도 경산시 용성면 금학로 528-9,-,20,2,정보없음,정보없음,-,-,-,-
경산시,35.797731,128.869595,예비군중대앞,야외시설,경상북도 경산시 용성면 미산길 19-2,-,40,4,정보없음,정보없음,-,-,-,-
상주시,36.282225,127.9549,정양리노인회관,특정계층이용시설,경상북도 상주시 모동면 정양길 19,-,106,32,3,1,-,아니오,아니오,아니오
상주시,36.3223,127.958,신안리마을회관,특정계층이용시설,경상북도 상주시 모동면용호3길 16-23,-,103,31,4,1,-,아니오,아니오,아니오
의성군,36.3220285,128.5838248,사부1리경로당,특정계층이용시설,경상북도 의성군 봉양면사부1길 58-2,-,86.8,30,3,1,-,아니오,아니오,아니오
김천시,36.1291392,128.1035961,부평경로당,특정계층이용시설,경상북도 김천시 후생길 87 (부곡동),-,120,30,2,2,-,아니오,아니오,예
김천시,36.1235571,128.0967568,자라목경로당,특정계층이용시설,경상북도 김천시 송설로 110-2 (부곡동),-,84,21,2,1,-,아니오,아니오,예
예천군,36.4808348,128.2920187,고산2경로당,특정계층이용시설,경상북도 예천군 풍양면 수산못길 98,-,72,18,2,1,-,아니오,아니오,아니오
예천군,36.5000354,128.3101863,공덕1경로당,특정계층이용시설,경상북도 예천군 풍양면 공덕길 149,-,99,24,3,1,-,아니오,아니오,아니오
예천군,36.5007808,128.3063059,공덕2경로당,특정계층이용시설,경상북도 예천군 풍양면 공덕길 101,-,86,21,2,1,-,아니오,아니오,아니오
칠곡군,35.998746,128.410001,석전3리(귀바우)경로당,특정계층이용시설,경상북도 칠곡군 왜관읍 동산1길 51,-,130,30,2,2,-,아니오,아니오,아니오
칠곡군,35.9352998,128.4055638,낙산1리경로당,특정계층이용시설,경상북도 칠곡군 왜관읍 가실2길 19,-,99,10,2,1,-,아니오,아니오,아니오
칠곡군,36.000974,128.41115,석전5리경로당,특정계층이용시설,경상북도 칠곡군 왜관읍 석전로9길 7,-,96,10,0,1,-,아니오,아니오,아니오
성주군,35.820703,128.335424,용정2리경로당,특정계층이용시설,"경상북도 성주군 용암면 용정1길  4 , 용정2리마을회관",-,112.4,28,2,1,-,아니오,아니오,아니오
성주군,35.825038,128.348147,선송리경로당,특정계층이용시설,"경상북도 성주군 용암면 성암로  1170 , 선송리경로당",-,79.4,20,2,1,-,아니오,아니오,아니오
성주군,35.816506,128.343849,칠선경로당,특정계층이용시설,경상북도 성주군 용암면 선송1길  111,-,62.7,29,1,1,-,아니오,아니오,아니오
성주군,35.808603,128.361597,용계리경로당,특정계층이용시설,경상북도 성주군 용암면 용계2길  5,-,116.2,29,2,1,-,아니오,아니오,아니오
안동시,36.5556,128.5843,마애리경로당,특정계층이용시설,경상북도 안동시 풍산읍 마애길 25-3,-,84.2,86,3,1,-,아니오,아니오,아니오
안동시,36.6216179,128.5377565,현애리경로당,특정계층이용시설,경상북도 안동시 풍산읍 감애길 29,-,81.44,66,3,1,-,아니오,아니오,아니오
안동시,36.59427,128.535197,괴정리경로당,특정계층이용시설,경상북도 안동시 풍산읍괴정1길 57,-,280.9,133,4,2,-,아니오,아니오,아니오
안동시,36.592868,128.550902,매곡2리경로당,특정계층이용시설,경상북도 안동시 풍산읍번곡길 31,-,92.28,75,3,1,-,아니오,아니오,아니오
영덕군,36.4301882,129.3068981,신양리경로당,특정계층이용시설,경상북도 영덕군 지품면 팔각산로 2257-2,-,114.6,28,3,1,-,아니오,아니오,아니오
경주시,35.779316,129.282429,조전내리경로당,특정계층이용시설,"경상북도 경주시  대추밭길  45 , 조양마을회관 (조양동)",-,131,40,2,3,-,아니오,아니오,아니오
울진군,37.0328059,129.3760063,명도2리쉼터,야외시설,경상북도 울진군 울진읍 명도3길 79,-,15,8,정보없음,정보없음,-,아니오,아니오,아니오
상주시,36.3802,127.954635,신촌1리마을회관,특정계층이용시설,경상북도 상주시 화동면신촌수분마길 14,-,115,35,5,1,-,아니오,아니오,아니오
상주시,36.4,128.0121,어산리경로당,특정계층이용시설,경상북도 상주시 화동면 어산로 644-9,-,102,26,6,1,-,아니오,아니오,아니오
상주시,36.4447,128.1617,죽전동마을회관,특정계층이용시설,경상북도 상주시 죽전길 39 (죽전동),-,143,40,2,1,-,아니오,아니오,아니오
상주시,36.4652411,128.1503892,남적1동마을회관,특정계층이용시설,경상북도 상주시 남적2길 54-3 (남적동),-,99,20,2,1,-,아니오,아니오,아니오
안동시,36.577811,128.577296,상리2리경로당,특정계층이용시설,경상북도 안동시 풍산읍 풍산중앙길 152-7,-,47.94,43,2,1,-,아니오,아니오,아니오
안동시,36.581282,128.559139,안교3리경로당,특정계층이용시설,경상북도 안동시 풍산읍새역마길 28-3,-,161.52,47,2,1,-,아니오,아니오,아니오
울진군,36.9986297,129.3981877,고성3리쉼터,야외시설,경상북도 울진군 울진읍 명도1길 144-62,-,15,8,정보없음,정보없음,-,아니오,아니오,아니오
의성군,36.330886,128.6465849,분토2리경로당,특정계층이용시설,경상북도 의성군 봉양면 분토2길  21,-,98.7,42,1,1,-,아니오,아니오,아니오
영주시,36.8688829,128.5283949,동부1리노인정,특정계층이용시설,경상북도 영주시 풍기읍 기주로65번길 5,-,70.29,20,4,1,-,아니오,아니오,아니오
안동시,36.51164,128.812972,추목평지경로당,특정계층이용시설,경상북도 안동시 임하면 평지안길 2,-,82.9,25,3,1,-,아니오,아니오,아니오
안동시,36.5033852,128.6654812,광음2리경로당,특정계층이용시설,경상북도 안동시 남후면 감재길 6,-,144.3,51,3,1,-,아니오,아니오,아니오
안동시,36.5066636,128.6523676,광음2리큰광음경로당,특정계층이용시설,경상북도 안동시 남후면 큰광음길 188,-,34.76,20,3,1,-,아니오,아니오,아니오
안동시,36.5176791,128.6811657,무릉1리경로당,특정계층이용시설,경상북도 안동시 남후면 무릉길 20-21,-,132.71,92,3,1,-,아니오,아니오,아니오
울진군,36.6701677,129.4172291,금음2리경로당옆쉼터,야외시설,경상북도 울진군 후포면 만산길 165,-,15,8,정보없음,정보없음,-,아니오,아니오,아니오
울진군,36.6866374,129.4644883,건강쉼터,야외시설,경상북도 울진군 후포면 울진대게로 333,-,15,8,정보없음,정보없음,-,아니오,아니오,아니오
의성군,36.2920201,128.5762972,도원1리경로당,특정계층이용시설,경상북도 의성군 봉양면 문화마을길 32-12,-,99.9,30,3,1,-,아니오,아니오,아니오
영주시,36.8712939,128.5291684,영주시어머니회관,특정계층이용시설,경상북도 영주시 풍기읍 동성로70번길 22,-,267,25,1,1,-,아니오,아니오,아니오
상주시,36.4036,127.9242,소곡2리마을회관,특정계층이용시설,경상북도 상주시 화남면 배실길 160-8,-,93,30,2,1,-,아니오,아니오,아니오
안동시,36.5608,128.7288,강변늘푸른타운경로당,특정계층이용시설,"경상북도 안동시 축제장1길 55 (운흥동, 강변늘푸른타운)",-,82.7,65,2,1,-,아니오,아니오,아니오
안동시,36.4841816,128.875653,오대2리나천경로당,특정계층이용시설,경상북도 안동시 임하면나천길 6,-,85.38,25,2,2,-,아니오,아니오,아니오
영천시,35.988537,129.016895,용전1경로당,특정계층이용시설,"경상북도 영천시 고경면 추곡길  151 , 용전1리회관",-,82.53,21,2,1,-,-,-,아니오
울진군,36.761097,129.471485,구산1리마을회관,특정계층이용시설,경상북도 울진군 기성면구산봉산로 118,-,94,15,5,2,-,아니오,아니오,아니오
울진군,36.7784606,129.4700297,봉산1리마을회관,특정계층이용시설,경상북도 울진군 기성면 구산봉산로 359-10,-,86,15,1,1,-,아니오,아니오,아니오
영덕군,36.497064,129.351976,칠성2리(진밭)경로당,특정계층이용시설,경상북도 영덕군 축산면 칠성길 428,-,57.5,30,3,1,-,아니오,아니오,아니오
영덕군,36.500828,129.345417,칠성2리(꽃밭)경로당,특정계층이용시설,경상북도 영덕군 축산면 칠성2길 197,-,77.8,30,3,1,-,아니오,아니오,아니오
경주시,35.757034,129.030461,외칠1리노인회관,특정계층이용시설,"경상북도 경주시 산내면 원두길  12 , 외칠리노인회관",-,64,19,1,1,-,아니오,아니오,아니오
경주시,35.761525,128.994878,신원2리경로회관,특정계층이용시설,"경상북도 경주시 산내면 단석로  227 , 신원2리경노회관",-,66,20,1,1,-,아니오,아니오,아니오
청도군,35.6617899,128.6649388,학산2리,특정계층이용시설,경상북도 청도군 이서면 가금구라길 417-14,-,69,17,2,1,-,아니오,아니오,아니오
안동시,36.7040849,128.816563,동부리경로당,특정계층이용시설,경상북도 안동시 도산면 퇴계로 2065-2,-,75.43,23,2,1,-,아니오,아니오,아니오
청도군,35.652684,128.67666,서원리,특정계층이용시설,경상북도 청도군 이서면자계서원길 1-4,-,99,24,2,1,-,아니오,아니오,아니오
안동시,36.574,128.669,막곡2리미르미경로당,특정계층이용시설,경상북도 안동시 풍산읍미르미길 46-2,-,47.6,20,2,1,-,아니오,아니오,아니오
안동시,36.6908613,128.7589422,서삼리경로당,특정계층이용시설,경상북도 안동시 녹전면 모란안길 14-5,-,114.65,30,2,1,-,아니오,아니오,아니오
예천군,36.645153,128.435087,대심2리경로당,특정계층이용시설,경상북도 예천군 예천읍 충효로 86,-,33,8,1,1,-,아니오,아니오,아니오
안동시,36.559948,128.7046167,롯데캐슬아파트경로당,특정계층이용시설,"경상북도 안동시 경북대로 340 (태화동, 안동 롯데캐슬 아파트)",-,147.06,58,4,1,-,아니오,아니오,아니오
안동시,36.578969,128.548524,소산1리경로당,특정계층이용시설,경상북도 안동시 풍산읍 소산웃골길 16,-,130.67,128,6,3,-,아니오,아니오,아니오
영주시,36.8691113,128.5308203,동부2리경로당,특정계층이용시설,경상북도 영주시 풍기읍 기주로60번길 33,-,183.3,30,2,1,-,아니오,아니오,아니오
영주시,36.8748203,128.5335891,한양아파트노인회관,특정계층이용시설,경상북도 영주시 풍기읍 동양대로72번길 32 (한양아파트1차),-,55.55,20,2,1,-,아니오,아니오,아니오
영덕군,36.4839876,129.4323938,경정1리경로당,특정계층이용시설,경상북도 영덕군 축산면 경정1길 21-6,-,208.4,30,0,1,-,아니오,아니오,아니오
안동시,36.5587353,128.6095285,단호2리경로당,특정계층이용시설,경상북도 안동시 남후면 대곡길 14-13,-,72.84,57,2,2,-,아니오,아니오,아니오
경산시,35.826009,128.733633,중방1공원,야외시설,경상북도 경산시 중앙초등길 48-1,-,50,5,정보없음,정보없음,-,-,-,-
고령군,35.680889,128.219656,송림1리경로당,특정계층이용시설,경상북도 고령군 쌍림면송림1길 32,-,156.41,47,1,1,-,아니오,아니오,아니오
영양군,36.6534799,129.1185298,현1리경로당,특정계층이용시설,경상북도 영양군 영양읍 현동1길 33,-,98.52,24,2,2,-,-,-,아니오
영주시,36.873393,128.5235099,서부2리경로당,특정계층이용시설,경상북도 영주시 풍기읍 인삼로 4-10,-,65.55,20,2,1,-,아니오,아니오,아니오
영주시,36.8551847,128.6894611,신암1리경로당,특정계층이용시설,경상북도 영주시 이산면 봉화로378번길 88,-,112.42,28,2,1,-,아니오,아니오,아니오
영주시,36.8340308,128.6971335,석포1리경로당,특정계층이용시설,경상북도 영주시 이산면 이산로 644,-,101.22,25,2,1,-,아니오,아니오,아니오
성주군,35.928837,128.274575,백전1리경로당,특정계층이용시설,"경상북도 성주군 성주읍 백전1길  12-15, 백전1리경로회관",-,58,14,1,1,-,아니오,아니오,아니오
성주군,35.922278,128.280857,백전2리경로당,특정계층이용시설,"경상북도 성주군 성주읍 성주로  3157-9, 백전2리경로당",-,67,16,1,1,-,아니오,아니오,아니오
영덕군,36.613815,129.3213433,오촌2리,특정계층이용시설,경상북도 영덕군 창수면 오서로 966-10,-,82,20,2,1,-,아니오,아니오,아니오
영덕군,36.6249847,129.3146074,삼계1리,특정계층이용시설,경상북도 영덕군 창수면 삼계길 118,-,102,25,2,1,-,-,-,-
영덕군,36.6303,129.3105221,삼계2리,특정계층이용시설,경상북도 영덕군 창수면 오서로 1187,-,101,25,2,1,-,아니오,아니오,아니오
영덕군,36.6441837,129.3069604,수리,특정계층이용시설,경상북도 영덕군 창수면 숯골길 162-3,-,54,13,1,1,-,-,-,-
영덕군,36.6329042,129.2952752,인천1리,특정계층이용시설,경상북도 영덕군 창수면 오서로 1367-7,-,77,19,3,1,-,아니오,아니오,아니오
영덕군,36.6365744,129.2869574,인천2리,특정계층이용시설,경상북도 영덕군 창수면 오서로 1446,-,57,14,1,1,-,아니오,아니오,아니오
영덕군,36.3879182,129.3826738,금호2리,특정계층이용시설,경상북도 영덕군 강구면금호2길 13,-,106,26,1,2,-,아니오,아니오,아니오
고령군,35.731421,128.265554,연조2리경로당,특정계층이용시설,경상북도 고령군 대가야읍 연조4길 3,-,89.3,27,1,1,-,아니오,아니오,아니오
영주시,36.7814516,128.5824169,두전3리경로당,특정계층이용시설,경상북도 영주시 장수면 장수로255번길 109-35,-,84,21,1,1,-,아니오,아니오,아니오
안동시,36.5686516,128.6776589,호암경로당,특정계층이용시설,경상북도 안동시 호암길 128,-,201.7,28,3,2,-,아니오,아니오,아니오
안동시,36.5724214,128.6982769,합전경로당,특정계층이용시설,경상북도 안동시 경동로 345-8,-,94,13,3,1,-,아니오,아니오,아니오
안동시,36.571,128.7012,송현1주공아파트경로당,특정계층이용시설,경상북도 안동시 합전1길 64-6,-,102.6,35,3,2,-,아니오,아니오,아니오
안동시,36.5697,128.6968,송현2주공아파트경로당,특정계층이용시설,경상북도 안동시 경북대로 467,-,135.2,33,3,1,-,아니오,아니오,아니오
영덕군,36.401786,129.3292158,상직3리,특정계층이용시설,경상북도 영덕군 강구면 직천길  681,-,55,13,1,1,-,아니오,아니오,아니오
영덕군,36.3763295,129.3687631,원직1리,특정계층이용시설,경상북도 영덕군 강구면직천길 150-6,-,73,18,1,1,-,아니오,아니오,아니오
포항시,36.1446382,129.3446873,덕장2리마을쉼터,특정계층이용시설,경상북도 포항시 북구 흥해읍 덕장길34번길 24-1,-,117,35,1,1,-,아니오,아니오,아니오
포항시,36.1342529,129.3344085,덕장1리마을쉼터,특정계층이용시설,경상북도 포항시 북구 흥해읍 덕실마을길174번길 1,-,168,51,1,1,-,아니오,아니오,아니오
포항시,36.1449944,129.3212895,덕성2리마을쉼터,특정계층이용시설,경상북도 포항시 북구 흥해읍 덕실마을길352번길 12,-,138,42,1,1,-,아니오,아니오,아니오
포항시,36.1499447,129.3052857,덕성1리마을쉼터,특정계층이용시설,경상북도 포항시 북구 흥해읍 덕실마을길 508,-,114,35,1,1,-,아니오,아니오,아니오
영덕군,36.3854752,129.3845608,금호1리,특정계층이용시설,경상북도 영덕군 강구면 금호1길  20-5,-,140,35,2,1,-,아니오,아니오,아니오
경산시,35.844477,128.734909,대정경로당,특정계층이용시설,경상북도 경산시 대정길7길 1,-,132,50,2,1,-,아니오,아니오,아니오
경산시,35.839984,128.745848,임당1경로당,특정계층이용시설,경상북도 경산시 임당로12길 35,-,112,50,2,2,-,아니오,아니오,아니오
경산시,35.843878,128.747213,궁당경로당,특정계층이용시설,경상북도 경산시 둥지로20길 5,-,87,50,2,3,-,아니오,아니오,아니오
경산시,35.843544,128.750188,임당2경로당,특정계층이용시설,경상북도 경산시 궁당로 50,-,113,50,2,1,-,아니오,아니오,아니오
포항시,36.1308564,129.3250474,양백2리마을쉼터,특정계층이용시설,경상북도 포항시 북구 흥해읍 용연길106번길 34,-,99,30,1,1,-,아니오,아니오,아니오
경산시,35.845209,128.743373,임당3경로당,특정계층이용시설,경상북도 경산시 임당로19길 2-5,-,149,50,3,2,-,아니오,아니오,아니오
포항시,36.1260328,129.3207262,양백1리마을쉼터,특정계층이용시설,경상북도 포항시 북구 흥해읍 용연길162번길 4-5,-,99,30,1,1,-,아니오,아니오,아니오
포항시,36.1221511,129.3098888,용곡리마을쉼터,특정계층이용시설,경상북도 포항시 북구 흥해읍 용연길266번길 37,-,85,26,1,1,-,아니오,아니오,아니오
영천시,35.990987,128.820607,치일2리경로당,특정계층이용시설,경상북도 영천시 청통면부흥길 29,-,71.85,30,2,1,-,예,예,아니오
영천시,36.0092604,128.8233098,계지1리경로당,특정계층이용시설,경상북도 영천시 청통면 망지1길 9,-,66,25,3,1,-,예,예,아니오
영천시,36.022349,128.828754,용천리경로당,특정계층이용시설,경상북도 영천시 청통면용호길 28,-,73.05,30,2,2,-,예,예,아니오
안동시,36.5667,128.6951,주공3아파트경로당,특정계층이용시설,"경상북도 안동시 옥동 은행나무로  106-6, 301동 (옥동, 옥동3주공아파트)",-,135.3,40,8,3,-,아니오,아니오,아니오
안동시,36.5646,128.6983,주공4아파트경로당,특정계층이용시설,경상북도 안동시 복주길 65,-,69.3,40,4,2,-,아니오,아니오,아니오
안동시,36.565011,128.698929,주공5아파트경로당,특정계층이용시설,경상북도 안동시 복주길 66,-,56.03,40,2,2,-,아니오,아니오,아니오
김천시,36.2027047,128.2237637,태촌2리쉼터,야외시설,경상북도 김천시 감문면 태촌2길 1,-,25,2,정보없음,정보없음,-,아니오,아니오,아니오
안동시,36.5723889,128.7139508,상일대자연맨션경로당,특정계층이용시설,"경상북도 안동시 새골2길 19-4 (운안동, 상일대자연맨션)",-,73,37,3,2,-,아니오,아니오,아니오
안동시,36.572279,128.7126499,명성한마음경로당,특정계층이용시설,"경상북도 안동시 단원로 81-8 (운안동, 명성한마음아파트)",-,58.4,30,2,1,-,아니오,아니오,아니오
안동시,36.5728305,128.7157372,대원한숲타운경로당,특정계층이용시설,"경상북도 안동시 한화길 37 (운안동, 대원한숲타운)",-,77.28,30,2,1,-,아니오,아니오,아니오
안동시,36.567835,128.7111533,현대A경로당,특정계층이용시설,"경상북도 안동시 감나무5길 15 (태화동, 평화현대아파트)",-,81,53,2,2,-,아니오,아니오,아니오
안동시,36.572741,128.7102421,마무골경로당,특정계층이용시설,경상북도 안동시 마무골길 26-6,-,101,51,3,2,-,아니오,아니오,아니오
안동시,36.611066,128.740753,이하1리경로당,특정계층이용시설,경상북도 안동시 와룡면 이하오산로 411,-,83.4,64,4,1,-,아니오,아니오,아니오
안동시,36.639713,128.742243,주하1리경로당,특정계층이용시설,경상북도 안동시 와룡면 태리금산로 242-4,-,93.94,27,4,1,-,아니오,아니오,아니오
안동시,36.614493,128.763323,태1리경로당,특정계층이용시설,경상북도 안동시 와룡면 아방고개길 19,-,116.5,46,4,1,-,아니오,아니오,아니오
안동시,36.655132,128.758433,감애1리명계경로당,특정계층이용시설,경상북도 안동시 와룡면 감애주하길 137,-,113.16,57,2,1,-,아니오,아니오,아니오
안동시,36.624138,128.742902,이상리경로당,특정계층이용시설,경상북도 안동시 와룡면 솔밭앞길 28,-,128.54,63,2,1,-,아니오,아니오,아니오
안동시,36.6175341,128.7191248,이하2리경로당,특정계층이용시설,경상북도 안동시 와룡면 이하오산로 128,-,80.4,41,2,1,-,아니오,아니오,아니오
봉화군,36.918556,128.948855,어지2리마을회관앞,야외시설,경상북도 봉화군 법전면 소천로 349,-,60,10,정보없음,정보없음,-,아니오,아니오,아니오
안동시,36.5689199,128.7170289,복지경로당(복지회관),특정계층이용시설,경상북도 안동시 평화동 평화7길  47-19  (평화동),-,295.58,130,3,2,-,아니오,아니오,아니오
안동시,36.567293,128.713019,평화경로당,특정계층이용시설,경상북도 안동시 평화동 평화길  22   (평화동),-,399.16,75,3,2,-,아니오,아니오,아니오
안동시,36.571283,128.710363,서부지역경로당,특정계층이용시설,경상북도 안동시 운안동 평화윗길  5   (운안동),-,397.8,50,3,2,-,아니오,아니오,아니오
안동시,36.633047,128.800629,주계리경로당,특정계층이용시설,경상북도 안동시 와룡면 농암로 424,-,123.28,75,3,1,-,아니오,아니오,아니오
안동시,36.5622403,128.6986434,세영두레마을경로당,특정계층이용시설,"경상북도 안동시 복주2길 25 (옥동, 두레마을아파트)",-,130.35,40,2,1,-,아니오,아니오,아니오
안동시,36.5614237,128.6933944,호반베르디움경로당,특정계층이용시설,"경상북도 안동시 옥서1길 70 (옥동, 안동옥동 호반베르디움)",-,121.7,50,3,2,-,아니오,아니오,아니오
안동시,36.5678,128.6996,효성해링턴경로당,특정계층이용시설,경상북도 안동시 경북대로 438,-,84,50,2,4,-,아니오,아니오,아니오
안동시,36.5693,128.6943,극동스타클래스경로당,특정계층이용시설,경상북도 안동시 송하1길 99,-,98.26,29,2,3,-,아니오,아니오,아니오
경산시,35.819067,128.740283,중앙1공원,야외시설,경상북도 경산시 장산로29길 7-3,-,20,6,정보없음,정보없음,-,-,-,-
상주시,36.2907,128.12,평천1리마을회관,특정계층이용시설,경상북도 상주시 공성면 평천2길 20,-,97,28,2,1,-,아니오,아니오,아니오
영주시,36.813052,128.7100075,두월2리경로당,특정계층이용시설,경상북도 영주시 이산면두월로 263,-,99.63,24,2,1,-,아니오,아니오,아니오
영덕군,36.391929,129.379727,금호3리,특정계층이용시설,경상북도 영덕군 강구면 강영로 360,-,83,20,2,3,-,아니오,아니오,아니오
영덕군,36.3901206,129.4067367,하저리경로당,특정계층이용시설,경상북도 영덕군 강구면하저길 423,-,171,42,1,3,-,아니오,아니오,아니오
안동시,36.5598,128.6969,주공7아파트경로당,특정계층이용시설,경상북도 안동시 옥서1길 25,-,141.3,50,2,3,-,아니오,아니오,아니오
안동시,36.562473,128.691929,휴먼시아8단지경로당,특정계층이용시설,경상북도 안동시 옥서1길 90,-,156,60,3,2,-,아니오,아니오,아니오
안동시,36.5631,128.704857,삼성1차경로당,특정계층이용시설,경상북도 안동시 옥광1길 17,-,85.8,40,5,2,-,아니오,아니오,아니오
안동시,36.577443,128.6099565,수1리경로당,특정계층이용시설,경상북도 안동시 풍산읍 풍산태사로 1458,-,119.1,66,3,2,-,아니오,아니오,아니오
울진군,36.9353133,129.2476586,삼근1리마을회관,특정계층이용시설,경상북도 울진군 금강송면삼근1길 18,-,139,34,4,1,-,아니오,아니오,아니오
영주시,36.8223621,128.6977696,내림2리경로당,특정계층이용시설,경상북도 영주시 이산면 내림로 277-15,-,90.62,22,2,1,-,아니오,아니오,아니오
경산시,35.8171,128.7339,서상쉼터,야외시설,경상북도 경산시 강변동로 75  (서상동),-,30,9,정보없음,정보없음,-,아니오,아니오,아니오
포항시,36.0788161,129.3843731,장성마을쉼터,특정계층이용시설,경상북도 포항시 북구 장량로32번길 39-6 (장성동),-,132.1,26,1,1,-,아니오,아니오,아니오
안동시,36.5637763,128.7071273,삼성2차경로당,특정계층이용시설,"경상북도 안동시 광명로 212-5 (옥동, 삼성아파트)",-,49.5,40,4,2,-,아니오,아니오,아니오
안동시,36.5614324,128.6989412,세영아파트경로당,특정계층이용시설,"경상북도 안동시 복주1길 15 (옥동, 세영아파트)",-,49.5,40,3,2,-,아니오,아니오,아니오
의성군,36.428534,128.7448955,송내2리,특정계층이용시설,경상북도 의성군 점곡면 송내2길 13,-,76.3,10,2,1,-,아니오,아니오,아니오
의성군,36.4021079,128.7749872,윤암2리,특정계층이용시설,경상북도 의성군 점곡면 윤암2길 9,-,70.2,10,2,1,-,아니오,아니오,아니오
영천시,35.9650816,128.9275271,성내경로당,특정계층이용시설,경상북도 영천시 최무선로 247 (성내동),-,101,75,2,2,-,-,-,아니오
안동시,36.5653339,128.7068108,태화현대아파트경로당,특정계층이용시설,"경상북도 안동시 광명로 227 (태화동, 현대아파트)",-,77,30,2,1,-,아니오,아니오,아니오
안동시,36.5655,128.7047,태화삼성아파트경로당,특정계층이용시설,"경상북도 안동시 태화동 말구리길  33   (태화동, 삼성아파트)",-,85,33,3,1,-,아니오,아니오,아니오
안동시,36.567503,128.70619,태화태성아파트경로당,특정계층이용시설,경상북도 안동시 말구리길 87,-,74,30,2,2,-,아니오,아니오,아니오
영천시,35.9388005,129.1208446,논실경로당,특정계층이용시설,경상북도 영천시 고경면 단포1안길 35,-,82.6,20,1,1,-,-,-,아니오
안동시,36.5560906,128.6261997,단호1리경로당,특정계층이용시설,경상북도 안동시 남후면 동서길 5,-,102.04,40,2,3,-,아니오,아니오,아니오
영천시,35.9413608,128.9279589,도동1통경로당,특정계층이용시설,경상북도 영천시 도동구역길 37 (도동),-,71.83,25,3,1,-,-,-,아니오
영천시,35.940952,128.931155,도동2통경로당,특정계층이용시설,경상북도 영천시  상산길  32   (도동),-,81.59,30,3,1,-,-,-,아니오
상주시,36.323,128.2001,용포리마을회관,특정계층이용시설,경상북도 상주시 낙동면 용포2길 17-6,-,86,50,4,1,-,아니오,아니오,아니오
상주시,36.2906,128.0803,금계1리마을회관,특정계층이용시설,경상북도 상주시 공성면 금계1길 70-5,-,86,25,2,1,-,아니오,아니오,아니오
울진군,36.9469097,129.2779007,하원리마을회관,특정계층이용시설,경상북도 울진군 금강송면 하원1길 19,-,97,24,1,1,-,아니오,아니오,아니오
포항시,36.1125718,129.3095133,매산부녀마을쉼터,특정계층이용시설,경상북도 포항시 북구 흥해읍 매산길 8,-,98,30,1,1,-,아니오,아니오,아니오
포항시,36.1125393,129.3094878,매산리마을쉼터,특정계층이용시설,경상북도 포항시 북구 흥해읍 매산길 8,-,98,30,1,1,-,아니오,아니오,아니오
칠곡군,36.0001,128.4067,석전3리경로당,특정계층이용시설,경상북도 칠곡군 왜관읍 석전로 85,-,118,30,2,1,-,아니오,아니오,아니오
구미시,36.094565,128.389746,공단지구어린이공원2,야외시설,"경상북도 구미시 산호대로 130  (공단동, 공단지구 우수저류시설)",-,17.6,3,정보없음,정보없음,-,아니오,아니오,아니오
구미시,36.2651281,128.352585,칠창경로당,특정계층이용시설,경상북도 구미시 해평면칠창길 41,-,90,23,2,1,-,아니오,아니오,아니오
구미시,36.2823299,128.3259264,신기경로당,특정계층이용시설,경상북도 구미시 선산읍 신기3길 8,-,65,16,3,1,-,아니오,아니오,아니오
안동시,36.639582,128.716929,도진리경로당,특정계층이용시설,경상북도 안동시 북후면 산약길 269,-,146.87,49,4,2,-,아니오,아니오,아니오
안동시,36.625314,128.712265,오산리경로당,특정계층이용시설,경상북도 안동시 북후면 새나길 7,-,84.41,52,2,1,-,아니오,아니오,아니오
울진군,36.889636,129.4146249,오산1리마을회관,특정계층이용시설,경상북도 울진군 매화면망양정로 61-3,-,118,29,1,1,-,아니오,아니오,아니오
안동시,36.704019,128.61406,석탑리경로당,특정계층이용시설,경상북도 안동시 북후면 석탑동굴길 1-7,-,94.11,44,4,1,-,아니오,아니오,아니오
안동시,36.679216,128.723302,연곡1리종실경로당,특정계층이용시설,경상북도 안동시 북후면 종실길 109-7,-,80.68,27,2,2,-,아니오,아니오,아니오
안동시,36.6716288,128.6892262,도촌2리경로당,특정계층이용시설,경상북도 안동시 북후면 장골길 16,-,85.35,28,3,1,-,아니오,아니오,아니오
안동시,36.611,128.5672,만운2리경로당,특정계층이용시설,경상북도 안동시 풍산읍조파길 177,-,69.93,15,3,2,-,아니오,아니오,아니오
포항시,36.1115955,129.3519948,망천부녀마을쉼터,특정계층이용시설,경상북도 포항시 북구 흥해읍 한동로97번길 24,-,148,45,1,1,-,아니오,아니오,아니오
포항시,36.1208331,129.3290351,용전1리마을쉼터,특정계층이용시설,경상북도 포항시 북구 흥해읍 용전길147번길 32,-,57,17,2,1,-,아니오,아니오,아니오
의성군,36.2863904,128.6218598,장대리(일산)경로당,특정계층이용시설,경상북도 의성군 봉양면 조문로 351,-,1332.6,17,2,1,-,아니오,아니오,아니오
봉화군,36.786385,128.9596371,남면리마을회관,야외시설,경상북도 봉화군 재산면 재산로 137-3,-,60,10,정보없음,정보없음,-,아니오,아니오,아니오
고령군,35.637729,128.379165,봉산1리경로당,특정계층이용시설,경상북도 고령군 우곡면봉산1길 55,-,103.68,31,1,1,-,아니오,아니오,아니오
고령군,35.634146,128.380735,봉산2리경로당,특정계층이용시설,경상북도 고령군 우곡면봉산2길 60,-,90.39,27,1,1,-,아니오,아니오,아니오
고령군,35.625046,128.380766,포1리경로당,특정계층이용시설,경상북도 고령군 우곡면포리1길 38,-,108.75,33,1,1,-,아니오,아니오,아니오
고령군,35.626633,128.373837,포2리경로당,특정계층이용시설,경상북도 고령군 우곡면포리2길 113,-,93.3,28,1,1,-,아니오,아니오,아니오
고령군,35.618268,128.37191,객기경로당,특정계층이용시설,경상북도 고령군 우곡면객기2길 2,-,95.08,29,1,1,-,아니오,아니오,아니오
고령군,35.632812,128.366137,연리경로당,특정계층이용시설,경상북도 고령군 우곡면객기나루길 376,-,66,20,1,1,-,아니오,아니오,아니오
의성군,36.4220422,128.4333435,양곡1리경로당,특정계층이용시설,경상북도 의성군 안계면 양곡1길 169-9,-,89.14,18,0,1,-,아니오,아니오,아니오
의성군,36.4142784,128.4371562,양곡2리경로당,특정계층이용시설,경상북도 의성군 안계면 양곡2길 224,-,93.76,21,3,1,-,아니오,아니오,아니오
의성군,36.3996799,128.4372728,시안2리경로당,특정계층이용시설,경상북도 의성군 안계면 시안2길  115,-,82.11,10,2,1,-,아니오,아니오,아니오
의성군,36.4396971,128.3709928,가원2리시말경로당,특정계층이용시설,경상북도 의성군 다인면 시말길 10-9,-,67.25,12,2,1,-,아니오,아니오,아니오
예천군,36.691604,128.4029694,죽림리경로당,특정계층이용시설,경상북도 예천군 용문면 야당길 24,-,82,21,3,1,-,아니오,아니오,아니오
예천군,36.6942122,128.3711055,직리경로당,특정계층이용시설,경상북도 예천군 용문면 직동길 150,-,106,26,2,1,-,아니오,아니오,아니오
예천군,36.7048864,128.3481941,두천리경로당,특정계층이용시설,경상북도 예천군 용문면 두천길 25,-,92,23,2,1,-,아니오,아니오,아니오
김천시,36.1269869,128.0752404,실라1차아파트경로당,특정계층이용시설,경상북도 김천시 영남대로 1268 (다수동),-,136,34,2,1,-,아니오,아니오,예
김천시,36.1247314,128.0995486,부곡동우방아파트경로당,특정계층이용시설,"경상북도 김천시 부곡길 206 (부곡동, 부곡우방타운)",-,192,48,2,1,-,아니오,아니오,예
김천시,36.1218327,128.0610877,이로리경로당,특정계층이용시설,경상북도 김천시 이로리길 193  (다수동),-,180,45,2,1,-,아니오,아니오,예
김천시,36.1251877,128.1027208,부곡중앙경로당,특정계층이용시설,경상북도 김천시 부곡중앙3길 11 (부곡동),-,172,43,2,2,-,아니오,아니오,예
김천시,36.1220702,128.0876212,현대아파트경로당,특정계층이용시설,"경상북도 김천시 문지왈길 38 (부곡동, 현대아파트)",-,104,26,2,1,-,아니오,아니오,예
김천시,36.1233463,128.0990901,한일백합경로당,특정계층이용시설,"경상북도 김천시 가메실1길 12-6 (부곡동, 한일백합타운)",-,128,32,2,1,-,아니오,아니오,예
김천시,36.1215951,128.1007185,금류아파트경로당,특정계층이용시설,"경상북도 김천시 가메실2길 51 (부곡동, 금류아파트)",-,84,21,2,1,-,아니오,아니오,예
김천시,36.1224031,128.1035306,부곡할머니경로당,특정계층이용시설,경상북도 김천시 가메실4길 44-1 (부곡동),-,180,45,2,1,-,아니오,아니오,예
예천군,36.598959,128.492511,본리경로당,특정계층이용시설,경상북도 예천군 호명읍 새랄길 43-4,-,37,9,1,1,-,아니오,아니오,아니오
김천시,36.1215684,128.103354,삼보전원아파트경로당,특정계층이용시설,경상북도 김천시 가메실길 58 (부곡동),-,84,21,2,1,-,아니오,아니오,예
김천시,36.1221134,128.1076627,서부경로당,특정계층이용시설,경상북도 김천시 강각골1길 3-4 (부곡동),-,180,45,9,2,-,아니오,아니오,예
김천시,36.121898,128.083807,한일부곡경로당,특정계층이용시설,경상북도 김천시 고래실3길 45-14 (한일부곡타운),-,148,37,2,1,-,아니오,아니오,예
안동시,36.7154989,128.7411296,사신리안지경로당,특정계층이용시설,경상북도 안동시 녹전면 안지안길 3,-,51.55,15,1,1,-,아니오,아니오,아니오
칠곡군,36.062258,128.344094,인평1리경로당,특정계층이용시설,경상북도 칠곡군 북삼읍 인평중앙로  30-3,-,262,64,2,1,-,아니오,아니오,아니오
예천군,36.7036037,128.517715,포2리복골경로당,특정계층이용시설,경상북도 예천군 감천면 복골길 67,-,73,18,1,1,-,아니오,아니오,아니오
김천시,36.1224283,128.0852867,미주아파트경로당,특정계층이용시설,경상북도 김천시 고래실길 36 (부곡동),-,96,24,2,1,-,아니오,아니오,예
예천군,36.5105341,128.300701,낙상2경로당,특정계층이용시설,경상북도 예천군 풍양면 낙상1길 49-9,-,169,42,2,1,-,아니오,아니오,아니오
예천군,36.5051425,128.2917038,낙상3경로당,특정계층이용시설,경상북도 예천군 풍양면 상풍로 1348-4,-,94,23,2,1,-,아니오,아니오,아니오
예천군,36.7212508,128.5262611,감천면경로당,특정계층이용시설,경상북도 예천군 감천면 충효로 1389,-,52,13,1,1,-,아니오,아니오,아니오
의성군,36.3952684,128.4306371,시안2리경로당(시안2길),특정계층이용시설,경상북도 의성군 안계면 시안2길 26,-,70.31,5,1,1,-,-,아니오,-
의성군,36.4063369,128.4273621,시안1리경로당,특정계층이용시설,경상북도 의성군 안계면 양곡2길 91,-,198.52,35,3,1,-,아니오,아니오,아니오
김천시,36.1200234,128.1799473,KCC스위첸아파트경로당,특정계층이용시설,"경상북도 김천시 혁신5로 11 (율곡동, 경북혁신케이씨씨스위첸)",-,161,28,2,1,-,예,아니오,예
예천군,36.7124248,128.5197552,포2리경로당,특정계층이용시설,경상북도 예천군 감천면 농바우길 6,-,30,7,1,1,-,아니오,아니오,아니오
예천군,36.7232585,128.5284901,포1리경로당,특정계층이용시설,경상북도 예천군 감천면 포리2길 28,-,161,40,1,1,-,아니오,아니오,아니오
김천시,36.1154178,128.1508898,덕곡한마음타운아파트경로당,특정계층이용시설,"경상북도 김천시 한마음길 8 (덕곡동, 덕곡 한마음타운)",-,181,45,2,1,-,아니오,아니오,예
김천시,36.1167571,128.136863,황산경로당,특정계층이용시설,경상북도 김천시 황산로 55 (지좌동),-,184,46,2,1,-,아니오,아니오,예
김천시,36.1207402,128.1432288,덕일타운아파트경로당,특정계층이용시설,"경상북도 김천시 지좌길 13 (지좌동, 덕일타운)",-,44,11,2,1,-,아니오,아니오,예
김천시,36.1090257,128.1523455,무실경로당,특정계층이용시설,경상북도 김천시 무실길 174 (덕곡동),-,133,33,2,1,-,아니오,아니오,예
김천시,36.125839,128.1505016,호동경로당,특정계층이용시설,경상북도 김천시 호동길 120 (덕곡동),-,191,48,2,1,-,아니오,아니오,예
봉화군,37.0598498,129.004937,대현2리마을회관앞,야외시설,경상북도 봉화군 석포면 청옥로 1893,-,60,10,정보없음,정보없음,-,아니오,아니오,아니오
봉화군,37.045432,129.064559,석포1리마을회관앞,야외시설,경상북도 봉화군 석포면 석포로5길 7,-,60,10,정보없음,정보없음,-,아니오,아니오,아니오
예천군,36.5177633,128.2851797,와룡1경로당,특정계층이용시설,경상북도 예천군 풍양면 영풍로 172-19,-,73,18,2,1,-,아니오,아니오,아니오
봉화군,37.063121,129.01614,대현1리마을회관앞,야외시설,경상북도 봉화군 석포면 달바위길 3-11,-,60,10,정보없음,정보없음,-,아니오,아니오,아니오
김천시,36.1054899,128.1326339,새마을경로당,특정계층이용시설,경상북도 김천시 지좌새마을2길 72 (지좌동),-,108,27,2,1,-,아니오,아니오,예
의성군,36.3688199,128.4733174,교촌경로당,특정계층이용시설,경상북도 의성군 안계면 교화길  81,-,244,16,3,1,-,아니오,아니오,아니오
울릉군,37.47312,130.847909,지통골정자,야외시설,경상북도 울릉군 서면 남양3길 15-4,-,25,3,정보없음,정보없음,-,-,-,-
울릉군,37.533145,130.856968,추산길정자,야외시설,경상북도 울릉군 북면 추산길 116-4,-,25,3,0,0,-,-,-,-
울릉군,37.540879,130.87517,포항소방서북면대기소정자,야외시설,경상북도 울릉군 북면 천부3길 24,-,25,3,정보없음,정보없음,-,-,-,-
영주시,36.872788,128.509182,지경터노인회관,특정계층이용시설,경상북도 영주시 봉현면 테라피로 591,-,48,34,2,1,-,아니오,아니오,아니오
영주시,36.8651959,128.5225084,봉현노인회관,특정계층이용시설,경상북도 영주시 봉현면 신재로 921,-,52,35,2,1,-,아니오,아니오,아니오
포항시,36.0310867,129.3401688,경성홈타운1차마을쉼터,특정계층이용시설,"경상북도 포항시 북구 대이로176번길 15 (득량동, 경성홈타운1차아파트)",-,146.35,27,1,1,-,아니오,아니오,아니오
성주군,35.802901,128.147298,백운2리경로당,특정계층이용시설,경상북도 성주군 수륜면 백운1길  18,-,81,20,1,1,-,아니오,아니오,아니오
성주군,35.7965458,128.148576,백운2리신촌경로당,특정계층이용시설,경상북도 성주군 수륜면 백운2길 50-1,-,56,14,1,1,-,아니오,아니오,아니오
문경시,36.616081,127.956467,궁기1리마을회관정자,야외시설,경상북도 문경시 농암면 궁터길 247,-,20,4,정보없음,정보없음,-,-,-,-
의성군,36.3695978,128.477165,안정1리경로당,특정계층이용시설,경상북도 의성군 안계면 교화길  119,-,117.41,17,2,1,-,아니오,아니오,아니오
의성군,36.3761849,128.485727,안정2리경로당,특정계층이용시설,경상북도 의성군 안계면 안정길  53-4,-,103.61,7,2,1,-,아니오,아니오,아니오
의성군,36.390289,128.4714311,봉양2리경로당,특정계층이용시설,경상북도 의성군 안계면 봉안길  43-15,-,82.79,14,1,1,-,아니오,아니오,아니오
의성군,36.3954368,128.4694594,도덕1리경로당,특정계층이용시설,경상북도 의성군 안계면 고도밭길 39,-,72.46,20,3,1,-,아니오,아니오,아니오
의성군,36.4089252,128.4620136,도덕2리경로당,특정계층이용시설,경상북도 의성군 안계면 안신로 382-13,-,71.15,14,1,1,-,아니오,아니오,아니오
의성군,36.4293108,128.3467444,가원1리경로당,특정계층이용시설,경상북도 의성군 다인면 가원1길 17,-,99.9,15,2,2,-,아니오,아니오,아니오
영덕군,36.4021284,129.4219053,대부리경로당겸마을회관,특정계층이용시설,경상북도 영덕군 영덕읍 영덕대게로 703-1,-,125.6,31,4,1,-,아니오,아니오,아니오
영덕군,36.4100917,129.4290519,창포리경로당겸마을회관,특정계층이용시설,경상북도 영덕군 영덕읍 영덕대게로 825-1,-,177.88,44,5,1,-,아니오,아니오,아니오
포항시,35.971066,129.4182722,용덕2리마을쉼터,특정계층이용시설,경상북도 포항시 남구 오천읍 정몽주로616번길 38,-,103,31,2,1,-,아니오,아니오,아니오
포항시,35.9704382,129.4118021,주은리버타운마을쉼터,특정계층이용시설,경상북도 포항시 남구 오천읍 해병로 283 (주은리버타운),-,57,17,1,1,-,아니오,아니오,아니오
포항시,35.9740449,129.4115101,용덕4리마을쉼터,특정계층이용시설,경상북도 포항시 남구 오천읍 해병로231번길 6-10 (영남타운),-,54,16,1,1,-,아니오,아니오,아니오
경주시,35.8464,129.2076,중부동서부경로당,특정계층이용시설,경상북도 경주시 북성로56번길 14,-,89.1,20,2,2,-,아니오,아니오,아니오
김천시,36.1220638,128.1331949,배다리경로당,특정계층이용시설,경상북도 김천시 배다리길 84-2 (지좌동),-,99,25,2,1,-,아니오,아니오,예
김천시,36.1197636,128.143402,무궁화아파트경로당,특정계층이용시설,"경상북도 김천시 지좌길 11 (지좌동, 무궁화연립)",-,56,14,2,1,-,아니오,아니오,예
영덕군,36.4265616,129.3750858,화수2리경로당겸마을회관,특정계층이용시설,경상북도 영덕군 영덕읍 미동길 15,-,99,25,1,1,-,아니오,아니오,아니오
영덕군,36.433284,129.35448,구미리경로당겸마을회관,특정계층이용시설,경상북도 영덕군 영덕읍 구미1길 14,-,69,17,2,1,-,아니오,아니오,아니오
의성군,36.3500437,128.39182,용곡2리(단밀),특정계층이용시설,경상북도 의성군 단밀면누실길 112,-,130.7,52,4,1,-,아니오,아니오,아니오
칠곡군,35.983123,128.491894,창평2리경로당,특정계층이용시설,"경상북도 칠곡군 지천면 창평로  205 , 창평2리경로당",-,165.61,41,2,1,-,아니오,아니오,아니오
칠곡군,35.955609,128.504051,심천1리경로당,특정계층이용시설,"경상북도 칠곡군 지천면 심천로1길  7 , 심천1리경로당",-,95.16,23,1,1,-,아니오,아니오,아니오
의성군,36.4234688,128.7852493,동변2리,특정계층이용시설,경상북도 의성군 점곡면 동변2길 60,-,69.7,8,1,1,-,아니오,아니오,아니오
의성군,36.4181464,128.7929901,새들경로당,특정계층이용시설,경상북도 의성군 점곡면 새들길 113-9,-,54.8,15,1,1,-,아니오,아니오,아니오
영천시,35.9977248,128.9669153,매호1리경로당,특정계층이용시설,경상북도 영천시 임고면 매호운천길 10,-,83,15,2,1,-,-,-,아니오
칠곡군,36.0655049,128.3337799,숭오6리경로당,특정계층이용시설,경상북도 칠곡군 북삼읍 북삼로 193-5 (숭오 화성파크),-,97,24,2,1,-,아니오,아니오,아니오
칠곡군,36.0637031,128.3319828,숭오7리경로당,특정계층이용시설,경상북도 칠곡군 북삼읍 북삼로 200 (북삼 휴먼시아),-,62,15,2,1,-,아니오,아니오,아니오
상주시,36.4239,128.1544,무양LH7단지경로당(707동),특정계층이용시설,경상북도 상주시 동수4길 55,-,111,33,2,1,-,아니오,아니오,아니오
포항시,36.2296592,129.3543284,광천2리마을쉼터,특정계층이용시설,경상북도 포항시 북구 송라면 보경로 82,-,85,26,2,1,-,아니오,아니오,아니오
포항시,36.2288178,129.360709,광천3리마을쉼터,특정계층이용시설,경상북도 포항시 북구 송라면 보경로 25-11,-,128,39,2,1,-,아니오,아니오,아니오
칠곡군,35.969875,128.450178,연화리경로당,특정계층이용시설,경상북도 칠곡군 지천면 연화2길  61,-,81,21,2,1,-,아니오,아니오,아니오
칠곡군,35.985605,128.482151,달서리경로당,특정계층이용시설,경상북도 칠곡군 지천면 지천로  622,-,155.25,39,2,1,-,아니오,아니오,아니오
칠곡군,36.0069496,128.4828678,백운리경로당,특정계층이용시설,경상북도 칠곡군 지천면 지천로 864,-,69.5,31,2,1,-,아니오,아니오,아니오
칠곡군,36.021017,128.482111,황학리경로당,특정계층이용시설,"경상북도 칠곡군 지천면 황학1길  10 , 황학리경로당",-,84.26,17,1,1,-,아니오,아니오,아니오
칠곡군,36.05263,128.315616,보손2리경로당,특정계층이용시설,"경상북도 칠곡군 북삼읍 보손4길  35-34, 보손2리마을회관",-,73,18,3,1,-,아니오,아니오,아니오
칠곡군,36.06088,128.300097,숭오1리(지경리)경로당,특정계층이용시설,경상북도 칠곡군 북삼읍 금오동천로  45-32,-,134,33,4,1,-,아니오,아니오,아니오
칠곡군,36.065906,128.315736,숭오2리경로당,특정계층이용시설,경상북도 칠곡군 북삼읍 금곡길  18,-,104,26,2,1,-,아니오,아니오,아니오
칠곡군,36.068099,128.33132,숭오3리경로당,특정계층이용시설,경상북도 칠곡군 북삼읍 강진1길  138,-,118,29,2,1,-,아니오,아니오,아니오
칠곡군,36.0667971,128.3343565,숭오4리경로당,특정계층이용시설,경상북도 칠곡군 북삼읍 안산2길 37,-,50,12,2,1,-,아니오,아니오,아니오
김천시,36.2027674,128.2178038,태촌1리쉼터,야외시설,경상북도 김천시 감문면 태촌길 81-3,-,25,2,정보없음,정보없음,-,아니오,아니오,아니오
칠곡군,36.062502,128.33759,인평2리경로당,특정계층이용시설,경상북도 칠곡군 북삼읍 인평1길  54,-,71,17,2,1,-,아니오,아니오,아니오
상주시,36.4347,128.1503,만산2동마을회관,특정계층이용시설,경상북도 상주시 만산4길 33-1 (만산동),-,66,20,2,1,-,아니오,아니오,아니오
안동시,36.5279199,128.6775666,무릉2리경로당,특정계층이용시설,경상북도 안동시 남후면 묵느무길 39,-,127.29,63,3,1,-,아니오,아니오,아니오
포항시,36.1071822,129.2206739,미현리마을마을쉼터,특정계층이용시설,경상북도 포항시 북구 기계면 기동지길 478,-,27,8,2,1,-,아니오,아니오,아니오
안동시,36.5234496,128.6610416,무릉3리경로당,특정계층이용시설,경상북도 안동시 남후면 숨실길 134,-,95.32,18,3,1,-,아니오,아니오,아니오
경주시,35.82905,129.18836,서악큰마을회관,특정계층이용시설,"경상북도 경주시  서악1길  39-3,  서악큰마을경로회관 (서악동)",-,137,42,0,3,-,아니오,아니오,아니오
청도군,35.6186689,128.7972039,송원리,특정계층이용시설,경상북도 청도군 매전면 송원길 200-1,-,65.94,16,3,1,-,아니오,아니오,아니오
예천군,36.687106,128.3858818,구계리경로당,특정계층이용시설,경상북도 예천군 용문면 구계길 33,-,110,27,3,1,-,아니오,아니오,아니오
안동시,36.538998,128.664963,검암리경로당,특정계층이용시설,경상북도 안동시 남후면 배고개길 215,-,141.33,44,2,2,-,아니오,아니오,아니오
안동시,36.5271141,128.629027,고하리경로당,특정계층이용시설,경상북도 안동시 남후면 고하서당길 9,-,110.24,79,4,1,-,아니오,아니오,아니오
안동시,36.5149639,128.616078,고상리경로당,특정계층이용시설,경상북도 안동시 남후면 고개길 32,-,162.22,56,2,2,-,아니오,아니오,아니오
안동시,36.5175651,128.58392,상아리경로당,특정계층이용시설,경상북도 안동시 남후면 남후상아길 22-17,-,116.28,46,4,1,-,아니오,아니오,아니오
예천군,36.6494147,128.460848,남본2리경로당,특정계층이용시설,경상북도 예천군 예천읍 남부초등길 8-2,-,99,22,1,1,-,아니오,아니오,아니오
예천군,36.648883,128.447556,한일주택경로당,특정계층이용시설,경상북도 예천군 예천읍 역전길 46-21,-,56,14,1,1,-,아니오,아니오,아니오
예천군,36.6510934,128.4399328,대심1리(남)경로당,특정계층이용시설,경상북도 예천군 예천읍 대심1길 44,-,34,8,1,1,-,아니오,아니오,아니오
칠곡군,36.054156,128.3484676,율1리마을회관,특정계층이용시설,경상북도 칠곡군 북삼읍 내율1길 35-3,-,58,14,2,1,-,아니오,아니오,아니오
칠곡군,36.0538003,128.3437309,율2리경로당,특정계층이용시설,경상북도 칠곡군 북삼읍 외율5길 11-16,-,208,52,3,1,-,아니오,아니오,아니오
예천군,36.706322,128.448403,대제리여자경로당,특정계층이용시설,경상북도 예천군 용문면 큰맛질길 41,-,84,21,2,1,-,아니오,아니오,아니오
예천군,36.6910399,128.4551364,재달경로당,특정계층이용시설,경상북도 예천군 용문면 재달길 12,-,60,15,2,1,-,아니오,아니오,아니오
예천군,36.6990825,128.4504679,하학리경로당,특정계층이용시설,경상북도 예천군 용문면 하학길 62,-,62,15,2,1,-,아니오,아니오,아니오
김천시,36.1238021,128.079351,노증리경로당,특정계층이용시설,경상북도 김천시 백옥길 47-1 (백옥동),-,200,50,2,1,-,아니오,아니오,예
김천시,36.1251085,128.0806478,한보아파트경로당,특정계층이용시설,"경상북도 김천시 백옥길 5 (백옥동, 한보아파트)",-,92,23,2,1,-,아니오,아니오,예
김천시,36.1247485,128.0980985,화성아파트경로당,특정계층이용시설,"경상북도 김천시 부곡길 162 (부곡동, 부곡 화성타운)",-,156,39,2,1,-,아니오,아니오,예
예천군,36.7364042,128.4417229,오류1리경로당,특정계층이용시설,경상북도 예천군 은풍면 도효자로 908-35,-,59,14,1,1,-,아니오,아니오,아니오
예천군,36.7175324,128.4254909,율곡리경로당,특정계층이용시설,경상북도 예천군 은풍면 율곡1길 157,-,86,21,1,1,-,아니오,아니오,아니오
예천군,36.7172568,128.4393142,율곡리논티경로당,특정계층이용시설,경상북도 예천군 은풍면 율곡1길 9-1,-,59,14,1,1,-,아니오,아니오,아니오
예천군,36.7216285,128.4480286,부초리경로당,특정계층이용시설,경상북도 예천군 은풍면 부용봉길 115,-,32,8,1,1,-,아니오,아니오,아니오
예천군,36.7313359,128.4543891,부초리방곡경로당,특정계층이용시설,경상북도 예천군 은풍면 부용봉길 237-2,-,63,15,1,1,-,아니오,아니오,아니오
문경시,36.807449,128.147145,관음2쉼터,야외시설,경상북도 문경시 문경읍 관음3길 21,-,35,6,정보없음,정보없음,-,-,-,-
문경시,36.786125,128.155087,신북쉼터,야외시설,경상북도 문경시 문경읍 여우목로 1056,-,30,5,정보없음,정보없음,-,-,-,-
문경시,36.7559531,128.1543079,평천쉼터,야외시설,경상북도 문경시 문경읍 화계1길 34,-,40,7,정보없음,정보없음,-,-,-,-
문경시,36.751094,128.154707,당포2쉼터,야외시설,경상북도 문경시 문경읍 당포길 45,-,20,4,정보없음,정보없음,-,-,-,-
문경시,36.730293,128.147508,고요2쉼터,야외시설,경상북도 문경시 문경읍 동우점길 57,-,30,5,정보없음,정보없음,-,-,-,-
경주시,35.838854,129.519205,오류4리마을회관,특정계층이용시설,경상북도 경주시 감포읍 연동길 48 (마을회관 연동경로당),-,86.77,26,2,1,-,아니오,아니오,아니오
의성군,36.4623268,128.3603927,도암2리경로당,특정계층이용시설,경상북도 의성군 다인면 백암길 8,-,101.7,13,1,1,-,-,아니오,-
의성군,36.5120399,128.3649713,양서2리경로당,특정계층이용시설,경상북도 의성군 다인면 양서2길 54,-,55.04,13,1,1,-,아니오,아니오,아니오
의성군,36.4175226,128.3634773,신락2리신산경로당,특정계층이용시설,경상북도 의성군 다인면 신산길 33-3,-,72,15,2,1,-,아니오,아니오,아니오
경주시,35.877628,129.069606,월하노인정,특정계층이용시설,"경상북도 경주시 서면 다락골길  6 , 월하노인정",-,75,23,1,1,-,아니오,아니오,아니오
경주시,35.900639,129.048968,아화양지마을경로회관,특정계층이용시설,"경상북도 경주시 서면 아화양지길  66-1, 양지마을경로회관",-,115,35,1,1,-,아니오,아니오,아니오
경주시,35.905616,129.060035,심곡원심경로회관,특정계층이용시설,"경상북도 경주시 서면 심실길  72-2, 심곡원심경로회관",-,75,23,1,1,-,아니오,아니오,아니오
칠곡군,36.032391,128.414892,포남3리청계경로당,특정계층이용시설,경상북도 칠곡군 석적읍 포남1길  49-2,-,85.88,50,5,1,-,아니오,아니오,아니오
칠곡군,36.0248264,128.4126797,중지리(걸강)경로당,특정계층이용시설,경상북도 칠곡군 석적읍 중지2길 20,-,94.56,50,3,1,-,아니오,아니오,아니오
칠곡군,36.023923,128.431568,반계경로당,특정계층이용시설,경상북도 칠곡군 석적읍 반계2길  23,-,56.7,50,5,2,-,아니오,아니오,아니오
칠곡군,36.039942,128.443119,망정경로당,특정계층이용시설,경상북도 칠곡군 석적읍 망정1길  10,-,199.98,50,2,1,-,아니오,아니오,아니오
경산시,35.8230156,128.7246112,옥산근린공원,야외시설,경상북도 경산시 옥산로 83,-,120,12,정보없음,정보없음,-,아니오,아니오,아니오
영덕군,36.4169128,129.3665117,화개1리경로당겸마을회관,특정계층이용시설,경상북도 영덕군 영덕읍 화개서길 16-3,-,107.95,27,2,1,-,아니오,아니오,아니오
영덕군,36.422955,129.3633139,화개2리경로당겸마을회관,특정계층이용시설,경상북도 영덕군 영덕읍 경동로 8299,-,97.75,24,3,1,-,아니오,아니오,아니오
봉화군,36.894343,128.865054,풍정2리경로당,야외시설,경상북도 봉화군 법전면 풍정길 301-1,-,60,10,정보없음,정보없음,-,아니오,아니오,아니오
경주시,35.727761,129.05733,대현1리회관,특정계층이용시설,"경상북도 경주시 산내면 문복로  1063-76, 대현1리회관",-,100,30,1,1,-,아니오,아니오,아니오
경주시,35.753754,129.012351,외칠2리경로당,특정계층이용시설,"경상북도 경주시 산내면 외칠일부길  161 , 외칠2리새마을회관",-,69,21,1,1,-,아니오,아니오,아니오
경주시,35.688955,129.055813,대현3리동곡마을회관,특정계층이용시설,"경상북도 경주시 산내면 대현동골길  41 , 동곡경노회관",-,64,19,1,1,-,아니오,아니오,아니오
문경시,36.798135,128.189741,중평쉼터,야외시설,경상북도 문경시 문경읍 중평큰마길 4-3,-,25,4,정보없음,정보없음,-,-,-,-
김천시,36.1591033,128.2562054,국사2리역전경로당,특정계층이용시설,경상북도 김천시 아포읍 국사길 118-6,-,99,25,2,1,-,아니오,아니오,예
경주시,35.785058,129.02486,내칠1리경로당,특정계층이용시설,경상북도 경주시 산내면 곧은터길  36-4,-,63,19,1,1,-,아니오,아니오,아니오
고령군,35.71917,128.328437,직2리경로당,특정계층이용시설,경상북도 고령군 개진면송천길 77-4,-,94,28,1,1,-,아니오,아니오,아니오
의성군,36.229629,128.8147268,옥정4리경로당,특정계층이용시설,경상북도 의성군 춘산면 소랑길 101,-,73.5,24,3,1,-,아니오,아니오,아니오
의성군,36.2461184,128.8223389,대사1리경로당,특정계층이용시설,경상북도 의성군 춘산면 옥매길 89,-,59.55,19,2,1,-,아니오,아니오,아니오
의성군,36.2575931,128.8233984,대사2리경로당,특정계층이용시설,경상북도 의성군 춘산면 춘산대사2길 31,-,70.58,27,2,1,-,아니오,아니오,아니오
의성군,36.2349535,128.8042152,금천1리경로당,특정계층이용시설,경상북도 의성군 춘산면 금천1길 25,-,73.71,22,2,1,-,아니오,아니오,아니오
예천군,36.745916,128.503718,진평3리경로당,특정계층이용시설,경상북도 예천군 감천면 진작길 42,-,73,18,1,1,-,아니오,아니오,아니오
울진군,36.7044788,129.3750587,금천3리경로당,특정계층이용시설,경상북도 울진군 온정면금천7길 1-6,-,66,50,1,1,-,아니오,아니오,아니오
예천군,36.6784265,128.3810101,방송리경로당,특정계층이용시설,경상북도 예천군 용문면 유용로 627,-,70,17,2,1,-,아니오,아니오,아니오
예천군,36.683745,128.3714572,노사1리경로당,특정계층이용시설,경상북도 예천군 용문면 노사길 147,-,163,40,5,1,-,아니오,아니오,아니오
예천군,36.6843362,128.3604547,노사2리경로당,특정계층이용시설,경상북도 예천군 용문면 노사길 262,-,65,16,1,1,-,아니오,아니오,아니오
울진군,36.718245,129.4003525,광품1리경로당,특정계층이용시설,경상북도 울진군 온정면광품2길 100,-,54,50,1,1,-,아니오,아니오,아니오
의성군,36.4522405,128.356176,도암1리마산두경로당,특정계층이용시설,경상북도 의성군 다인면마산두길 24,-,21,4,1,1,-,아니오,아니오,아니오
의성군,36.374952,128.457437,원동(위양1리),특정계층이용시설,경상북도 의성군 안계면원동길 29-7,-,45,9,1,1,-,아니오,아니오,아니오
예천군,36.4973065,128.3213322,공덕3경로당,특정계층이용시설,경상북도 예천군 풍양면 삼강로 228,-,79,19,2,1,-,아니오,아니오,아니오
예천군,36.5118062,128.273338,낙상1경로당,특정계층이용시설,경상북도 예천군 풍양면 삼탄길 141,-,100,25,4,1,-,아니오,아니오,아니오
봉화군,36.924304,128.863406,법전2리마을회관앞,야외시설,경상북도 봉화군 법전면 모랫골길 210-3,-,60,10,정보없음,정보없음,-,아니오,아니오,아니오
안동시,36.5568,128.7523,풍림아이원경로당,특정계층이용시설,"경상북도 안동시 중평길 88 (용상동, 안동용상풍림아이원리버파크)",-,100,20,1,1,-,아니오,아니오,아니오
예천군,36.6505,128.444098,대심3리경로당,특정계층이용시설,경상북도 예천군 예천읍 대심3길 18-6,-,58,14,1,1,-,아니오,아니오,아니오
예천군,36.6491183,128.4410334,덕흥장미아파트경로당,특정계층이용시설,경상북도 예천군 예천읍 대심1길 19 (장미마을아파트),-,23,5,1,1,-,아니오,아니오,아니오
봉화군,36.907596,128.844422,풍정1리경로당앞,야외시설,경상북도 봉화군 법전면 옥마로 380-3,-,60,10,정보없음,정보없음,-,아니오,아니오,아니오
의성군,36.4482781,128.3844441,송호1리내송화경로당,특정계층이용시설,경상북도 의성군 다인면 송호1길 169,-,96.8,20,2,1,-,-,아니오,-
의성군,36.5003461,128.3570078,덕미2리경로당,특정계층이용시설,경상북도 의성군 다인면 덕미2길 64,-,98.4,10,1,1,-,-,아니오,-
안동시,36.578079,128.573129,풍산읍분회경로당,특정계층이용시설,경상북도 안동시 풍산읍장터2길 11,-,285.69,300,3,1,-,아니오,아니오,아니오
청도군,35.6558884,128.9154491,오봉2리,특정계층이용시설,경상북도 청도군 금천면 오봉길 152,-,231,57,3,1,-,아니오,아니오,아니오
영주시,36.828028,128.61556,서천경로당,특정계층이용시설,경상북도 영주시 선비로 272-5,-,80,30,3,1,-,아니오,아니오,아니오
의성군,36.4831902,128.3394179,덕미1리뒷마을경로당,특정계층이용시설,경상북도 의성군 다인면 덕미뒷길 33-2,-,42.44,19,2,1,-,-,아니오,-
칠곡군,35.957736,128.479886,신2리경로당,특정계층이용시설,경상북도 칠곡군 지천면 신동로3길  7,-,70.15,18,2,1,-,아니오,아니오,아니오
칠곡군,35.95912,128.494317,신3리경로당,특정계층이용시설,경상북도 칠곡군 지천면 상지3길  5-15,-,133.56,34,4,1,-,아니오,아니오,아니오
칠곡군,35.961623,128.494854,신4리경로당,특정계층이용시설,경상북도 칠곡군 지천면 상지3길  45,-,98.08,25,1,1,-,아니오,아니오,아니오
칠곡군,35.9518857,128.471573,송정리경로당,특정계층이용시설,경상북도 칠곡군 지천면 송정중리2길 5,-,132,33,3,1,-,아니오,아니오,아니오
영주시,36.828698,128.616743,두서경로당,특정계층이용시설,경상북도 영주시 구성로424번길 20,-,65,10,4,1,-,아니오,아니오,아니오
영주시,36.829963,128.619522,부용경로당,특정계층이용시설,경상북도 영주시 두서길44번길 20,-,120,50,5,3,-,아니오,아니오,아니오
청송군,36.3088,129.0091,인지리경로당,특정계층이용시설,경상북도 청송군 현동면 인지4길 8,-,54,16,2,1,-,아니오,아니오,아니오
청송군,36.24194,128.945684,백자리(진골)경로당,특정계층이용시설,경상북도 청송군 현서면 고모길 593,-,78,24,2,1,-,아니오,아니오,아니오
포항시,36.031835,129.34004,경성홈타운2차경로당,특정계층이용시설,경상북도 포항시 북구 이동로 48-10 (경성홈타운2차 201동),-,정보없음,정보없음,정보없음,정보없음,-,-,-,-
포항시,36.02613,129.349425,양학신원아침도시퀘렌시아경로당,특정계층이용시설,경상북도 포항시 북구 양학로 19-8 (101동),-,정보없음,정보없음,정보없음,정보없음,-,-,-,-
봉화군,36.985732,128.873152,애당보건진료소앞,야외시설,경상북도 봉화군 춘양면 석문동길 4,-,60,10,정보없음,정보없음,-,아니오,아니오,아니오
예천군,36.6510552,128.4401563,대심1리(여)경로당,특정계층이용시설,경상북도 예천군 예천읍 대심1길 44-2,-,46,11,1,1,-,아니오,아니오,아니오
봉화군,36.97597,128.897419,석현2리노인회관앞,야외시설,경상북도 봉화군 춘양면 공세동길 26,-,60,10,정보없음,정보없음,-,아니오,아니오,아니오
칠곡군,35.9625981,128.4743813,"송정리(원곡,도당)경로당",특정계층이용시설,경상북도 칠곡군 지천면 송정원곡길 95,-,69.22,18,2,1,-,아니오,아니오,아니오
칠곡군,35.945554,128.4418005,금호리경로당,특정계층이용시설,경상북도 칠곡군 지천면 금호로 147,-,165,42,1,1,-,아니오,아니오,아니오
봉화군,36.93099,129.0564904,분천2리경로당앞,야외시설,경상북도 봉화군 소천면 여우천길 87,-,60,10,정보없음,정보없음,-,아니오,아니오,아니오
청도군,35.612,128.7708,원리둔치,야외시설,경상북도 청도군 청도읍 양정2길 18,-,195.1,20,정보없음,정보없음,-,아니오,아니오,아니오
의성군,36.4496438,128.5449851,용봉리경로당,특정계층이용시설,경상북도 의성군 신평면 용봉길 56,-,69.6,32,3,1,-,아니오,아니오,아니오
고령군,35.706609,128.351831,개포경로당,특정계층이용시설,경상북도 고령군 개진면개경포로 608,-,119.6,36,1,1,-,아니오,아니오,아니오
고령군,35.714277,128.371272,오사리경로당,특정계층이용시설,경상북도 고령군 개진면오사길 116,-,124,38,1,1,-,아니오,아니오,아니오
고령군,35.720126,128.352728,오사2리경로당,특정계층이용시설,경상북도 고령군 개진면광도길 133,-,83.14,25,1,1,-,아니오,아니오,아니오
영천시,36.03614,128.833792,덕암2리경로당,특정계층이용시설,"경상북도 영천시 화산면 덕암2길  6 , 덕암2리 노인정",-,74,30,1,1,-,-,-,아니오
영덕군,36.4968147,129.4105208,고곡1리(갈밭목)경로당,특정계층이용시설,경상북도 영덕군 축산면 고실1길 3,-,30.9,30,1,1,-,아니오,아니오,아니오
고령군,35.7288208,128.267768,쾌빈1리경로당,특정계층이용시설,경상북도 고령군 대가야읍 고헌3길 32,-,164.8,50,1,1,-,아니오,아니오,아니오
고령군,35.731249,128.271093,쾌빈2리경로당,특정계층이용시설,경상북도 고령군 대가야읍 쾌빈1길 8-8,-,96.2,29,1,1,-,아니오,아니오,아니오
고령군,35.731369,128.268058,동화궁전경로당,특정계층이용시설,경상북도 고령군 대가야읍중앙로 3,-,69.6,21,1,1,-,아니오,아니오,아니오
영주시,36.824063,128.6158629,영주2동강변타운경로당,특정계층이용시설,"경상북도 영주시 영주동 선비로  215   (영주동, 현대강변타운)",-,121,30,1,1,-,아니오,아니오,아니오
영주시,36.8237882,128.6172558,영주2동동진타워경로당,특정계층이용시설,경상북도 영주시 영주동 선비로  223   (영주동),-,23,5,1,1,-,아니오,아니오,아니오
영주시,36.8248979,128.6188662,구성경로당,특정계층이용시설,경상북도 영주시 영주로170번길 20,-,71,17,0,1,-,아니오,아니오,아니오
영천시,36.0500011,128.8331616,효정1리경로당,특정계층이용시설,경상북도 영천시 화산면 옛서당길 74,-,75,30,2,1,-,-,-,아니오
고령군,35.742097,128.27394,쾌빈3리경로당,특정계층이용시설,경상북도 고령군 대가야읍 대가야로 1509-17,-,111.3,34,1,1,-,아니오,아니오,아니오
고령군,35.743697,128.273756,해동디오팰리스경로당,특정계층이용시설,경상북도 고령군 대가야읍대가야로 1533,-,75.7,23,1,1,-,아니오,아니오,아니오
영덕군,36.47384,129.407389,고곡2리경로당,특정계층이용시설,경상북도 영덕군 축산면 고실길 42,-,75.3,30,2,1,-,아니오,아니오,아니오
영덕군,36.510091,129.410772,도곡1리경로당,특정계층이용시설,경상북도 영덕군 축산면 도곡길 33,-,161,30,1,1,-,아니오,아니오,아니오
의성군,36.4320646,128.418645,삼분3리경로당,특정계층이용시설,경상북도 의성군 다인면 삼분3길 111-2,-,70.06,19,2,1,-,-,아니오,-
의성군,36.4503385,128.3553314,서릉2리경로당,특정계층이용시설,경상북도 의성군 다인면 다인장길 17-12,-,60.6,21,2,1,-,-,아니오,-
예천군,36.705101,128.53874,장산2리경로당,특정계층이용시설,경상북도 예천군 감천면 장산마촌길 230,-,79,19,1,1,-,아니오,아니오,아니오
예천군,36.7035926,128.5514653,장산2리건신기경로당,특정계층이용시설,경상북도 예천군 감천면 장산3길 56,-,71,17,1,1,-,아니오,아니오,아니오
예천군,36.6992187,128.5356191,장산2리가좌골,특정계층이용시설,경상북도 예천군 감천면 장산2길 56-1,-,80,20,1,1,-,아니오,아니오,아니오
예천군,36.6650661,128.5101188,노은당경로당,특정계층이용시설,경상북도 예천군 보문면 미호길 119,-,99,24,1,1,-,아니오,아니오,아니오
안동시,36.5818,128.735,성도아파트경로당,특정계층이용시설,"경상북도 안동시 퇴계로 282-6 (안막동, 성도아파트)",-,48.8,7,4,1,-,아니오,아니오,아니오
안동시,36.599644,128.831108,도곡리경로당,특정계층이용시설,경상북도 안동시 와룡면 절강길 5,-,79.08,34,2,1,-,아니오,아니오,아니오
김천시,36.0689492,128.2648313,부상1리경로당,특정계층이용시설,경상북도 김천시 남면 농남로 1030-4,-,120,30,2,1,-,아니오,아니오,예
김천시,36.0600556,128.2743995,월명1리경로당,특정계층이용시설,경상북도 김천시 남면 섶밭길 157-10,-,160,40,2,1,-,아니오,아니오,예
김천시,36.0553617,128.251424,월명2리경로당,특정계층이용시설,경상북도 김천시 남면 운봉1길 8,-,100,25,2,1,-,아니오,아니오,예
안동시,36.4709452,128.896218,오대1리대흥경로당,특정계층이용시설,경상북도 안동시 임하면 오대새마을길 35-3,-,72,21,2,1,-,아니오,아니오,아니오
의성군,36.3257794,128.4141684,장국2리경로당,특정계층이용시설,경상북도 의성군 구천면 도개구천길 731-6,-,55.09,8,1,1,-,-,아니오,-
의성군,36.321708,128.6786529,팔성1리경로당,특정계층이용시설,경상북도 의성군 의성읍 팔성안길 16,-,80.04,15,1,1,-,아니오,아니오,아니오
의성군,36.3343817,128.6723578,용연1리,특정계층이용시설,경상북도 의성군 의성읍 용연1길 93,-,127.86,24,2,1,-,아니오,아니오,아니오
의성군,36.3485806,128.6701074,원당1리경로당,특정계층이용시설,경상북도 의성군 의성읍 원당1길 22-2,-,99,100,5,1,-,아니오,아니오,아니오
의성군,36.3527628,128.6821693,원당3리경로당,특정계층이용시설,"경상북도 의성군 원당3길 16  (의성읍, 원당3리경로당)",-,66,50,1,1,-,아니오,아니오,아니오
구미시,36.120984,128.355139,원평공원,야외시설,경상북도 구미시 구미중앙로43길 10  (원평동),-,73.8,12,정보없음,정보없음,-,아니오,아니오,아니오
경산시,35.8425678,128.7524126,임당근린공원,야외시설,"경상북도 경산시 둥지로 50  (임당동, 공중화장실)",-,270,27,정보없음,정보없음,-,아니오,아니오,아니오
영천시,35.9995829,129.0618387,동도경로당,특정계층이용시설,경상북도 영천시 고경면 동도길 53,-,82.38,21,1,1,-,-,-,아니오
예천군,36.752702,128.494982,진평2리경로당,특정계층이용시설,경상북도 예천군 감천면 자봉길 30,-,36,9,1,1,-,아니오,아니오,아니오
영천시,35.960503,128.91674,오수경로당,특정계층이용시설,"경상북도 영천시  오수2길  43 , 오수동마을회 (오수동)",-,98,60,2,1,-,-,-,아니오
영천시,35.953852,128.917938,영천농원경로당,특정계층이용시설,경상북도 영천시 유봉길 64,-,67,45,2,1,-,-,-,아니오
김천시,36.157605,128.265294,아포덕일아파트경로당,특정계층이용시설,경상북도 김천시 아포읍 한지2길 64-9 (아포덕일한마음아파트 상가아이동),-,139,35,2,1,-,아니오,아니오,예
김천시,36.1588767,128.289601,숭산경로당,특정계층이용시설,경상북도 김천시 아포읍 숭산길 250-7,-,99,25,2,1,-,아니오,아니오,예
영천시,35.9617861,128.9244211,영서교동경로당,특정계층이용시설,경상북도 영천시 나루터길 11 (성내동),-,107,50,2,1,-,-,-,아니오
김천시,36.1578577,128.2794103,하송경로당,특정계층이용시설,경상북도 김천시 아포읍 송내길 86-3,-,97,24,2,1,-,아니오,아니오,예
김천시,36.1511878,128.2712392,금계경로당,특정계층이용시설,경상북도 김천시 아포읍 금계길 181,-,102,26,2,1,-,아니오,아니오,예
김천시,36.1678507,128.2380384,미환경로당,특정계층이용시설,경상북도 김천시 아포읍 인1길 58,-,197,61,2,1,-,아니오,아니오,예
김천시,36.184552,128.232538,공쌍경로당,특정계층이용시설,경상북도 김천시 아포읍의3길 27-3,-,160,50,2,1,-,아니오,아니오,예
의성군,36.4187464,128.3966696,삼분4리경로당,특정계층이용시설,경상북도 의성군 다인면 삼분4길 56,-,81.76,30,3,1,-,아니오,아니오,아니오
영주시,36.822901,128.617917,영주2동시민회관옆(정자),야외시설,경상북도 영주시 선비로 209,-,40,1,정보없음,정보없음,-,아니오,아니오,아니오
울진군,36.9862359,129.3892684,읍남4리쉼터,야외시설,경상북도 울진군 대흥신림로 1344  (울진읍),-,15,8,정보없음,정보없음,-,아니오,아니오,아니오
문경시,36.6003294,128.2039727,신흥경로당공원,야외시설,경상북도 문경시 신흥3길 10,-,17,3,정보없음,정보없음,-,-,-,-
문경시,36.601342,128.2067392,어린왕자공원,야외시설,경상북도 문경시 신흥2길 35-7,-,17,3,정보없음,정보없음,-,-,-,-
문경시,36.730513,128.111573,하리1쉼터,야외시설,경상북도 문경시 문경읍 요성지곡길 49-4,-,120,19,정보없음,정보없음,-,-,-,-
문경시,36.724323,128.101785,마원1쉼터,야외시설,경상북도 문경시 문경읍 오서길 70,-,50,8,정보없음,정보없음,-,-,-,-
문경시,36.738749,128.123408,요성쉼터,야외시설,경상북도 문경시 문경읍 요성1길 2,-,20,4,정보없음,정보없음,-,-,-,-
의성군,36.4092053,128.3793939,효제2리마을회관,특정계층이용시설,경상북도 의성군 단북면 대제길  64,-,70,37,2,1,-,아니오,아니오,아니오
의성군,36.3940293,128.3918417,성암1리마을회관,특정계층이용시설,경상북도 의성군 단북면 칠성길  6,-,93.68,51,3,1,-,아니오,아니오,아니오
의성군,36.399947,128.382593,성암2리마을회관,특정계층이용시설,경상북도 의성군 단북면 주암길  113-8,-,94,75,2,1,-,-,아니오,-
영천시,35.965861,128.9207518,녹원경로당,특정계층이용시설,"경상북도 영천시 상아탑길 13 (화룡동, 녹원맨션)",-,42,39,2,1,-,-,-,아니오
성주군,35.843872,128.170765,봉양2리개울선불경로당,특정계층이용시설,경상북도 성주군 수륜면 봉양로2길  54,-,68,17,1,1,-,아니오,아니오,아니오
성주군,35.8794101,128.2051009,송계1리경로당,특정계층이용시설,경상북도 성주군 수륜면 송계3길 9,-,84,21,1,1,-,아니오,아니오,아니오
김천시,36.034997,128.0437725,상좌원리경로당,야외시설,경상북도 김천시 구성면 상좌원1길 106,-,20,2,정보없음,정보없음,-,아니오,아니오,아니오
봉화군,36.959182,128.705436,구산정,야외시설,경상북도 봉화군 물야면 구미길 10,-,60,10,정보없음,정보없음,-,아니오,아니오,아니오
문경시,36.6250084,128.1605011,유곡새마을큰샘정자,야외시설,경상북도 문경시 유곡새마1길 2 (유곡동),-,60,10,정보없음,정보없음,-,아니오,아니오,아니오
문경시,36.6407382,128.169736,새터마을정자,야외시설,경상북도 문경시 신기5길 17 (신기동),-,60,10,정보없음,정보없음,-,아니오,아니오,아니오
안동시,36.5310805,128.7957831,이천1리경로당,특정계층이용시설,경상북도 안동시 남선면 샘들길 5,-,115,41,3,1,-,아니오,아니오,아니오
안동시,36.4965927,128.7758138,신흥리경로당,특정계층이용시설,경상북도 안동시 남선면 신흥길 355,-,65.7,16,3,1,-,아니오,아니오,아니오
영천시,35.986956,128.915571,대전1경로당,특정계층이용시설,경상북도 영천시 대전길 121,-,91,64,2,1,-,-,-,아니오
의성군,36.389159,128.5780029,창길1경로당,특정계층이용시설,경상북도 의성군 안평면 안평일직길  7,-,92.4,33,3,1,-,아니오,아니오,아니오
문경시,36.591055,128.19163,반쟁이공원,야외시설,경상북도 문경시 반쟁이길 5  (모전동),-,11,2,정보없음,정보없음,-,아니오,아니오,아니오
영천시,36.0879442,129.0011457,용화리경로당,특정계층이용시설,경상북도 영천시 자양면 용화길 122,-,78.02,19,1,1,-,-,-,아니오
영덕군,36.660155,129.393075,삼읍리경로당,특정계층이용시설,경상북도 영덕군 병곡면 거무실길 355,-,82.99,22,2,2,-,아니오,아니오,아니오
영덕군,36.599807,129.4012178,영2리경로당,특정계층이용시설,경상북도 영덕군 병곡면 영4길 83,-,91.18,23,2,2,-,아니오,아니오,아니오
안동시,36.473833,128.659281,운산리경로당,특정계층이용시설,경상북도 안동시 일직면 논들길 19,-,345.51,125,2,1,-,아니오,아니오,아니오
안동시,36.5532301,128.4885648,도양2리경로당,특정계층이용시설,경상북도 안동시 풍천면 원도양길 7,-,173.34,16,3,1,-,아니오,아니오,아니오
안동시,36.5796586,128.4962225,코오롱하늘채경로당,특정계층이용시설,경상북도 안동시 풍천면 검무로 35-14 (경북도청신도시 코오롱하늘채),-,184,11,3,4,-,아니오,아니오,아니오
경주시,35.85756,129.313624,암곡계정경로당,특정계층이용시설,"경상북도 경주시  덕동길  635-1, 계정시래골경로당 (암곡동)",-,63,19,2,2,-,아니오,아니오,아니오
경주시,35.8344105,129.321674,유리방(덕동)경로당,특정계층이용시설,"경상북도 경주시  덕동길  142 , 덕동경로당 (덕동)",-,68,21,2,2,-,아니오,아니오,아니오
구미시,36.1331695,128.3636586,양호경로당(지산동),특정계층이용시설,경상북도 구미시 지산양호길 62-5,-,114,29,3,1,-,아니오,아니오,아니오
구미시,36.1394625,128.4153512,양포경로당,특정계층이용시설,경상북도 구미시 산호대로25길 25-50 (옥계동),-,129.21,32,7,1,-,아니오,아니오,아니오
안동시,36.6973113,128.7705427,사신리경로당,특정계층이용시설,경상북도 안동시 녹전면 감애구송로 536,-,97.97,70,2,2,-,아니오,아니오,아니오
의성군,36.430184,128.347567,가원1리부녀경로당,특정계층이용시설,경상북도 의성군 다인면 가원1길 1-4,-,102.13,10,1,1,-,아니오,아니오,아니오
김천시,36.1506215,128.1936264,대동할머니경로당,특정계층이용시설,경상북도 김천시 아포읍 한골길 49-4,-,70,31,1,1,-,아니오,아니오,예
안동시,36.5212461,128.7181626,현내1리경로당,특정계층이용시설,경상북도 안동시 남선면 현내중앙길 36,-,101.72,25,3,1,-,아니오,아니오,아니오
고령군,35.715305,128.426105,진촌경로당,특정계층이용시설,경상북도 고령군 개진면매화길 19,-,280.2,85,1,1,-,아니오,아니오,아니오
고령군,35.72252,128.419193,인안1리경로당,특정계층이용시설,경상북도 고령군 개진면인안길 74-5,-,138.08,42,1,1,-,아니오,아니오,아니오
영천시,35.8607178,128.9963847,당1리경로당,특정계층이용시설,경상북도 영천시 북안면 당리길 56,-,101.52,40,5,1,-,-,-,아니오
영천시,35.9807172,128.9109483,대전2경로당,특정계층이용시설,경상북도 영천시 대전길 37 (대전동),-,81,36,2,1,-,-,-,아니오
영천시,35.965451,128.920345,양지맨션경로당,특정계층이용시설,경상북도 영천시 상아탑길 7-6,-,50,22,2,1,-,-,-,아니오
영천시,35.975069,128.914203,화룡경로당,특정계층이용시설,경상북도 영천시  음지길  44   (화룡동),-,165,45,2,1,-,-,-,아니오
영천시,35.9773029,128.8858134,서산경로당,특정계층이용시설,경상북도 영천시 서운길 179 (서산동),-,94,38,2,1,-,-,-,아니오
영천시,35.963918,128.922777,태평스카이경로당,특정계층이용시설,경상북도 영천시  장수로  10   (화룡동),-,222,20,2,1,-,-,-,아니오
의성군,36.4123077,128.3663043,신하1리마을회관(방가),특정계층이용시설,경상북도 의성군 단북면 신하1길 63,-,64.52,12,0,1,-,-,아니오,-
영천시,35.847674,128.916015,신광효일경로당,특정계층이용시설,경상북도 영천시 대창면 효일길 113,-,70,30,3,1,-,-,-,아니오
청도군,35.6787795,128.6627662,금촌리(연호정),특정계층이용시설,경상북도 청도군 이서면 금촌2길 22-2,-,48,12,2,1,-,아니오,아니오,아니오
고령군,35.726462,128.41295,인안2리경로당,특정계층이용시설,경상북도 고령군 개진면치산길 131-4,-,94.68,29,1,1,-,아니오,아니오,아니오
고령군,35.721364,128.377389,구곡1리구실경로당,특정계층이용시설,경상북도 고령군 개진면구곡길 166,-,91.18,28,1,1,-,아니오,아니오,아니오
고령군,35.722519,128.308497,금천노인회,특정계층이용시설,경상북도 고령군 개진면 개경포로 162,-,119.6,36,1,1,-,아니오,아니오,아니오
의성군,36.4004704,128.365899,신하2리마을회관,특정계층이용시설,경상북도 의성군 단북면하제길 2,-,94.23,18,3,1,-,아니오,아니오,아니오
영천시,36.077493,129.018827,성곡리경로당,특정계층이용시설,"경상북도 영천시 자양면 포은로  1640 , 성곡리복지회관",-,133.44,33,5,1,-,-,-,아니오
의성군,36.294837,128.8195521,매곡1리경로당,특정계층이용시설,경상북도 의성군 사곡면 의성사곡로 1306,-,77.3,40,2,1,-,아니오,아니오,아니오
고령군,35.710221,128.377967,지벌리경로당,특정계층이용시설,경상북도 고령군 개진면구곡길 27,-,66.4,20,1,1,-,아니오,아니오,아니오
구미시,36.239066,128.294405,서당공원,야외시설,경상북도 구미시 선산읍 남문로3길 20,-,7.5,2,정보없음,정보없음,-,아니오,아니오,아니오
김천시,36.2478727,128.1556383,송북1리쉼터,야외시설,경상북도 김천시 감문면 송북1길 77-5,-,55,5,정보없음,정보없음,-,아니오,아니오,아니오
포항시,35.9495512,129.4092636,천마타운경로당,특정계층이용시설,경상북도 포항시 남구 오천읍 정몽주로 331 (오천천마타운),-,118,36,1,1,-,아니오,아니오,아니오
포항시,35.9675504,129.3996119,부영2차경로당,특정계층이용시설,경상북도 포항시 남구 오천읍 남원로 85 (2차부영아파트),-,230,70,1,1,-,아니오,아니오,아니오
봉화군,36.8894378,128.6725603,도촌1리경로당,특정계층이용시설,경상북도 봉화군 봉화읍 사제길 30-1,-,57,14,1,1,-,아니오,아니오,아니오
의성군,36.3818784,128.5749985,기도2리경로당,특정계층이용시설,경상북도 의성군 안평면 가도길  64,-,194.6,26,2,1,-,아니오,아니오,아니오
봉화군,36.8158729,128.9600703,소용동쉼터,야외시설,경상북도 봉화군 재산면 대내골길 24,-,60,10,정보없음,정보없음,-,아니오,아니오,아니오
칠곡군,36.044683,128.385558,덕산1리경로당,특정계층이용시설,"경상북도 칠곡군 약목면 덕산1길  37-1, 덕산1리경로당",-,99,24,2,1,-,아니오,아니오,아니오
김천시,36.2005771,128.2172862,성촌북성쉼터,야외시설,경상북도 김천시 감문면 성촌2길 14-10,-,25,2,정보없음,정보없음,-,아니오,아니오,아니오
의성군,36.2295338,128.7406951,토현경로당,특정계층이용시설,경상북도 의성군 가음면 현리낙전길 37-13,-,28.56,5,2,1,-,아니오,아니오,아니오
의성군,36.233716,128.7234646,장3리경로당,특정계층이용시설,경상북도 의성군 가음면 금성현서로 443,-,82,10,2,1,-,아니오,아니오,아니오
경산시,35.825872,128.733466,중방1동경로당,특정계층이용시설,경상북도 경산시 중앙초등길 48-1 (중방동),-,320,96,7,2,-,아니오,아니오,아니오
경산시,35.829873,128.738205,초원하이츠경로당,특정계층이용시설,경상북도 경산시 중방로 32-1,-,140,42,3,1,-,아니오,아니오,아니오
경산시,35.8261493,128.7321684,은호아파트경로당,특정계층이용시설,"경상북도 경산시 경안로41길 44-3 (중방동, 은호아파트)",-,50,15,3,1,-,-,아니오,-
상주시,36.3719,128.2046,운평리마을회관,특정계층이용시설,경상북도 상주시 낙동면 운평1길 13,-,91,55,3,1,-,아니오,아니오,아니오
상주시,36.4016,128.2384,신상2리마을회관,특정계층이용시설,경상북도 상주시 낙동면 신상2길 31-2,-,176,80,2,1,-,아니오,아니오,아니오
상주시,36.3186333,127.954007,금천1리마을회관,특정계층이용시설,경상북도 상주시 모동면 금천4길  40-3,-,97,29,2,2,-,아니오,아니오,아니오
상주시,36.3101452,127.949395,금천2리마을회관,특정계층이용시설,경상북도 상주시 모동면금천1길 163,-,98,30,2,1,-,아니오,아니오,아니오
김천시,36.2082561,128.0974491,도암2리본리경로당,특정계층이용시설,경상북도 김천시 어모면 도암2길 18,-,40,10,1,1,-,-,-,예
의성군,36.3265274,128.4205336,청운마을쉼터,특정계층이용시설,경상북도 의성군 구천면 청산2길  76,-,88.61,20,2,1,-,아니오,아니오,아니오
의성군,36.3338588,128.417969,국시골마을쉼터,특정계층이용시설,경상북도 의성군 구천면 도개구천길 981,-,73.44,20,2,1,-,-,아니오,-
의성군,36.3513954,128.4101987,하사마을쉼터,특정계층이용시설,경상북도 의성군 구천면 용사1길 58,-,65,20,2,1,-,-,아니오,-
의성군,36.3619799,128.4546483,미천2리경로당,특정계층이용시설,경상북도 의성군 구천면 미천2길 75,-,120.41,24,3,1,-,-,아니오,-
의성군,36.3512226,128.4613028,위성2리경로당,특정계층이용시설,경상북도 의성군 구천면 위성2길 18,-,98.77,18,2,1,-,-,아니오,-
칠곡군,36.0521595,128.4513959,망정2리경로당,특정계층이용시설,경상북도 칠곡군 석적읍 망정2길 158,-,44.1,50,1,1,-,아니오,아니오,아니오
의성군,36.5080387,128.3562353,양서1리부녀경로당,특정계층이용시설,경상북도 의성군 다인면 덕미3길 8,-,95.1,10,2,1,-,-,아니오,-
고령군,35.709404,128.391667,적산경로당,특정계층이용시설,경상북도 고령군 개진면적산길 65,-,69.36,21,1,1,-,아니오,아니오,아니오
칠곡군,36.052576,128.47117,도개2리비래골경로당,특정계층이용시설,경상북도 칠곡군 석적읍 도개5길 45,-,65,20,1,1,-,아니오,아니오,아니오
영양군,36.6114719,129.069362,연당1리경로당,특정계층이용시설,경상북도 영양군 입암면 서석지1길 5,-,102.72,60,5,1,-,아니오,-,아니오
영양군,36.6129671,129.0879497,연당2리경로당,특정계층이용시설,경상북도 영양군 입암면 주역2길 40-1,-,114.58,50,5,1,-,아니오,-,아니오
고령군,35.704038,128.388259,옥산1리경로당,특정계층이용시설,경상북도 고령군 개진면개경포로 969,-,295,89,1,1,-,아니오,아니오,아니오
고령군,35.702861,128.396199,옥산2리경로당,특정계층이용시설,경상북도 고령군 개진면옥도길 13-12,-,91.06,28,1,1,-,아니오,아니오,아니오
영덕군,36.5415309,129.4077134,성내5리마을회관,특정계층이용시설,경상북도 영덕군 영해면 예주목은길 102,-,138,34,4,1,-,아니오,아니오,아니오
성주군,35.838817,128.187425,적송2리경로당,특정계층이용시설,경상북도 성주군 수륜면 적송3길  20,-,82,20,1,1,-,아니오,아니오,아니오
경주시,35.8479719,129.2215481,동명경로당,특정계층이용시설,경상북도 경주시 알천남로 204-3 (성동동),-,100,30,2,2,-,아니오,아니오,아니오
영양군,36.7506215,129.0296027,무진경로당,특정계층이용시설,경상북도 영양군 청기면 맹촌길 6,-,92,23,4,1,-,아니오,-,아니오
영양군,36.7551942,129.0524283,당리할머니경로당,특정계층이용시설,경상북도 영양군 청기면 당리길 4,-,92,28,3,1,-,아니오,-,아니오
영양군,36.7296481,129.0319839,포두경로당,특정계층이용시설,경상북도 영양군 청기면 포두1길 11,-,73.45,18,0,1,-,아니오,-,아니오
영덕군,36.6406575,129.4122195,금곡1경로당,특정계층이용시설,경상북도 영덕군 병곡면 거무실2길 2,-,82.99,21,3,1,-,아니오,아니오,아니오
영덕군,36.641846,129.4211841,금곡2경로당,특정계층이용시설,경상북도 영덕군 병곡면 지경길 22-2,-,82.56,21,4,1,-,아니오,아니오,아니오
영덕군,36.6475537,129.3684668,금곡3경로당,특정계층이용시설,경상북도 영덕군 병곡면 유금길 210-3,-,99.2,25,3,1,-,아니오,아니오,아니오
영덕군,36.6234362,129.412219,백석2경로당,특정계층이용시설,경상북도 영덕군 병곡면 흰돌로 209-1,-,198.3,50,4,1,-,아니오,아니오,아니오
고령군,35.712663,128.421455,부1리경로당,특정계층이용시설,경상북도 고령군 개진면창동길 32,-,68.09,21,1,1,-,아니오,아니오,아니오
경주시,35.851136,129.211373,북성건경로당,특정계층이용시설,경상북도 경주시  북문로77번길  14   (성건동),-,92.99,28,3,2,-,아니오,아니오,아니오
영천시,36.0016574,129.0465099,분회경로당,특정계층이용시설,경상북도 영천시 고경면 호국로 1065-16,-,82.8,50,3,1,-,-,-,아니오
고령군,35.7181138,128.2713461,고아2리경로당,특정계층이용시설,경상북도 고령군 대가야읍 벽화길 94,-,162.5,49,1,1,-,아니오,아니오,아니오
영덕군,36.4359713,129.4324047,대탄리경로당겸마을회관,특정계층이용시설,경상북도 영덕군 영덕읍 대탄1길 12-23,-,75.24,19,2,1,-,아니오,아니오,아니오
경주시,35.854658,129.208913,성건경로당,특정계층이용시설,"경상북도 경주시  공영주택길  22-4, 성건경로당 (성건동)",-,147.12,45,4,2,-,아니오,아니오,아니오
고령군,35.732215,128.267594,연조3리경로당,특정계층이용시설,경상북도 고령군 대가야읍 연조1길 23,-,63.6,19,1,1,-,아니오,아니오,아니오
구미시,36.090628,128.438629,구평공원,야외시설,경상북도 구미시 인동46길 20  (구평동),-,73.7,12,정보없음,정보없음,-,아니오,아니오,아니오
구미시,36.100639,128.428434,도토리공원,야외시설,경상북도 구미시 인동가산로 437-9,-,7.7,2,정보없음,정보없음,-,아니오,아니오,아니오
구미시,36.116959,128.425744,다정공원,야외시설,경상북도 구미시 수출대로31길 67,-,4.8,1,정보없음,정보없음,-,아니오,아니오,아니오
구미시,36.099012,128.423732,청백리공원,야외시설,경상북도 구미시 인동14길 14,-,5.1,1,정보없음,정보없음,-,아니오,아니오,아니오
고령군,35.728296,128.261407,지산1리경로당,특정계층이용시설,경상북도 고령군 대가야읍 지산길 88,-,98.9,30,1,1,-,아니오,아니오,아니오
예천군,36.720593,128.556211,독양1리독죽경로당,특정계층이용시설,경상북도 예천군 보문면 독죽골길 62,-,67,16,1,1,-,아니오,아니오,아니오
예천군,36.709341,128.553432,옥천리경로당,특정계층이용시설,경상북도 예천군 보문면 옥천길 51,-,88,22,1,1,-,아니오,아니오,아니오
예천군,36.6723856,128.5444448,수계2리경로당,특정계층이용시설,경상북도 예천군 보문면 보문로 805-15,-,86,21,1,1,-,아니오,아니오,아니오
예천군,36.668887,128.533487,작곡리경로당,특정계층이용시설,경상북도 예천군 보문면 작평길 1-4,-,79,19,1,1,-,아니오,아니오,아니오
상주시,36.3174,128.0693,용신2리경로당,특정계층이용시설,경상북도 상주시 공성면 용신2길 50-1,-,87,25,2,1,-,아니오,아니오,아니오
안동시,36.7646257,128.897194,가사리경로당,특정계층이용시설,경상북도 안동시 도산면 가송길 202,-,29.7,15,2,2,-,아니오,아니오,아니오
포항시,36.0818724,129.3777257,대림골든빌마을쉼터,특정계층이용시설,경상북도 포항시 북구 침촌로 18 (장성동),-,83,25,2,1,-,아니오,아니오,아니오
상주시,36.5271504,128.1441584,율곡2리경로당,특정계층이용시설,경상북도 상주시 공검면 율곡3길 40,-,161,40,0,1,-,아니오,아니오,아니오
문경시,36.5934853,128.2499434,송죽2리경로당,특정계층이용시설,경상북도 문경시 산양면 덕암안길 1-8,-,85,30,2,1,-,아니오,아니오,-
경주시,35.8759067,129.0381172,"서오상부,천촌하부마을회관",특정계층이용시설,경상북도 경주시 서면 오봉로 1726,-,68,21,1,1,-,아니오,아니오,아니오
경주시,35.8626328,129.0339303,천촌동회관,특정계층이용시설,경상북도 경주시 서면 오봉로 1567-1,-,93,28,3,3,-,아니오,아니오,아니오
상주시,36.2973404,128.1346446,무곡리마을회관,특정계층이용시설,경상북도 상주시 공성면 무곡길 194,-,87,25,2,1,-,아니오,아니오,아니오
칠곡군,36.017456,128.385048,관호1리경로당,특정계층이용시설,경상북도 칠곡군 약목면 관호3길  3,-,97.11,24,2,1,-,아니오,아니오,아니오
칠곡군,36.0377,128.3592,복성7리경로당,특정계층이용시설,경상북도 칠곡군 약목면복성13길 24 (약목오성타워맨션),-,73,22,2,1,-,아니오,아니오,아니오
칠곡군,36.042563,128.338138,복성8리경로당,특정계층이용시설,경상북도 칠곡군 약목면복성17길 54 (복성두성타운),-,39.69,10,2,1,-,아니오,아니오,아니오
칠곡군,36.036083,128.368737,동안리경로당,특정계층이용시설,경상북도 칠곡군 약목면 동안2길  20,-,66.12,16,2,1,-,아니오,아니오,아니오
경주시,35.898257,129.031634,아화3리마을회관,특정계층이용시설,경상북도 경주시 서면 화촌길  73,-,74,22,1,1,-,아니오,아니오,아니오
포항시,36.0077266,129.3400531,에스케이뷰2차마을쉼터,특정계층이용시설,"경상북도 포항시 남구 효성로63번길 17 (효자동, 효자웰빙타운 에스케이뷰 2차아파트)",-,85.92,22,1,1,-,아니오,아니오,아니오
칠곡군,35.986988,128.408244,왜관9리동부경로당,특정계층이용시설,경상북도 칠곡군 왜관읍 평장4길  19,-,212,100,1,1,-,아니오,아니오,아니오
영덕군,36.5315259,129.2629551,대2리경로당,특정계층이용시설,경상북도 영덕군 영해면 대동로 1429,-,97,13,3,1,-,아니오,아니오,예
영덕군,36.539305,129.4383946,사진1리경로당,특정계층이용시설,경상북도 영덕군 영해면 밭내미길 3-1,-,133,18,3,1,-,아니오,아니오,예
울진군,36.7585094,129.3402509,외선미2리경로당,특정계층이용시설,경상북도 울진군 온정면외선미1길 22,-,77,50,1,1,-,아니오,아니오,아니오
구미시,36.140766,128.312681,참살이공원,야외시설,경상북도 구미시 송선로1길 41-1,-,7.5,2,정보없음,정보없음,-,아니오,아니오,아니오
포항시,36.1118666,129.3401821,마산리마을쉼터,특정계층이용시설,경상북도 포항시 북구 흥해읍 신흥로 889-1,-,242,73,1,1,-,아니오,아니오,아니오
안동시,36.6162467,128.7760735,가구1리경로당,특정계층이용시설,경상북도 안동시 와룡면 선돌길 125,-,89.79,53,4,1,-,아니오,아니오,아니오
안동시,36.6107993,128.8031602,산야1리경로당,특정계층이용시설,경상북도 안동시 와룡면 산골안길 29,-,70.23,33,3,1,-,아니오,아니오,아니오
청도군,35.6842153,128.9609179,신원리,특정계층이용시설,경상북도 청도군 운문면 운문로 1555,-,74.63,18,2,1,-,아니오,아니오,아니오
청도군,35.674825,128.9575946,신원(황정),특정계층이용시설,경상북도 청도군 운문면 운문사길 109-7,-,102.41,25,2,1,-,아니오,아니오,아니오
청도군,35.6682075,129.0031493,신원(삼계),특정계층이용시설,경상북도 청도군 운문면 운문로 1080-9,-,83.9,20,2,1,-,아니오,아니오,아니오
안동시,36.57173,128.731885,신안금탑아파트경로당,특정계층이용시설,경상북도 안동시 퇴계로 157,-,42.9,7,3,2,-,아니오,아니오,아니오
안동시,36.5789275,128.717407,동락경로당,특정계층이용시설,경상북도 안동시 제비원로 306-11 (안기동),-,96.9,22,2,3,-,아니오,아니오,아니오
예천군,36.664351,128.515893,미호2리경로당,특정계층이용시설,경상북도 예천군 보문면 미호길 182,-,83,20,1,1,-,아니오,아니오,아니오
문경시,36.6033715,128.2441579,송죽1리경로당,특정계층이용시설,경상북도 문경시 산양면 송죽길 162,-,85,30,1,1,-,아니오,아니오,-
영덕군,36.3585681,129.3658315,화전1리,특정계층이용시설,경상북도 영덕군 강구면화전길 11-10,-,62,15,1,1,-,아니오,아니오,아니오
안동시,36.5767745,128.7345824,신안동현대아파트경로당,특정계층이용시설,"경상북도 안동시 퇴계로 214 (안막동, 현대아파트)",-,36.3,6,3,2,-,아니오,아니오,아니오
안동시,36.5743878,128.7309319,범석경로당,특정계층이용시설,경상북도 안동시 범석골길 34 (안막동),-,95,15,3,1,-,아니오,아니오,아니오
안동시,36.631207,128.7875109,지내2리경로당,특정계층이용시설,경상북도 안동시 와룡면 모산골길 263,-,81.9,32,3,1,-,아니오,아니오,아니오
상주시,36.3615,128.1529,지천경로당,특정계층이용시설,경상북도 상주시 지천2길 29 (지천동),-,140,40,3,1,-,아니오,아니오,아니오
상주시,36.3978,127.8969,중눌1리수봉노인정,특정계층이용시설,경상북도 상주시 화남면 중눌1길 105,-,66,20,2,1,-,아니오,아니오,아니오
영덕군,36.411979,129.3653614,남석1리경로당겸마을회관,특정계층이용시설,경상북도 영덕군 영덕읍 강변길 224,-,78.66,20,2,1,-,아니오,아니오,아니오
영덕군,36.4104894,129.3661124,남석2리경로당겸마을회관,특정계층이용시설,경상북도 영덕군 영덕읍 야성3길 8-14,-,108,27,4,1,-,아니오,아니오,아니오
안동시,36.6146191,128.8237283,산야2리경로당,특정계층이용시설,경상북도 안동시 와룡면 도곡길 10-20,-,92.15,31,4,1,-,아니오,아니오,아니오
성주군,35.925809,128.285945,예산3리경로당,특정계층이용시설,"경상북도 성주군 성주읍 예산3길  100 , 예동노인회관",-,66,16,2,1,-,아니오,아니오,아니오
영주시,36.8468887,128.6830559,신암3리경로당,특정계층이용시설,경상북도 영주시 이산면 신암로 200,-,91.19,22,2,1,-,아니오,아니오,아니오
영주시,36.822567,128.65272,원리경로당,특정계층이용시설,경상북도 영주시 이산면이산로155번길 13-4,-,130,32,4,1,-,아니오,아니오,아니오
영주시,36.7624341,128.6976939,평은리노인정,특정계층이용시설,경상북도 영주시 평은면 평은로962번길 13,-,65,20,2,2,-,아니오,아니오,아니오
영주시,36.7021484,128.708508,지곡1리노인회관,특정계층이용시설,경상북도 영주시 평은면북평로1071번길 17,-,92,25,5,1,-,아니오,아니오,아니오
울진군,36.7511371,129.3378729,선구1리경로당,특정계층이용시설,경상북도 울진군 온정면 내선미길 23,-,86,50,1,1,-,아니오,아니오,아니오
울진군,36.7488639,129.3571842,선구2리경로당,특정계층이용시설,경상북도 울진군 온정면선구문곡길 166,-,85,50,1,1,-,아니오,아니오,아니오
상주시,36.3093,128.0366,봉산2리마을회관,특정계층이용시설,경상북도 상주시 공성면 봉산회룡길 97-5,-,84,24,2,1,-,아니오,아니오,아니오
문경시,36.625782,128.157916,유곡할머니회관,특정계층이용시설,경상북도 문경시 유곡동 유곡불정로  142-5  (유곡동),-,194,48,3,1,-,아니오,아니오,아니오
문경시,36.605585,128.183763,애향경로당,특정계층이용시설,경상북도 문경시 공평동 작사길  4   (공평동),-,142,35,3,1,-,아니오,아니오,아니오
안동시,36.5425529,128.5735935,하아리경로당,특정계층이용시설,경상북도 안동시 남후면 아곡길 672-2,-,69.9,45,2,2,-,아니오,아니오,아니오
영덕군,36.2747338,129.3516267,회1리경로당,특정계층이용시설,경상북도 영덕군 남정면회리1길 20,-,77,23,2,1,-,아니오,아니오,아니오
영덕군,36.2752833,129.339283,회2리경로당,특정계층이용시설,경상북도 영덕군 남정면 회리2길 18,-,78,24,2,1,-,아니오,아니오,아니오
영덕군,36.282634,129.366619,양성리경로당,특정계층이용시설,경상북도 영덕군 남정면 양성길 42-32,-,89,27,2,1,-,아니오,아니오,아니오
고령군,35.669263,128.172755,산주경로당,특정계층이용시설,경상북도 고령군 쌍림면산주길 98,-,94,28,1,1,-,아니오,아니오,아니오
경주시,35.82921,129.283309,천군동마을회관,특정계층이용시설,"경상북도 경주시  보정로  619 , 천군동마을회관 (천군동)",-,169,51,2,2,-,아니오,아니오,아니오
경주시,35.852438,129.262605,북군경로당,특정계층이용시설,"경상북도 경주시  북군2길  12-3, 북군경로당 (북군동)",-,71,22,2,2,-,아니오,아니오,아니오
고령군,35.688488,128.262918,안화경로당,특정계층이용시설,경상북도 고령군 쌍림면안화2길 27,-,81.58,25,1,1,-,아니오,아니오,아니오
구미시,36.1873,128.4787,백현체육공원,야외시설,경상북도 구미시 산동읍 송백로 497,-,900,30,정보없음,정보없음,-,아니오,아니오,아니오
영주시,36.7664906,128.5902936,곰실노인회관(호문1리),특정계층이용시설,경상북도 영주시 장수면 호문길37번길 67,-,84,21,2,1,-,아니오,아니오,아니오
의성군,36.5045676,128.4163128,새동네(쌍호1리),특정계층이용시설,경상북도 의성군 안사면 쌍호1길 38,-,30,10,2,1,-,아니오,아니오,아니오
안동시,36.580899,128.654396,막곡2리경로당,특정계층이용시설,경상북도 안동시 풍산읍청회길 394-11,-,80.64,50,4,1,-,아니오,아니오,아니오
칠곡군,36.0109592,128.5360721,가천리(골안)경로당,특정계층이용시설,경상북도 칠곡군 동명면 가천2길 97,-,124.73,25,1,1,-,아니오,아니오,아니오
영덕군,36.5359439,129.408923,성내2리경로당,특정계층이용시설,경상북도 영덕군 영해면 318만세1길 46-2,-,104,19,1,2,-,아니오,아니오,예
영덕군,36.520304,129.337073,묘곡1리경로당,특정계층이용시설,경상북도 영덕군 영해면 대동로 601,-,100,15,3,1,-,아니오,아니오,예
고령군,35.680449,128.224744,송림2리경로당,특정계층이용시설,경상북도 고령군 쌍림면송림4길 19-1,-,39.34,12,1,1,-,아니오,아니오,아니오
고령군,35.679161,128.208642,산당경로당,특정계층이용시설,경상북도 고령군 쌍림면산당청계길 29,-,135.91,41,1,1,-,아니오,아니오,아니오
청송군,36.2532284,129.0375406,눌인1리경로당,특정계층이용시설,경상북도 청송군 현동면 은계안길 6,-,99,30,2,1,-,아니오,아니오,아니오
청송군,36.2315,129.0189,월매리경로당,특정계층이용시설,경상북도 청송군 현동면 월매2길 9,-,91,28,2,1,-,아니오,아니오,아니오
청송군,36.258247,129.019038,능남경로당,특정계층이용시설,경상북도 청송군 현동면 능남길 43,-,86,20,2,1,-,아니오,아니오,아니오
고령군,35.677492,128.208982,백산리경로당,특정계층이용시설,경상북도 고령군 쌍림면백산길 10-10,-,59.27,18,1,1,-,아니오,아니오,아니오
고령군,35.677468,128.209139,용담경로당,특정계층이용시설,경상북도 고령군 쌍림면백산길 10-8,-,53,16,1,1,-,아니오,아니오,아니오
고령군,35.678727,128.194707,하거1경로당,특정계층이용시설,경상북도 고령군 쌍림면학동길 81,-,136.53,41,1,1,-,아니오,아니오,아니오
안동시,36.6517,128.7896,가야리경로당,특정계층이용시설,경상북도 안동시 와룡면 가야길 201,-,101.3,85,3,1,-,아니오,아니오,아니오
영덕군,36.2857503,129.3734608,장사리경로당,특정계층이용시설,경상북도 영덕군 남정면진불1길 33,-,162,49,3,1,-,아니오,아니오,아니오
울진군,36.9699569,129.3224721,대흥리쉼터,야외시설,경상북도 울진군 울진읍 불영계곡로 2815,-,15,8,정보없음,정보없음,-,아니오,아니오,아니오
고령군,35.676653,128.202008,하거2경로당,특정계층이용시설,경상북도 고령군 쌍림면하거2길 19-3,-,104.24,32,1,1,-,아니오,아니오,아니오
고령군,35.671184,128.185674,신촌경로당,특정계층이용시설,경상북도 고령군 쌍림면신촌길 68,-,111.06,34,1,1,-,아니오,아니오,아니오
고령군,35.6670709,128.2282396,합가1리경로당,특정계층이용시설,경상북도 고령군 쌍림면 개실2길  1,-,113.6,34,1,1,-,아니오,아니오,아니오
고령군,35.653676,128.215467,합가2리경로당,특정계층이용시설,"경상북도 고령군 쌍림면 가곡길  68 , 합가2리마을회관",-,142.16,43,1,1,-,아니오,아니오,아니오
영주시,36.774193,128.7142633,천본2리(망원)노인회관,특정계층이용시설,경상북도 영주시 평은면천상로 406,-,76,15,2,1,-,아니오,아니오,아니오
영주시,36.719499,128.649373,용혈1리노인회관,특정계층이용시설,경상북도 영주시 평은면문평로719번길 3-16,-,120,50,5,2,-,아니오,아니오,아니오
영주시,36.7379624,128.6531037,용혈2리노인회관,특정계층이용시설,경상북도 영주시 평은면문평로961번길 123,-,95,30,3,1,-,아니오,아니오,아니오
경산시,35.838466,128.731776,대평그린빌경로당,특정계층이용시설,경상북도 경산시 경안로69길 12-1,-,185,50,3,2,-,아니오,아니오,아니오
경산시,35.841674,128.755196,강산애아파트경로당,특정계층이용시설,경상북도 경산시 둥지로 32,-,116,50,3,2,-,아니오,아니오,아니오
의성군,36.3061663,128.7904997,사곡면분회경로당,특정계층이용시설,경상북도 의성군 사곡면 의성사곡로 995-7,-,84.88,25,2,1,-,아니오,아니오,아니오
문경시,36.6621559,128.2606561,대하1리마을회관,특정계층이용시설,경상북도 문경시 산북면 금천로 658,-,85,100,5,1,-,아니오,아니오,-
영주시,36.7024517,128.6844989,강동1리경로당(왕유),특정계층이용시설,경상북도 영주시 평은면 강동로298번길 144,-,100,20,2,1,-,아니오,아니오,아니오
영주시,36.7130628,128.6975491,강동1리금계경로당(노인회관),특정계층이용시설,경상북도 영주시 평은면 강동로410번길 127,-,70,20,2,1,-,아니오,아니오,아니오
영주시,36.753183,128.63689,승문1리경로당,특정계층이용시설,경상북도 영주시 문수면 종릉로105번길 12-2,-,113,28,2,1,-,아니오,아니오,아니오
영주시,36.7382843,128.6350196,승문2리경로당,특정계층이용시설,경상북도 영주시 문수면 문평로351번길 53,-,156,39,4,1,-,아니오,아니오,아니오
영주시,36.7604185,128.6532041,만방1리경로당,특정계층이용시설,경상북도 영주시 문수면 종릉로 351,-,83,20,1,1,-,아니오,아니오,아니오
영덕군,36.3682495,129.3949548,금진2리경로당,특정계층이용시설,경상북도 영덕군 강구면영덕대게로 219,-,29,7,3,2,-,아니오,아니오,아니오
영덕군,36.359731,129.3847028,강구리경노당,특정계층이용시설,경상북도 영덕군 강구면 영덕대게로  55,-,142,35,4,2,-,아니오,아니오,아니오
영덕군,36.3597228,129.3847185,강구부인경로당,특정계층이용시설,경상북도 영덕군 강구면 영덕대게로  55,-,109,27,4,2,-,아니오,아니오,아니오
영덕군,36.3669439,129.3853899,강구2리,특정계층이용시설,경상북도 영덕군 강구면신흥길 28-8,-,49,12,1,1,-,아니오,아니오,아니오
울릉군,37.496519,130.908144,저동1리경로당,특정계층이용시설,경상북도 울릉군 울릉읍 저동1길 30,-,177.3,44,4,2,-,-,아니오,-
울릉군,37.4738,130.883474,사동2리경로당,특정계층이용시설,경상북도 울릉군 울릉읍 옥천1길 7-12,-,92.88,30,3,1,-,-,아니오,-
울릉군,37.484464,130.904731,도동1리경로당,특정계층이용시설,경상북도 울릉군 울릉읍 도동2길 83,-,168.69,68,3,1,-,-,아니오,-
울릉군,37.500034,130.912942,저동2리경로당,특정계층이용시설,경상북도 울릉군 울릉읍 울릉순환로 98-48,-,85,53,2,1,-,-,아니오,-
울릉군,37.46723,130.838809,남양1리경로당,특정계층이용시설,경상북도 울릉군 서면 남양1길 30,-,58.99,20,0,1,-,아니오,아니오,아니오
안동시,36.6164814,128.7822452,가구2리경로당,특정계층이용시설,경상북도 안동시 와룡면 미두골길 2,-,99.75,59,3,1,-,아니오,아니오,아니오
고령군,35.663964,128.276712,평지경로당,특정계층이용시설,경상북도 고령군 쌍림면평지길 57,-,80.64,24,1,1,-,아니오,아니오,아니오
안동시,36.7674408,128.889582,쏘두들경로당,특정계층이용시설,경상북도 안동시 도산면가송길 102,-,66.43,16,2,1,-,아니오,아니오,아니오
영주시,36.764441,128.6658213,우곡노인회관,특정계층이용시설,경상북도 영주시 문수면 간운로494번길 110,-,94,23,1,1,-,아니오,아니오,아니오
고령군,35.694035,128.2571,안림경로당,특정계층이용시설,경상북도 고령군 쌍림면안림3길 5,-,460.13,139,1,1,-,아니오,아니오,아니오
고령군,35.703029,128.250227,고곡1리경로당,특정계층이용시설,경상북도 고령군 쌍림면미숭로 15,-,379.39,115,1,1,-,아니오,아니오,아니오
고령군,35.70189,128.239191,고곡2리경로당,특정계층이용시설,경상북도 고령군 쌍림면고실1길 2,-,112.21,34,1,1,-,아니오,아니오,아니오
고령군,35.6619283,128.2611074,안박실경로당,특정계층이용시설,경상북도 고령군 쌍림면 안박실길 70,-,96.92,29,1,1,-,아니오,아니오,아니오
영덕군,36.2999749,129.3600774,봉전1리경로당,특정계층이용시설,경상북도 영덕군 남정면 산정로 219,-,89,27,2,1,-,아니오,아니오,아니오
포항시,36.1101244,129.3511067,중성1리마을쉼터,특정계층이용시설,경상북도 포항시 북구 흥해읍 한동로87번길 2,-,177,54,1,1,-,아니오,아니오,아니오
영덕군,36.3044996,129.3251044,쟁암리경로당,특정계층이용시설,경상북도 영덕군 남정면 봉전쟁암길 384,-,55,17,2,1,-,아니오,아니오,아니오
영덕군,36.3100695,129.3529964,도천리경로당,특정계층이용시설,경상북도 영덕군 남정면 도천1길 20-1,-,76,23,2,2,-,아니오,아니오,아니오
영덕군,36.3539523,129.3463326,중화리경로당,특정계층이용시설,경상북도 영덕군 남정면 남정중화길 504,-,55,17,2,1,-,아니오,아니오,아니오
경산시,35.8235309,128.7179391,옥산1어린이공원,야외시설,경상북도 경산시 성암로3길 19,-,60,6,정보없음,정보없음,-,아니오,아니오,아니오
경산시,35.8149,128.7273,옥곡1어린이공원,야외시설,경상북도 경산시 강변서로 193,-,30,3,정보없음,정보없음,-,아니오,아니오,아니오
영덕군,36.650819,129.2497373,백청리,특정계층이용시설,경상북도 영덕군 창수면 오서로 1873,-,84,21,1,1,-,아니오,아니오,아니오
영덕군,36.5543303,129.3731487,인량1리,특정계층이용시설,경상북도 영덕군 창수면 인량2길 26,-,90,22,2,1,-,아니오,아니오,아니오
영덕군,36.5514623,129.3677664,인량2리,특정계층이용시설,경상북도 영덕군 창수면 인량6길 12-15,-,76,19,3,1,-,아니오,아니오,아니오
경산시,35.824701,128.7222731,옥산3어린이공원,야외시설,"경상북도 경산시 성암로11길 16  (옥산동, 공중화장실)",-,60,6,정보없음,정보없음,-,아니오,아니오,아니오
청도군,35.652475,128.742378,송북덕절입구,야외시설,경상북도 청도군 화양읍 청려로 1693,-,300,30,정보없음,정보없음,-,아니오,아니오,아니오
구미시,36.190442,128.395844,오상리경로당,특정계층이용시설,경상북도 구미시 해평면오상4길 6,-,100,25,3,2,-,아니오,아니오,아니오
구미시,36.207228,128.420862,금산1리경로당,특정계층이용시설,경상북도 구미시 해평면소상길 60,-,198.4,48,3,2,-,아니오,아니오,아니오
구미시,36.2535265,128.350569,낙산리경로당,특정계층이용시설,경상북도 구미시 해평면낙산1길 10,-,77,19,4,1,-,아니오,아니오,아니오
예천군,36.5441995,128.2987073,청운3경로당,특정계층이용시설,경상북도 예천군 풍양면 청운3리길 23,-,90,22,4,1,-,예,예,아니오
예천군,36.5421146,128.2740672,하풍경로당,특정계층이용시설,경상북도 예천군 풍양면 하풍길 56-7,-,117,29,4,1,-,아니오,아니오,아니오
예천군,36.4776381,128.2708462,삼강경로당,특정계층이용시설,경상북도 예천군 풍양면 덕암로 1107,-,146,36,3,1,-,아니오,아니오,아니오
예천군,36.5188438,128.3038498,오지경로당,특정계층이용시설,경상북도 예천군 풍양면 오지길 32,-,99,24,2,1,-,아니오,아니오,아니오
의성군,36.4017452,128.5515806,금곡1리경로당,특정계층이용시설,경상북도 의성군 안평면 금곡1길 23-16,-,67.48,10,2,1,-,아니오,아니오,아니오
영주시,36.7958888,128.5568026,파지리노인회관,특정계층이용시설,경상북도 영주시 장수면 장수로 693,-,159,37,2,1,-,아니오,아니오,아니오
영천시,36.0888806,128.8605469,온천리경로당,특정계층이용시설,경상북도 영천시 화남면 온천길 46,-,71.17,17,1,1,-,-,-,아니오
영천시,36.1023808,128.8654017,구전리경로당,특정계층이용시설,경상북도 영천시 화남면 용구길 42,-,125.11,31,1,1,-,-,-,아니오
영천시,36.1008139,128.8937581,월곡2리경로당,특정계층이용시설,경상북도 영천시 화남면 월곡길 244,-,80.88,20,1,1,-,-,-,아니오
문경시,36.591617,128.201075,4통쉼터,야외시설,경상북도 문경시 중앙5길 30,-,10,2,정보없음,정보없음,-,-,-,-
영천시,36.0899058,128.8669387,안천3리경로당(안온경로당),특정계층이용시설,경상북도 영천시 화남면 구전로 460,-,62.31,15,1,1,-,-,-,아니오
영주시,36.736804,128.595696,전도경로당(대양1리경로당),특정계층이용시설,경상북도 영주시 문수면 문수로851번길 12,-,88,22,2,1,-,아니오,아니오,아니오
영주시,36.7300276,128.5789653,대양2리경로당,특정계층이용시설,경상북도 영주시 문수면 문수로825번길 163,-,83,20,2,1,-,아니오,아니오,아니오
경산시,35.8161484,128.7325243,서부1어린이공원,야외시설,경상북도 경산시 삼성현로15길 42,-,30,3,정보없음,정보없음,-,아니오,아니오,아니오
경산시,35.800491,128.782377,유곡동경로당,특정계층이용시설,경상북도 경산시 유곡길 44,-,50,30,3,1,-,아니오,아니오,아니오
경산시,35.802829,128.771944,점촌동경로당,특정계층이용시설,경상북도 경산시 점촌길 1,-,70,30,3,2,-,아니오,아니오,아니오
의성군,36.5088342,128.4213553,쌍호2리,특정계층이용시설,경상북도 의성군 안사면 안사풍천길 1120,-,84.6,12,2,1,-,아니오,아니오,아니오
안동시,36.5185393,128.453055,신성1리경로당,특정계층이용시설,경상북도 안동시 풍천면 신성큰마길 51,-,103.02,71,2,3,-,아니오,아니오,아니오
안동시,36.523969,128.8320485,임하면분회경로당,특정계층이용시설,경상북도 안동시 임하면 충효로 3248,-,130.68,39,3,3,-,아니오,아니오,아니오
안동시,36.5259735,128.810705,신덕이덕경로당,특정계층이용시설,경상북도 안동시 임하면 이덕길 39-14,-,68.08,20,2,1,-,아니오,아니오,아니오
안동시,36.5225892,128.4469474,신성2리경로당,특정계층이용시설,경상북도 안동시 풍천면 신평풍천길 1075,-,180.02,16,2,1,-,아니오,아니오,아니오
안동시,36.5070362,128.4629406,구호리경로당,특정계층이용시설,경상북도 안동시 풍천면 신평풍천길 469,-,80.4,20,4,1,-,아니오,아니오,아니오
성주군,35.907147,128.348795,관화2경로당,특정계층이용시설,"경상북도 성주군 선남면 관화1길  35 , 관화2리마을회관",-,151,60,1,1,-,아니오,아니오,아니오
영덕군,36.5528628,129.3453193,가산1리,특정계층이용시설,경상북도 영덕군 창수면 가산1길 46-2,-,67,16,1,1,-,아니오,아니오,아니오
영천시,36.0379128,128.918725,사천1리경로당,특정계층이용시설,경상북도 영천시 화남면 천문로 1212,-,171.12,42,1,1,-,-,-,아니오
김천시,36.132233,128.229228,용밭경로당,특정계층이용시설,경상북도 김천시 남면용밭길 66,-,95,24,3,1,-,아니오,아니오,예
김천시,36.1526541,128.1844426,서원경로당,특정계층이용시설,경상북도 김천시 남면 서원길 141-8,-,44,11,2,1,-,아니오,아니오,예
김천시,36.0584448,128.2386442,상능경로당,특정계층이용시설,경상북도 김천시 남면 상릉길 86,-,52,13,2,1,-,아니오,아니오,예
김천시,36.0992439,128.2140549,운양경로당,특정계층이용시설,경상북도 김천시 남면 운양길 72,-,92,23,2,1,-,아니오,아니오,예
영주시,36.7820924,128.531262,성곡1리마을회관,특정계층이용시설,경상북도 영주시 장수면 용주로493번길 10,-,171,42,2,2,-,아니오,아니오,아니오
영주시,36.767369,128.576162,화기1리노인정,특정계층이용시설,경상북도 영주시 장수면 화계길 47,-,122,30,1,1,-,아니오,아니오,아니오
영주시,36.7640118,128.5674239,화기2리새마을회관,특정계층이용시설,경상북도 영주시 장수면 충효로2032번길 86-16,-,104,26,1,1,-,아니오,아니오,아니오
영주시,36.7496541,128.5687171,소룡1리노인회관,특정계층이용시설,경상북도 영주시 장수면 옥계로336번길 24-10,-,91,22,1,1,-,아니오,아니오,아니오
영덕군,36.3613147,129.3922644,강구4리경로당,특정계층이용시설,경상북도 영덕군 강구면 영덕대게로  133-1,-,33,8,2,1,-,아니오,아니오,아니오
김천시,36.1165743,128.1180285,노실고개길쉼터,야외시설,경상북도 김천시 노실고개길 103,-,20,2,정보없음,정보없음,-,-,-,-
김천시,36.1532832,128.1948227,대신2리경로당,특정계층이용시설,경상북도 김천시 아포읍 대신길 69-12,-,136,40,2,1,-,아니오,아니오,예
김천시,36.157394,128.234114,진등경로당,특정계층이용시설,경상북도 김천시 아포읍아포대로 960-7,-,83,33,1,1,-,아니오,아니오,예
청도군,35.6904154,128.9079979,임당2리,특정계층이용시설,경상북도 청도군 금천면 명포2길 35,-,88,22,2,1,-,아니오,아니오,아니오
김천시,36.154734,128.24954,아야경로당,특정계층이용시설,경상북도 김천시 아포읍국사4길 3,-,81,31,2,1,-,아니오,아니오,예
김천시,36.1343806,128.1190047,현대1차,야외시설,경상북도 김천시 신음새동네길 22 (신음동),-,125,12,정보없음,정보없음,-,-,-,-
봉화군,36.909857,128.876677,양촌쉼터,야외시설,경상북도 봉화군 법전면 양촌길 11,-,60,10,정보없음,정보없음,-,아니오,아니오,아니오
봉화군,36.917602,128.854674,법전1리마을회관앞,야외시설,경상북도 봉화군 법전면 용동길 54,-,60,10,정보없음,정보없음,-,아니오,아니오,아니오
안동시,36.6273436,128.5564101,신양3리경로당,특정계층이용시설,경상북도 안동시 풍산읍 오치1길 2,-,102,31,3,1,-,아니오,아니오,아니오
안동시,36.579561,128.570204,안교1리경로당,특정계층이용시설,경상북도 안동시 풍산읍 장터중앙길 59,-,244.59,190,5,4,-,아니오,아니오,아니오
의성군,36.2690878,128.6730123,대리1리경로당,특정계층이용시설,경상북도 의성군 금성면 대리리 559-1,-,71.4,52,3,1,-,아니오,아니오,아니오
의성군,36.3780547,128.5996968,괴산1경로당,특정계층이용시설,경상북도 의성군 안평면 괴산1길 57-5,-,64.52,21,2,1,-,아니오,아니오,아니오
의성군,36.3639433,128.5777965,괴산2리경로당,특정계층이용시설,경상북도 의성군 안평면 봉호로 782,-,51.84,37,2,1,-,아니오,아니오,아니오
의성군,36.3907365,128.5740763,창길2리경로당2,특정계층이용시설,경상북도 의성군 안평면 창길2길 6,-,50,10,2,1,-,아니오,아니오,아니오
의성군,36.3716688,128.6418906,월명(석탑2리),특정계층이용시설,경상북도 의성군 안평면 석탑3길 47-2,-,71.4,12,2,1,-,아니오,아니오,아니오
안동시,36.6037603,128.7842256,중가구2리경로당,특정계층이용시설,경상북도 안동시 와룡면 동악골길 270,-,91.85,33,3,1,-,아니오,아니오,아니오
안동시,36.6151014,128.7655807,와룡면분회경로당,특정계층이용시설,경상북도 안동시 와룡면 퇴계로 805,-,132.12,50,3,1,-,아니오,아니오,아니오
봉화군,36.916831,128.96022,어지1리마을회관앞,야외시설,경상북도 봉화군 법전면 녹동3길 4,-,60,10,정보없음,정보없음,-,아니오,아니오,아니오
김천시,36.2194334,128.1762993,금곡2리쉼터,야외시설,경상북도 김천시 감문면 금곡1길 41-6,-,30,3,정보없음,정보없음,-,아니오,아니오,아니오
안동시,36.561253,128.714648,보훈특별경로당,특정계층이용시설,경상북도 안동시 서경지2길 16 (태화동),-,81.45,35,2,1,-,아니오,아니오,아니오
의성군,36.4312963,128.4707201,안사1리경로당,특정계층이용시설,경상북도 의성군 안사면 안사1길 6,-,75.6,23,4,1,-,-,아니오,-
영덕군,36.3766426,129.2513168,덕산2리,특정계층이용시설,경상북도 영덕군 달산면 청련길 18-1,-,57,17,2,1,-,아니오,아니오,아니오
영덕군,36.3674522,129.2468643,봉산리,특정계층이용시설,경상북도 영덕군 달산면 주왕산로 2779-10,-,73,22,2,1,-,아니오,아니오,아니오
영덕군,36.2694788,129.3754167,부경2리경로당,특정계층이용시설,경상북도 영덕군 남정면 부경길 22,-,100,30,3,1,-,아니오,아니오,아니오
포항시,36.0253775,129.3757221,송도강변부인마을쉼터,특정계층이용시설,경상북도 포항시 남구 해동로60번길 25 (송도동),-,81,25,2,1,-,아니오,아니오,아니오
의성군,36.2646264,128.6770973,대리2리경로당,특정계층이용시설,경상북도 의성군 금성면 대리2길 16,-,168,35,3,1,-,아니오,아니오,아니오
의성군,36.2862282,128.6989841,제오1리경로당,특정계층이용시설,경상북도 의성군 금성면 공룡로 211,-,24.5,52,4,1,-,아니오,아니오,아니오
경주시,36.0020979,129.2004472,산대2리마을회관,특정계층이용시설,경상북도 경주시 안강읍 홍천길 15,-,173,52,1,1,-,아니오,아니오,아니오
의성군,36.3478245,128.7259188,상리2리경로당,특정계층이용시설,경상북도 의성군 의성읍 의성사곡로 156,-,75.7,60,2,1,-,아니오,아니오,아니오
안동시,36.548174,128.651141,계평리경로당,특정계층이용시설,경상북도 안동시 풍산읍음실길 8,-,81.99,71,4,1,-,아니오,아니오,아니오
울진군,36.6797466,129.4472992,후포5리마을회관,특정계층이용시설,경상북도 울진군 후포면후포로 45-22,-,197,49,1,1,-,아니오,아니오,아니오
울진군,36.6798272,129.4636539,후포4리마을회관,특정계층이용시설,경상북도 울진군 후포면후포로 235-1,-,54,13,2,1,-,아니오,아니오,아니오
의성군,36.3392107,128.4958979,이두2리마을회관,특정계층이용시설,경상북도 의성군 비안면 이두2길 80,-,99.19,20,2,1,-,-,아니오,-
의성군,36.2891967,128.6801684,하2리경로당,특정계층이용시설,경상북도 의성군 금성면 동부로 2743-19,-,74.8,24,2,1,-,아니오,아니오,아니오
의성군,36.3492676,128.6992282,도동1리경로당,특정계층이용시설,경상북도 의성군 의성읍 문소1길 103-3,-,92.43,75,3,1,-,아니오,아니오,아니오
의성군,36.3429549,128.7045926,도동3리경로당,특정계층이용시설,경상북도 의성군 의성읍 원흥1길 58-4,-,70.24,55,1,1,-,아니오,아니오,아니오
의성군,36.2604502,128.6696514,명덕1리경로당,특정계층이용시설,경상북도 의성군 금성면 명덕길 84-10,-,65.7,10,2,1,-,아니오,아니오,아니오
의성군,36.288788,128.5827613,도원2리경로당,특정계층이용시설,경상북도 의성군 봉양면 도원리 산 49-3,-,107.5,14,2,1,-,아니오,아니오,아니오
울진군,36.6862302,129.4603683,후포1리마을회관,특정계층이용시설,경상북도 울진군 후포면후포7길 63,-,174,43,2,1,-,아니오,아니오,아니오
울진군,36.6829316,129.4579904,후포2리마을회관,특정계층이용시설,경상북도 울진군 후포면후포로 160,-,202,50,1,1,-,아니오,아니오,아니오
영덕군,36.4099811,129.3686426,남석3리경로당겸마을회관,특정계층이용시설,경상북도 영덕군 영덕읍 남석1길 33,-,66,17,6,1,-,아니오,아니오,아니오
의성군,36.2853872,128.6280987,장대리(분명)경로당,특정계층이용시설,경상북도 의성군 봉양면 장대2길 32-4,-,67.5,12,2,1,-,아니오,아니오,아니오
영덕군,36.4114303,129.3739861,덕곡2리경로당겸마을회관,특정계층이용시설,경상북도 영덕군 영덕읍 덕곡길 51,-,99.96,25,1,1,-,아니오,아니오,아니오
영주시,36.8012291,128.5870743,두전4리경로당,특정계층이용시설,경상북도 영주시 장수면 장수로342번길 79-15,-,83,20,2,1,-,아니오,아니오,아니오
영주시,36.7792989,128.5485501,갈산1리마을회관,특정계층이용시설,경상북도 영주시 장수면 용주로300번길 7,-,99,24,1,1,-,아니오,아니오,아니오
김천시,36.2161356,128.2307723,덕남2리쉼터,야외시설,경상북도 김천시 감문면 덕남길 233,-,30,3,정보없음,정보없음,-,아니오,아니오,아니오
안동시,36.725949,128.805405,의일2리경로당,특정계층이용시설,경상북도 안동시 도산면송온길 202,-,90.29,20,3,1,-,아니오,아니오,아니오
영주시,36.7945701,128.5614499,갈산2리마을회관,특정계층이용시설,경상북도 영주시 장수면 장수로 646,-,101,25,2,1,-,아니오,아니오,아니오
영주시,36.8728234,128.5317081,동부3리경로당,특정계층이용시설,경상북도 영주시 풍기읍 동성로70번길 81,-,99.96,30,2,2,-,아니오,아니오,아니오
경주시,35.8000418,129.4334158,와읍능곡회관,특정계층이용시설,경상북도 경주시 문무대왕면 능골연당길 36,-,130,39,2,1,-,아니오,아니오,아니오
경주시,35.807229,129.415646,안동1리마을회관,특정계층이용시설,경상북도 경주시 문무대왕면 안동양지길 57,-,126,38,2,1,-,-,아니오,아니오
청도군,35.671951,128.89346,신지2리,특정계층이용시설,경상북도 청도군 금천면선암로 396-4,-,218,54,2,1,-,아니오,아니오,아니오
청도군,35.6561107,128.8757363,남양1리(골마),특정계층이용시설,경상북도 청도군 매전면 아음길 4,-,65.55,15,2,1,-,아니오,아니오,아니오
영천시,35.9606984,128.940061,7통경로당,특정계층이용시설,경상북도 영천시 약전1길 17 (완산동),-,84,21,2,1,-,-,-,아니오
예천군,36.6266112,128.5051424,백골경로당,특정계층이용시설,경상북도 예천군 호명읍 백골길 128,-,69,17,1,1,-,아니오,아니오,아니오
고령군,35.74323,128.25014,화갑경로당,특정계층이용시설,경상북도 고령군 대가야읍중화1길 4,-,103.5,31,1,1,-,아니오,아니오,아니오
청도군,35.6401059,128.8457787,호화1리,특정계층이용시설,경상북도 청도군 매전면 호방길 8-1,-,91.55,22,3,2,-,아니오,아니오,아니오
청도군,35.649581,128.8523474,호화2리,특정계층이용시설,경상북도 청도군 매전면 동화길 69,-,83.9,20,3,1,-,아니오,아니오,아니오
청도군,35.6235812,128.8238704,예전2리,특정계층이용시설,경상북도 청도군 매전면 가례길 26,-,99.75,24,3,4,-,아니오,아니오,아니오
청도군,35.612496,128.8292831,내1리,특정계층이용시설,경상북도 청도군 매전면 내동길 54-7,-,112.05,28,3,1,-,아니오,아니오,아니오
청도군,35.6079161,128.8411577,내2리,특정계층이용시설,경상북도 청도군 매전면 내동길 196-6,-,86.14,21,3,1,-,아니오,아니오,아니오
고령군,35.774398,128.226612,큰돌경로당,특정계층이용시설,경상북도 고령군 덕곡면 인곡1길 25,-,419.94,127,1,1,-,아니오,아니오,아니오
상주시,36.5439,128.1432,여물2리마을회관,특정계층이용시설,경상북도 상주시 이안면여물3길 29,-,75,23,3,2,-,아니오,아니오,아니오
고령군,35.75284,128.377144,성산면분회,특정계층이용시설,경상북도 고령군 성산면성암로 9,-,331.32,100,1,1,-,아니오,아니오,아니오
포항시,36.2000457,129.338849,덕성2리마을쉼터,특정계층이용시설,경상북도 포항시 북구 청하면 청하로233번길 18,-,108,19,2,1,-,아니오,아니오,아니오
포항시,36.2021452,129.3387894,덕천리마을쉼터,특정계층이용시설,경상북도 포항시 북구 청하면 청하로249번길 27,-,116,39,10,2,-,아니오,아니오,아니오
상주시,36.5364,128.1719,역곡리경로당,특정계층이용시설,경상북도 상주시 공검면 역곡아래담길 1,-,50,50,2,1,-,아니오,아니오,아니오
상주시,36.3123,128.0784,인창1리마을회관,특정계층이용시설,경상북도 상주시 공성면 인창2길 88,-,87,25,2,1,-,아니오,아니오,아니오
울릉군,37.541012,130.874445,천부1리경로당,특정계층이용시설,경상북도 울릉군 북면 천부1길 16-7,-,120.4,30,2,1,-,-,아니오,-
고령군,35.7709589,128.2995362,하법경로당,특정계층이용시설,경상북도 고령군 운수면 하법길 23,-,111.45,34,1,1,-,아니오,아니오,아니오
경산시,35.820268,128.823871,자인농협,생활밀착민간시설,"경상북도 경산시 자인면 금학로  10 , 자인농협",-,1124,100,8,4,-,아니오,아니오,아니오
봉화군,36.859066,128.900714,명호보건지소앞,야외시설,경상북도 봉화군 명호면 청량로 1157,-,60,10,정보없음,정보없음,-,아니오,아니오,아니오
봉화군,36.804045,128.730665,창팔쉼터,야외시설,경상북도 봉화군 상운면 귀내창팔길 220,-,60,10,정보없음,정보없음,-,아니오,아니오,아니오
구미시,36.125592,128.362464,푸르미공원,야외시설,경상북도 구미시 야은로43길 14-13,-,11.7,2,정보없음,정보없음,-,아니오,아니오,아니오
고령군,35.749544,128.243072,낫질통합경로당,특정계층이용시설,경상북도 고령군 대가야읍 중화2길 41 (낫질노인회관),-,87.22,26,1,1,-,아니오,아니오,아니오
안동시,36.555748,128.5247683,하회2리경로당,특정계층이용시설,경상북도 안동시 풍천면 하회서원마을길 66-11,-,105.6,26,2,1,-,아니오,아니오,아니오
안동시,36.5723789,128.5268958,가곡1리경로당,특정계층이용시설,경상북도 안동시 풍천면 가일길 3,-,95.16,30,2,2,-,아니오,아니오,아니오
칠곡군,36.0430917,128.3420679,복성6리경로당,특정계층이용시설,경상북도 칠곡군 약목면 복성15길 38 (우영아파트),-,40,10,1,1,-,아니오,아니오,아니오
경산시,35.882703,128.789963,화성경로당,특정계층이용시설,경상북도 경산시 하양읍 환소1길 10,-,120,30,4,1,-,아니오,아니오,아니오
고령군,35.7474013,128.2122989,낙골경로당,특정계층이용시설,경상북도 고령군 대가야읍 신리3길 60,-,40.56,12,1,1,-,아니오,아니오,아니오
영양군,36.5605792,129.1156814,지경경로당,특정계층이용시설,경상북도 영양군 석보면 석보로 338,-,96,30,0,4,-,아니오,-,아니오
예천군,36.4891206,128.2809564,효갈2경로당,특정계층이용시설,경상북도 예천군 풍양면 덕암로 1269,-,115,28,3,1,-,예,예,아니오
예천군,36.783903,128.4141837,두성리경로당,특정계층이용시설,경상북도 예천군 효자면 새별길 23,-,85,21,1,1,-,아니오,아니오,아니오
예천군,36.822963,128.460292,고항경로당,특정계층이용시설,경상북도 예천군 효자면 어동길 5,-,89,22,1,1,-,아니오,아니오,아니오
예천군,36.792331,128.458182,석묘리부인회관,특정계층이용시설,경상북도 예천군 효자면 은풍로 664,-,84,21,1,1,-,아니오,아니오,아니오
고령군,35.75019,128.218411,옥담경로당,특정계층이용시설,경상북도 고령군 대가야읍 낫질로 570,-,66.9,20,1,1,-,아니오,아니오,아니오
포항시,35.95644,129.40336,문덕11리경로당,특정계층이용시설,경상북도 포항시 남구 오천읍 문덕로63번길 6-12,-,83,11,1,1,-,아니오,아니오,아니오
의성군,36.4957001,128.389844,봉정1리삼학경로당,특정계층이용시설,경상북도 의성군 다인면자미로 776-9,-,61.78,12,1,1,-,아니오,아니오,아니오
구미시,36.1286802,128.3172734,금오산어울림1단지경로당,특정계층이용시설,"경상북도 구미시 선기로3길 51 (남통동, 금오산 금호어울림 1단지)",-,121,30,1,1,-,아니오,아니오,아니오
포항시,36.190257,129.332667,하대리마을쉼터,특정계층이용시설,경상북도 포항시 북구 청하면 청하로151번길 87-27,-,157,48,2,2,-,아니오,아니오,아니오
포항시,36.1894669,129.320251,상대리마을쉼터,특정계층이용시설,경상북도 포항시 북구 청하면 비학로1860번길 31,-,100,32,1,3,-,아니오,아니오,아니오
포항시,36.1910207,129.3111345,서정1리마을쉼터,특정계층이용시설,경상북도 포항시 북구 청하면 비학로1785번길 7,-,86,27,2,2,-,아니오,아니오,아니오
김천시,36.1866824,128.2482469,양산경로당,특정계층이용시설,경상북도 김천시 아포읍 지2길 86,-,99,25,2,2,-,아니오,아니오,아니오
김천시,36.1778476,128.2531026,야동경로당,특정계층이용시설,경상북도 김천시 아포읍야리길 85-9,-,172,43,2,1,-,아니오,아니오,예
김천시,36.1832127,128.253586,황소경로당,특정계층이용시설,경상북도 김천시 아포읍 황소길 118,-,192,48,2,1,-,아니오,아니오,아니오
영양군,36.649059,129.2052516,무창2리경로당,특정계층이용시설,경상북도 영양군 영양읍 낙동정맥로 182,-,98,24,1,2,-,-,-,아니오
영양군,36.6195453,129.1993478,무창3리경로당,특정계층이용시설,경상북도 영양군 영양읍 금지1길 10-4,-,97.8,24,1,2,-,-,-,아니오
영양군,36.6567865,129.1422257,대천2리경로당,특정계층이용시설,경상북도 영양군 영양읍 옥산3길 9,-,110.95,27,3,1,-,아니오,-,아니오
영양군,36.664726,129.1131177,서부경로당,특정계층이용시설,경상북도 영양군 영양읍 옥골1길 5,-,116.2,29,2,1,-,아니오,-,아니오
김천시,36.149058,128.2199753,봉산1리(신기)경로당,특정계층이용시설,경상북도 김천시 아포읍 봉산리4길 38,-,72,18,1,1,-,아니오,아니오,예
안동시,36.5668759,128.705814,연화경로당,특정계층이용시설,경상북도 안동시 말구리5길 10 (태화동),-,50.61,20,2,2,-,아니오,아니오,아니오
안동시,36.5651113,128.709495,원동경로당,특정계층이용시설,경상북도 안동시 원동2길 16-1 (태화동),-,37.82,20,3,2,-,아니오,아니오,아니오
의성군,36.5161508,128.424751,도금물(쌍호2리),특정계층이용시설,경상북도 의성군 안사면 쌍호3길 27,-,62.6,10,2,1,-,아니오,아니오,아니오
의성군,36.4358961,128.726262,송내1리,특정계층이용시설,경상북도 의성군 점곡면송내1길 1,-,85.21,16,3,1,-,아니오,아니오,아니오
의성군,36.3145481,128.6164069,문흥2리경로당,특정계층이용시설,경상북도 의성군 봉양면 문흥4길 11,-,98.85,48,1,1,-,아니오,아니오,아니오
의성군,36.3257686,128.6538988,분토1리경로당,특정계층이용시설,경상북도 의성군 봉양면 엄현길 18,-,98.7,42,1,1,-,아니오,아니오,아니오
칠곡군,36.0703571,128.3406919,인평10리경로당,특정계층이용시설,경상북도 칠곡군 북삼읍 인강8길 18,-,56,14,2,1,-,아니오,아니오,아니오
상주시,36.3281,128.0366,효곡2리경로당,특정계층이용시설,경상북도 상주시 공성면 효곡로 461,-,72,20,2,1,-,아니오,아니오,아니오
포항시,36.0776344,129.5617899,대보2리마을쉼터,특정계층이용시설,경상북도 포항시 남구 호미곶면 해맞이로 173,-,306,93,1,1,-,아니오,아니오,아니오
포항시,36.0683652,129.5671782,대보1리마을쉼터,특정계층이용시설,경상북도 포항시 남구 호미곶면 대천길 5,-,520,158,2,1,-,아니오,아니오,아니오
포항시,35.9688542,129.362518,송동부녀마을쉼터,특정계층이용시설,경상북도 포항시 남구 대송면 운제로 219,-,45,14,2,1,-,아니오,아니오,아니오
포항시,35.9671778,129.3641691,상송부녀마을쉼터,특정계층이용시설,경상북도 포항시 남구 대송면 운제로227번길 26,-,70,21,2,1,-,아니오,아니오,아니오
예천군,36.6197717,128.4826267,월포리경로당,특정계층이용시설,경상북도 예천군 호명읍 인포길 36,-,31,7,1,1,-,아니오,아니오,아니오
구미시,36.150903,128.329465,퇴경공원,야외시설,경상북도 구미시 고아읍 관심5길 3,-,7.9,2,정보없음,정보없음,-,아니오,아니오,아니오
구미시,36.2832424,128.2337187,대원1노인회관,특정계층이용시설,경상북도 구미시 옥성면 대원1길 34-5,-,66,17,1,1,-,아니오,아니오,아니오
포항시,36.0312174,129.5595309,강사3리마을쉼터,특정계층이용시설,경상북도 포항시 남구 호미곶면 명월길 258,-,146,44,2,1,-,아니오,아니오,아니오
포항시,36.0488779,129.5768623,강사2리마을쉼터,특정계층이용시설,경상북도 포항시 남구 호미곶면 일출로 679-2,-,227,69,1,1,-,아니오,아니오,아니오
경산시,35.7982734,128.8731452,미산숲,야외시설,경상북도 경산시 용성면 내촌길 219,-,140,14,정보없음,정보없음,-,-,-,-
포항시,35.9810219,129.4443699,포항코아루블루인시티경로당,특정계층이용시설,경상북도 포항시 남구 동해면 연오로 91,-,115,14,1,1,-,아니오,아니오,아니오
포항시,35.9889103,129.4476561,영남대자연맨션2차경로당,특정계층이용시설,경상북도 포항시 남구 동해면 일월로 139,-,34,25,1,1,-,아니오,아니오,아니오
포항시,35.9890363,129.4453138,영남동해타운마을쉼터,특정계층이용시설,경상북도 포항시 남구 동해면 일월로109번길 10 (영남동해타운),-,47,14,2,1,-,아니오,아니오,아니오
포항시,35.989417,129.45092,약전3리마을쉼터,특정계층이용시설,경상북도 포항시 남구 동해면 약전로8번길 10 (일동아파트),-,52,16,1,1,-,아니오,아니오,아니오
포항시,36.0647612,129.373133,아이파크2차마을쉼터,특정계층이용시설,"경상북도 포항시 북구 대곡로 21 (두호동, 창포2차아이파크)",-,100,30,1,1,-,아니오,아니오,아니오
고령군,35.8290768,128.419121,고방경로당,특정계층이용시설,경상북도 고령군 다산면 다산로 1459,-,339.98,103,1,1,-,아니오,아니오,아니오
포항시,36.2133462,129.3518428,하송2리마을쉼터,특정계층이용시설,경상북도 포항시 북구 송라면 동해대로 2763,-,100,30,1,1,-,아니오,아니오,아니오
포항시,36.2368204,129.3284361,중산1리마을쉼터,특정계층이용시설,경상북도 포항시 북구 송라면 중리길 95,-,41,12,1,1,-,아니오,아니오,아니오
포항시,36.2378324,129.3847595,화진1리마을쉼터,특정계층이용시설,경상북도 포항시 북구 송라면 봉화길 231,-,50,15,1,1,-,아니오,아니오,아니오
포항시,36.2334575,129.3822591,방석2리마을쉼터,특정계층이용시설,경상북도 포항시 북구 송라면 봉화길 171,-,30,9,1,1,-,아니오,아니오,아니오
포항시,36.0649506,129.365633,두호주공3차마을쉼터,특정계층이용시설,"경상북도 포항시 북구 창흥로 68 (창포동, 두호주공3차아파트)",-,20,6,1,2,-,아니오,아니오,아니오
포항시,36.0670634,129.3701033,창포복지관마을쉼터,특정계층이용시설,"경상북도 포항시 북구 새천년대로1075번길 10 (창포동, 창포주공1단지아파트)",-,119,36,1,1,-,아니오,아니오,아니오
포항시,36.065906,129.371025,창포주공2단지마을쉼터,특정계층이용시설,경상북도 포항시 북구 새천년대로1123번길 9 (창포주공2단지아파트203동),-,82,25,1,1,-,아니오,아니오,아니오
상주시,36.37,127.9546,신촌2리마을회관,특정계층이용시설,경상북도 상주시 화동면 원신촌길 18-11,-,66,18,0,1,-,아니오,아니오,아니오
안동시,36.7698979,128.812693,운곡리경로당,특정계층이용시설,경상북도 안동시 도산면용수길 245,-,77.21,22,2,1,-,아니오,아니오,아니오
포항시,36.0638088,129.3749959,아이파크3차마을쉼터,특정계층이용시설,"경상북도 포항시 북구 새천년대로1076번길 38 (두호동, 창포아이파크3차아파트)",-,100,30,1,1,-,아니오,아니오,아니오
안동시,36.6857961,128.9143708,청구경로당,특정계층이용시설,경상북도 안동시 예안면 청구길 10,-,76.8,30,3,1,-,아니오,아니오,아니오
영주시,36.7883832,128.7199161,천본1리노인회관,특정계층이용시설,경상북도 영주시 평은면천상로 635,-,90,23,4,1,-,아니오,아니오,아니오
칠곡군,35.995558,128.436604,매원1리경로당,특정계층이용시설,경상북도 칠곡군 왜관읍 매원3길  99,-,138,30,2,1,-,아니오,아니오,아니오
칠곡군,35.989082,128.41766,매원3리경로당,특정계층이용시설,경상북도 칠곡군 왜관읍 매원새마길  16,-,81,20,2,1,-,아니오,아니오,아니오
안동시,36.559182,128.715183,서경지경로당,특정계층이용시설,경상북도 안동시 서경지5길 51 (태화동),-,55.76,25,3,2,-,아니오,아니오,아니오
칠곡군,36.036481,128.3617258,복성5리경로당,특정계층이용시설,경상북도 칠곡군 약목면 복성11길 18-1,-,82.74,20,2,1,-,아니오,아니오,아니오
안동시,36.5592844,128.7065506,태화우성아파트경로당,특정계층이용시설,"경상북도 안동시 어가골윗길 10-3 (태화동, 우성아파트)",-,72,28,3,2,-,아니오,아니오,아니오
안동시,36.5615191,128.714944,영가경로당,특정계층이용시설,경상북도 안동시 서경지2길 17-3 (태화동),-,42.05,17,3,2,-,아니오,아니오,아니오
경주시,35.987718,129.223349,양월6리마을회관,특정계층이용시설,경상북도 경주시 안강읍 칠평로  42,-,149,45,2,1,-,아니오,아니오,아니오
경주시,36.020005,129.214973,육통1리경로당,특정계층이용시설,경상북도 경주시 안강읍 육통중앙길  31-2,-,92,28,1,1,-,아니오,아니오,아니오
포항시,35.9891716,129.449596,하야로비마을쉼터,특정계층이용시설,경상북도 포항시 남구 동해면 일월로155번길 11 (하야로비1차아파트),-,22,7,1,1,-,아니오,아니오,아니오
포항시,35.9896602,129.4509761,일동아파트마을쉼터,특정계층이용시설,경상북도 포항시 남구 동해면 약전로8번길 10 (일동아파트),-,28,8,1,1,-,아니오,아니오,아니오
포항시,35.9769355,129.4568851,신정1리마을쉼터,특정계층이용시설,경상북도 포항시 남구 동해면 금광로 332,-,95,29,1,1,-,아니오,아니오,아니오
안동시,36.671506,128.635472,신전1리경로당,특정계층이용시설,경상북도 안동시 북후면 산북로 729,-,105.95,79,2,4,-,아니오,아니오,아니오
포항시,35.9907691,129.3235634,중단2리경로당(구.서산노인회),특정계층이용시설,경상북도 포항시 남구 연일읍 원서길209번길 10,-,74.4,25,1,1,-,아니오,아니오,아니오
포항시,36.0653568,129.3666971,창포메트로시티1단지마을쉼터,특정계층이용시설,"경상북도 포항시 북구 우창로 164 (창포동, 창포메트로시티1단지)",-,148,23,1,4,-,아니오,아니오,아니오
고령군,35.760367,128.262694,후암1리경로당,특정계층이용시설,경상북도 고령군 덕곡면 후암1길 16,-,97.32,29,1,1,-,아니오,아니오,아니오
예천군,36.613561,128.49844,상간산경로당,특정계층이용시설,경상북도 예천군 호명읍 상간산길 10-3,-,105,26,1,1,-,아니오,아니오,아니오
포항시,36.1985138,129.3392335,덕성1리마을쉼터,특정계층이용시설,경상북도 포항시 북구 청하면 청하로 211-10,-,99,24,2,1,-,아니오,아니오,아니오
예천군,36.613809,128.490828,하간산경로당,특정계층이용시설,경상북도 예천군 호명읍 하간산길 56,-,57,14,1,1,-,아니오,아니오,아니오
예천군,36.6115052,128.5233529,직산1리새마을경로당,특정계층이용시설,경상북도 예천군 호명읍 새마을길 21,-,63,15,1,1,-,아니오,아니오,아니오
예천군,36.6321036,128.4957331,논실경로당,특정계층이용시설,경상북도 예천군 호명읍 논실길 32,-,30,7,1,1,-,아니오,아니오,아니오
예천군,36.6451321,128.5037987,소망실경로당,특정계층이용시설,경상북도 예천군 호명읍 소망실길 27,-,56,14,1,1,-,아니오,아니오,아니오
포항시,35.8861127,129.5273934,신창2리마을쉼터,특정계층이용시설,경상북도 포항시 남구 장기면 동해안로3404번길 40-26,-,69,21,1,1,-,아니오,아니오,아니오
문경시,36.588342,128.197677,거산아파트쉼터,야외시설,경상북도 문경시 신흥로 74,-,10,2,정보없음,정보없음,-,-,-,-
영주시,36.8309861,128.683733,석포2리경로당,특정계층이용시설,경상북도 영주시 이산면 이산로 513-10,-,83.76,20,3,1,-,아니오,아니오,아니오
영주시,36.8126196,128.6733556,용상1리경로당,특정계층이용시설,경상북도 영주시 이산면 영봉로327번길 65,-,46,11,2,1,-,아니오,아니오,아니오
김천시,36.078951,128.1996,연명마을회관,특정계층이용시설,경상북도 김천시 농소면 연명1길 249,-,120,30,1,2,-,-,-,-
고령군,35.76231,128.295581,삼하정경로당,특정계층이용시설,경상북도 고령군 운수면 새구름길 37-7,-,152.9,46,1,1,-,아니오,아니오,아니오
고령군,35.708557,128.248453,칠등경로당,특정계층이용시설,경상북도 고령군 쌍림면 칠등길 43,-,270.96,82,1,1,-,아니오,아니오,아니오
예천군,36.6167558,128.3727734,우감1경로당,특정계층이용시설,경상북도 예천군 개포면우감1길 50,-,90,22,1,1,-,예,예,아니오
예천군,36.6049958,128.3802049,우감2(소감)경로당,특정계층이용시설,경상북도 예천군 개포면우감2길 163-1,-,98,24,1,1,-,예,예,아니오
고령군,35.779159,128.231402,예리경로당,특정계층이용시설,경상북도 고령군 덕곡면 예동길 7 (예리동회관),-,84.9,26,1,1,-,아니오,아니오,아니오
고령군,35.775157,128.237279,소형전경로당,특정계층이용시설,경상북도 고령군 덕곡면 덕운로 505-4 (소형전노인회관),-,66.5,20,1,1,-,아니오,아니오,아니오
고령군,35.770949,128.244396,반성1리경로당,특정계층이용시설,경상북도 고령군 덕곡면 원앞길 23-2 (반성2리노인회관),-,79.76,24,1,1,-,아니오,아니오,아니오
고령군,35.765184,128.252991,반성2리경로당,특정계층이용시설,경상북도 고령군 덕곡면 양산길 22-6 (반성2리마을회관),-,108.03,33,1,1,-,아니오,아니오,아니오
포항시,36.039762,129.5777921,강사1리마을쉼터,특정계층이용시설,경상북도 포항시 남구 호미곶면 일출로 571,-,82,25,2,1,-,아니오,아니오,아니오
고령군,35.761332,128.247114,후암2리경로당,특정계층이용시설,경상북도 고령군 덕곡면 지사동길 81 (후암2리회관),-,104.07,31,1,1,-,아니오,아니오,아니오
고령군,35.767609,128.239782,만하경로당,특정계층이용시설,경상북도 고령군 덕곡면 만하동길 39,-,103.7,31,1,1,-,아니오,아니오,아니오
김천시,36.205603,128.1031318,도암1리구시리경로당,특정계층이용시설,경상북도 김천시 어모면 도암1길 65,-,172,43,2,1,-,-,-,예
포항시,36.0489854,129.361249,대동우방마을쉼터,특정계층이용시설,경상북도 포항시 북구 중앙로 413-22 (우현동),-,83,25,1,2,-,아니오,아니오,아니오
김천시,36.2259962,128.056323,능치4리능점경로당,특정계층이용시설,경상북도 김천시 어모면 능치2길 35,-,176,44,5,1,-,아니오,아니오,예
김천시,36.2326449,128.0657917,능치1리능청경로당,특정계층이용시설,경상북도 김천시 어모면 능치1길 42,-,64,16,1,1,-,아니오,아니오,예
김천시,36.2318755,128.0841187,옥계2리평성경로당,특정계층이용시설,경상북도 김천시 어모면 작점로 998,-,188,47,3,1,-,-,-,예
김천시,36.2305796,128.0989324,구례3리여남경로당,특정계층이용시설,경상북도 김천시 어모면 구례6길 13,-,116,29,0,1,-,아니오,아니오,예
예천군,36.6086409,128.3663394,신음경로당,특정계층이용시설,경상북도 예천군 개포면신음리길 28-14,-,369,92,1,1,-,예,예,아니오
고령군,35.801254,128.288157,대평2리경로당,특정계층이용시설,경상북도 고령군 운수면 안흑수길 9 (대평2리마을회관),-,90.15,27,1,1,-,아니오,아니오,아니오
고령군,35.715158,128.344162,개포2리경로당,특정계층이용시설,경상북도 고령군 개진면 시례길 97,-,295.74,89,1,1,-,아니오,아니오,아니오
경산시,35.846576,128.770995,압량리경로당,특정계층이용시설,경상북도 경산시 압량읍압량길 69,-,130,32,5,2,-,아니오,아니오,아니오
포항시,35.9695718,129.454889,금광1리마을쉼터,특정계층이용시설,경상북도 포항시 남구 동해면 금광로238번길 7-7,-,108,33,1,1,-,아니오,아니오,아니오
안동시,36.638458,128.779413,지내1리경로당,특정계층이용시설,경상북도 안동시 와룡면 먹골길 28-6,-,82.46,80,4,1,-,아니오,아니오,아니오
포항시,35.9900739,129.4755493,삼양아파트경로당,특정계층이용시설,경상북도 포항시 남구 동해면 일월로375번길 45 (삼양전원타운),-,99,25,1,1,-,아니오,아니오,아니오
포항시,36.0625654,129.3764,해후당마을쉼터,특정계층이용시설,경상북도 포항시 북구 삼호로265번길 36-7 (두호동),-,112,34,1,2,-,아니오,아니오,아니오
영양군,36.6563421,129.0252976,구매1리발매경로당,특정계층이용시설,경상북도 영양군 청기면 발매길 26,-,80.3,12,2,1,-,아니오,-,아니오
영양군,36.6599949,129.0616402,청기리경로당,특정계층이용시설,경상북도 영양군 청기면 청기4길 3,-,85.8,41,3,1,-,아니오,-,아니오
김천시,36.1708456,128.1222635,남산1리상남경로당,특정계층이용시설,경상북도 김천시 어모면 남산2길 85,-,200,50,1,1,-,아니오,아니오,예
김천시,36.2000752,128.1250467,덕마1리상덕경로당,특정계층이용시설,경상북도 김천시 어모면 덕마길 393,-,100,25,2,1,-,아니오,아니오,예
김천시,36.190171,128.1302486,군자3리들미기경로당,특정계층이용시설,경상북도 김천시 어모면 덕마길 139,-,64,16,1,1,-,아니오,아니오,예
김천시,36.164802,128.1428136,다남2리진목경로당,특정계층이용시설,경상북도 김천시 어모면 다남2길 172,-,136,34,3,2,-,아니오,아니오,예
포항시,36.063822,129.372829,아이파크1차마을쉼터,특정계층이용시설,경상북도 포항시 북구 대곡로 7 (창포1차아이파크 103동),-,100,30,2,1,-,아니오,아니오,아니오
포항시,36.0689105,129.3813811,청우대림2차마을쉼터,특정계층이용시설,경상북도 포항시 북구 삼흥로74번길 19 (두호동),-,30,9,2,2,-,아니오,아니오,아니오
울진군,36.7247489,129.4392163,황토빌라쉼터,야외시설,경상북도 울진군 평해읍 평해5길 77-1,-,15,8,정보없음,정보없음,-,아니오,아니오,아니오
포항시,36.070201,129.380606,산호그린7차아파트경로당,특정계층이용시설,경상북도 포항시 북구 삼흥로88번길 11 (산호그린7차아파트),-,정보없음,정보없음,정보없음,정보없음,-,-,-,-
칠곡군,35.960845,128.398864,금산리경로당,특정계층이용시설,경상북도 칠곡군 왜관읍 강창1길  15-4,-,180,40,4,2,-,아니오,아니오,아니오
칠곡군,35.943171,128.414636,낙산3리마을회관경로당,특정계층이용시설,"경상북도 칠곡군 왜관읍 부동2길  6 , 낙산3리마을회관경로당",-,144,40,2,1,-,아니오,아니오,아니오
칠곡군,35.920938,128.411406,금남2리마을회관경로당,특정계층이용시설,"경상북도 칠곡군 왜관읍 금남7길  35-23, 금남마을회관경로당",-,325,30,2,2,-,아니오,아니오,아니오
칠곡군,36.009593,128.421018,아곡리경로당,특정계층이용시설,경상북도 칠곡군 왜관읍 석전로  271-1,-,235,100,3,1,-,아니오,아니오,아니오
안동시,36.716539,128.642022,월전직곡경로당,특정계층이용시설,경상북도 안동시 북후면 납들고개길 21,-,125.65,45,4,2,-,아니오,아니오,아니오
안동시,36.592439,128.633059,노리석교마을경로당,특정계층이용시설,경상북도 안동시 풍산읍 석교길 20-3,-,76.28,26,2,1,-,아니오,아니오,아니오
칠곡군,35.934303,128.414969,낙산2리경로당,특정계층이용시설,경상북도 칠곡군 왜관읍 보병1길 71,-,126,15,0,1,-,아니오,아니오,아니오
칠곡군,35.991409,128.403377,왜관10리경로당,특정계층이용시설,경상북도 칠곡군 왜관읍 회동3길 34,-,132,15,7,2,-,아니오,아니오,아니오
경산시,35.7941,128.8755,용성경로당,특정계층이용시설,경상북도 경산시 용성면용성당리1길 12,-,106,30,6,1,-,아니오,아니오,아니오
칠곡군,35.998895,128.454408,봉계리경로당,특정계층이용시설,경상북도 칠곡군 왜관읍 봉계1길 7,-,72,10,3,1,-,아니오,아니오,아니오
칠곡군,35.991074,128.398523,송죽경로당,특정계층이용시설,경상북도 칠곡군 왜관읍 중앙로2길 46,-,59,15,2,1,-,아니오,아니오,아니오
칠곡군,35.994168,128.431122,매원2리경로당,특정계층이용시설,경상북도 칠곡군 왜관읍 매원1길 29,-,132,30,2,2,-,아니오,아니오,아니오
칠곡군,35.932766,128.409919,금남1리경로당,특정계층이용시설,경상북도 칠곡군 왜관읍 금남2길 51,-,131,20,1,1,-,아니오,아니오,아니오
포항시,35.9432393,129.4078742,용산2리마을쉼터,특정계층이용시설,경상북도 포항시 남구 오천읍 정몽주로 258-6,-,100,30,1,1,-,아니오,아니오,아니오
포항시,35.896765,129.448364,신기마을쉼터,특정계층이용시설,경상북도 포항시 남구 장기면 산서길237번길 26-13,-,56,17,1,1,-,아니오,아니오,아니오
포항시,35.9285115,129.5018783,학계리마을쉼터,특정계층이용시설,경상북도 포항시 남구 장기면 학삼길131번길 28,-,95,29,1,1,-,아니오,아니오,아니오
의성군,36.376122,128.3827892,한마음(단밀),특정계층이용시설,경상북도 의성군 단밀면 주속길 64,-,20,23,1,1,-,아니오,아니오,아니오
의성군,36.4956262,128.431938,월소2리,특정계층이용시설,경상북도 의성군 안사면월소2길 47-1,-,76.1,15,1,1,-,아니오,아니오,아니오
의성군,36.5068412,128.35898,덕미2리음곤경로당,특정계층이용시설,경상북도 의성군 다인면 덕미3길 35-2,-,26.44,5,1,1,-,아니오,아니오,아니오
안동시,36.673687,128.723682,연곡1리경로당,특정계층이용시설,경상북도 안동시 북후면 종실길 27,-,135,39,3,1,-,아니오,아니오,아니오
포항시,36.0061169,129.3329328,에스케이뷰1차은빛마을쉼터,특정계층이용시설,"경상북도 포항시 남구 새천년대로 306 (효자동, 포항효자웰빙타운에스케이뷰)",-,158.4,29,1,1,-,아니오,아니오,아니오
봉화군,36.8859367,128.6857165,도촌2리경로당,특정계층이용시설,경상북도 봉화군 봉화읍 율리길 71,-,77,19,2,1,-,아니오,아니오,아니오
봉화군,36.8629783,128.6818837,문단2리경로당,특정계층이용시설,경상북도 봉화군 봉화읍 봉화로 439-1,-,121.46,30,1,2,-,아니오,아니오,아니오
봉화군,36.8894013,128.7413509,내성1리경로당,특정계층이용시설,경상북도 봉화군 봉화읍 내성로4길 20,-,47,11,2,1,-,아니오,아니오,아니오
봉화군,36.8894056,128.7413295,봉화읍경로당,특정계층이용시설,경상북도 봉화군 봉화읍 내성로4길 20,-,100,25,1,1,-,아니오,아니오,아니오
경산시,35.854905,128.775084,용암리경로당,특정계층이용시설,경상북도 경산시 압량읍용암길 81,-,94,23,5,3,-,아니오,아니오,아니오
고령군,35.764904,128.266537,월산1리경로당,특정계층이용시설,경상북도 고령군 운수면 선듬길 45,-,95.56,29,1,1,-,아니오,아니오,아니오
고령군,35.762021,128.278017,월산2리경로당,특정계층이용시설,경상북도 고령군 운수면 가남2길 42,-,96.15,29,1,1,-,아니오,아니오,아니오
고령군,35.788744,128.262694,화암1리경로당,특정계층이용시설,경상북도 고령군 운수면 꽃질1길 23,-,161.2,49,1,1,-,아니오,아니오,아니오
고령군,35.778978,128.270686,화암2리경로당,특정계층이용시설,경상북도 고령군 운수면 법승길 16,-,99.48,30,1,1,-,아니오,아니오,아니오
예천군,36.636849,128.403036,화지1리(여)경로당,특정계층이용시설,경상북도 예천군 유천면 화지1길 19,-,30,7,1,1,-,아니오,아니오,아니오
예천군,36.6173788,128.3061422,월오1경로당,특정계층이용시설,경상북도 예천군 용궁면 월오길 94,-,96,24,2,1,-,아니오,아니오,아니오
영주시,36.817855,128.625645,휴천3동분회경로당,특정계층이용시설,경상북도 영주시 구성로273번길 40-6,-,134.55,50,2,2,-,아니오,아니오,아니오
포항시,35.8788917,129.5033953,수성리마을쉼터,특정계층이용시설,경상북도 포항시 남구 장기면 장기로93번길 42,-,95,29,1,1,-,아니오,아니오,아니오
포항시,35.8907992,129.4907127,장기마을쉼터,특정계층이용시설,경상북도 포항시 남구 장기면 읍내길61번길 35,-,95,29,1,1,-,아니오,아니오,아니오
포항시,35.948721,129.4479643,정천1리마을쉼터,특정계층이용시설,경상북도 포항시 남구 장기면 장기로1287번길 63,-,59,18,2,1,-,아니오,아니오,아니오
포항시,35.9335031,129.4809018,봉산마을쉼터,특정계층이용시설,경상북도 포항시 남구 장기면 장기로 835,-,108,33,1,1,-,아니오,아니오,아니오
포항시,35.9327731,129.4795236,창지1리마을쉼터,특정계층이용시설,경상북도 포항시 남구 장기면 장기로839번길 21-11,-,66,20,1,1,-,아니오,아니오,아니오
포항시,35.8938702,129.5240764,신창1리마을쉼터,특정계층이용시설,경상북도 포항시 남구 장기면 동해안로 3507,-,79,24,1,1,-,아니오,아니오,아니오
포항시,35.9079999,129.4837628,서촌2리마을쉼터,특정계층이용시설,경상북도 포항시 남구 장기면 장기로487번길 22,-,100,30,2,1,-,아니오,아니오,아니오
포항시,35.9041057,129.526947,영암1리마을쉼터,특정계층이용시설,경상북도 포항시 남구 장기면 영암길 4-9,-,100,30,1,1,-,아니오,아니오,아니오
경산시,35.8131,128.801522,당리리(아랫마을)경로당,특정계층이용시설,경상북도 경산시 압량읍원효로 611,-,100,25,5,2,-,아니오,아니오,아니오
경산시,35.8445519,128.761096,압량(분회)경로당,특정계층이용시설,경상북도 경산시 압량읍 부적길 56,-,234,60,5,1,-,아니오,아니오,아니오
구미시,36.1415277,128.4178464,부영1차경로당,특정계층이용시설,경상북도 구미시 산호대로25길 49,-,96,24,2,2,-,아니오,아니오,아니오
의성군,36.4940953,128.4684402,청운2리경로당,특정계층이용시설,경상북도 의성군 신평면 신평풍천길 196,-,194.4,25,2,1,-,아니오,아니오,아니오
예천군,36.6003785,128.294479,산택2경로당,특정계층이용시설,경상북도 예천군 용궁면 원당길 56,-,89,22,2,1,-,아니오,아니오,아니오
예천군,36.6281919,128.2919077,송암1경로당,특정계층이용시설,경상북도 예천군 용궁면 송암길 78,-,92,23,2,1,-,아니오,아니오,아니오
예천군,36.634282,128.301702,송암2경로당,특정계층이용시설,경상북도 예천군 용궁면 경암길 12,-,89,22,2,1,-,아니오,아니오,아니오
예천군,36.650198,128.318876,덕계경로당,특정계층이용시설,경상북도 예천군 용궁면 덕계1길 82,-,89,22,2,1,-,아니오,아니오,아니오
영주시,36.800338,128.660275,전단노인회관,특정계층이용시설,경상북도 영주시 조암로332번길 15,-,66.6,100,3,1,-,아니오,아니오,아니오
안동시,36.3457283,128.925111,송산1리둔전경로당,특정계층이용시설,경상북도 안동시 길안면 충효로 749-1,-,50.72,9,2,1,-,아니오,아니오,아니오
안동시,36.5573038,128.745285,전거리1경로당,특정계층이용시설,경상북도 안동시 전거리4길 71 (용상동),-,72.06,30,2,2,-,아니오,아니오,아니오
구미시,36.1246738,128.5425022,명곡리경로당,특정계층이용시설,경상북도 구미시 장천면 명곡2길 47,-,100,25,2,1,-,아니오,아니오,아니오
칠곡군,35.9851744,128.4018274,왜관22리협성휴포레경로당,특정계층이용시설,경상북도 칠곡군 왜관읍 평장길 20,-,128.36,40,4,1,-,아니오,아니오,아니오
칠곡군,35.9980032,128.3994591,석전4리한바경로당,특정계층이용시설,경상북도 칠곡군 왜관읍 소공원길 12,-,20.4,20,1,1,-,아니오,아니오,아니오
청도군,35.7115064,128.9077726,방지학구,특정계층이용시설,경상북도 청도군 금천면 방지3길 1,-,76,19,2,1,-,아니오,아니오,아니오
의성군,36.3611634,128.6821237,철파리경로당,특정계층이용시설,경상북도 의성군 의성읍 철파길 7-3,-,203.04,50,2,1,-,아니오,아니오,아니오
의성군,36.3858283,128.686274,업1리,특정계층이용시설,경상북도 의성군 의성읍업동길 79,-,72.72,14,1,1,-,아니오,아니오,아니오
의성군,36.3498228,128.7026426,읍분회경로당(상리1리),특정계층이용시설,경상북도 의성군 의성읍 동서1길 76,-,231.9,50,1,1,-,아니오,아니오,아니오
의성군,36.351525,128.6974552,후죽1리경로당,특정계층이용시설,경상북도 의성군 의성읍 후죽5길 9-1,-,33.29,25,2,1,-,아니오,아니오,아니오
영덕군,36.3847452,129.3099499,흥기1리,특정계층이용시설,경상북도 영덕군 달산면 광산길 4,-,49,15,2,1,-,아니오,아니오,아니오
영덕군,36.3837231,129.3056405,흥기1리,특정계층이용시설,경상북도 영덕군 달산면 광산1길 6,-,57,17,2,1,-,아니오,아니오,아니오
의성군,36.3490969,128.6922491,후죽2리경로당,특정계층이용시설,경상북도 의성군 의성읍 남대천길 199-1,-,78.48,60,1,1,-,아니오,아니오,아니오
의성군,36.3587313,128.6951753,후죽3리,특정계층이용시설,경상북도 의성군 의성읍 북원2길 19-1,-,235,44,3,1,-,아니오,아니오,아니오
의성군,36.422122,128.673369,하화2리경로당,특정계층이용시설,경상북도 의성군 단촌면 장터길 46-1,-,101.5,10,2,1,-,아니오,아니오,아니오
영천시,36.0475012,128.9485076,죽곡1리경로당,특정계층이용시설,경상북도 영천시 화남면 신선로 301,-,99.46,24,1,1,-,-,-,아니오
의성군,36.3456317,128.4221131,소호1리경로당,특정계층이용시설,경상북도 의성군 구천면 소호1길 113,-,73.28,15,2,1,-,-,아니오,-
의성군,36.4717164,128.7349713,구계2리외천경로당,특정계층이용시설,경상북도 의성군 단촌면 구계2길 198,-,101.5,10,2,1,-,아니오,아니오,아니오
의성군,36.335812,128.5175045,현산리경로당,특정계층이용시설,경상북도 의성군 비안면 현산길 15,-,75.06,20,2,1,-,아니오,아니오,아니오
의성군,36.4598978,128.7131542,구계1리경로당,특정계층이용시설,경상북도 의성군 단촌면 고운사길 91,-,101.5,10,2,1,-,아니오,아니오,아니오
의성군,36.4233868,128.6818019,하화2리경로당,특정계층이용시설,경상북도 의성군 단촌면 고운길 95,-,101.5,10,2,1,-,아니오,아니오,아니오
의성군,36.400092,128.707933,상화2리경로당,특정계층이용시설,경상북도 의성군 단촌면신적길 2,-,65.08,15,2,1,-,아니오,아니오,아니오
의성군,36.4146389,128.6374113,장림리마을회관,특정계층이용시설,경상북도 의성군 단촌면 장림1길 11,-,101.5,10,2,1,-,아니오,아니오,아니오
의성군,36.3944458,128.7146857,상화1리경로당,특정계층이용시설,경상북도 의성군 단촌면 상화길 17,-,101.5,10,2,1,-,아니오,아니오,아니오
의성군,36.4043681,128.6427999,용성경로당,특정계층이용시설,경상북도 의성군 단촌면 장림2길 133,-,101.5,10,2,1,-,아니오,아니오,아니오
의성군,36.4275974,128.7018809,관덕2리회관,특정계층이용시설,경상북도 의성군 단촌면 고운길 303,-,101.5,10,2,1,-,아니오,아니오,아니오
의성군,36.4302993,128.7063843,관덕3리회관,특정계층이용시설,경상북도 의성군 단촌면 관덕길 31,-,101.5,10,2,1,-,아니오,아니오,아니오
의성군,36.4809495,128.4868616,교안3리(절골)경로당,특정계층이용시설,경상북도 의성군 신평면 절골길 60,-,54.15,13,2,1,-,아니오,아니오,아니오
구미시,36.2642788,128.253898,덕촌2노인회관,특정계층이용시설,경상북도 구미시 옥성면덕촌3길 10-2,-,56,14,1,1,-,아니오,아니오,아니오
의성군,36.3534887,128.4142005,용사2리경로당,특정계층이용시설,경상북도 의성군 구천면 용사2길 60,-,74.45,21,2,1,-,-,아니오,-
영천시,36.046834,128.790423,화성1리경로당,특정계층이용시설,"경상북도 영천시 신녕면 큰골길  14 , 화성1리마을회관",-,142.9,35,3,1,-,예,-,아니오
영천시,36.01731,128.848227,용평리경로당,특정계층이용시설,"경상북도 영천시 화산면 용평1길  9 , 용평마을회관",-,93,30,2,1,-,-,-,아니오
영천시,36.022074,128.858918,유성1리경로당,특정계층이용시설,"경상북도 영천시 화산면 유정안길  14-4, 유성1리회관",-,78,30,2,1,-,-,-,아니오
영천시,36.009947,128.872098,석촌리경로당,특정계층이용시설,"경상북도 영천시 화산면 석촌2길  60 , 석촌마을회관",-,38,30,1,1,-,-,-,아니오
의성군,36.4704114,128.5045078,신평면분회경로당,특정계층이용시설,경상북도 의성군 신평면 봉호로 2409-33,-,97.65,10,2,1,-,아니오,아니오,아니오
의성군,36.3495614,128.6977074,6.25참전유공자회(후죽1리),특정계층이용시설,경상북도 의성군 의성읍 동서1길 32,-,685.47,126,5,1,-,아니오,아니오,아니오
의성군,36.3637143,128.7256533,중리3리,특정계층이용시설,경상북도 의성군 의성읍 성조길 30,-,664,74,2,1,-,아니오,아니오,아니오
칠곡군,35.986615,128.432274,삼청1리경로당,특정계층이용시설,경상북도 칠곡군 왜관읍 오솔2길  20,-,81,20,2,1,-,아니오,아니오,아니오
구미시,36.1187514,128.3402576,송정경로당,특정계층이용시설,경상북도 구미시 백산로2길 33,-,173,43,4,2,-,아니오,아니오,아니오
예천군,36.5859714,128.3475825,신음(죽전)경로당,특정계층이용시설,경상북도 예천군 개포면 죽전길 382-1,-,86,21,1,1,-,예,예,아니오
예천군,36.6065857,128.3556812,가곡1(송담)경로당,특정계층이용시설,경상북도 예천군 개포면 송담길 40,-,73,18,1,1,-,예,예,아니오
칠곡군,35.982417,128.43163,삼청3리경로당,특정계층이용시설,경상북도 칠곡군 왜관읍 삼청5길  27-9,-,93,50,2,1,-,아니오,아니오,아니오
포항시,35.977044,129.40564,힐스테이트포항경로당,특정계층이용시설,경상북도 포항시 남구 오천읍 중원로 16,-,231,30,1,1,-,아니오,아니오,아니오
경주시,35.835146,129.113696,금척리경로회관,특정계층이용시설,경상북도 경주시 건천읍 금척상리길  37,-,145,44,2,2,-,아니오,아니오,아니오
경주시,35.8208202,129.125514,모량복지회관,특정계층이용시설,경상북도 경주시 건천읍 모량방내길 65-2,-,177.84,60,4,3,-,아니오,아니오,아니오
칠곡군,36.00153,128.38814,관호5리경로당,특정계층이용시설,경상북도 칠곡군 약목면 관호8길 28-18 (삼주강변타운),-,65,19,2,1,-,아니오,아니오,아니오
칠곡군,36.017146,128.487183,백운리예계마을경로당,특정계층이용시설,경상북도 칠곡군 지천면 백송로 53,-,76,25,0,1,-,아니오,아니오,아니오
고령군,35.674293,128.239651,미나미경로당,특정계층이용시설,경상북도 고령군 쌍림면 매촌2길 18,-,479.87,145,1,1,-,아니오,아니오,아니오
청도군,35.6545982,128.7679169,원정1리,특정계층이용시설,경상북도 청도군 청도읍 원대밭길 1,-,84,24,2,1,-,아니오,아니오,아니오
의성군,36.3375881,128.7991941,실업1리,특정계층이용시설,경상북도 의성군 옥산면 실업1길 24,-,97.74,20,2,1,-,아니오,아니오,아니오
상주시,36.2874,128.057,도곡리복지회관,특정계층이용시설,경상북도 상주시 공성면 돗골길 322-1,-,105,35,2,1,-,아니오,아니오,아니오
칠곡군,36.0186654,128.5847193,남원2리원당경로당,특정계층이용시설,경상북도 칠곡군 동명면 남원로3길 98-6,-,50.4,10,1,1,-,아니오,아니오,아니오
영천시,35.989828,128.852335,보성리경로당,특정계층이용시설,경상북도 영천시 청통면청통로 373,-,78.93,30,1,2,-,예,예,아니오
영덕군,36.494629,129.383281,기암2리경로당,특정계층이용시설,경상북도 영덕군 축산면 애삼길 34,-,75.8,30,0,1,-,아니오,아니오,아니오
예천군,36.7767908,128.4216908,도촌리경로당,특정계층이용시설,경상북도 예천군 효자면 도촌길 7,-,82,20,1,1,-,아니오,아니오,아니오
의성군,36.3761133,128.3822206,속암1리여성경로당,특정계층이용시설,경상북도 의성군 단밀면 주속길 55-7,-,54.59,50,2,1,-,아니오,아니오,아니오
의성군,36.3557028,128.371194,위중3리경로당,특정계층이용시설,경상북도 의성군 단밀면 위중3길 184,-,61,27,2,1,-,아니오,아니오,아니오
청도군,35.6905461,128.8327163,하평리수무동,특정계층이용시설,경상북도 청도군 매전면 수무동길 25,-,51.49,12,2,1,-,아니오,아니오,아니오
영덕군,36.487585,129.351525,대곡리경로당,특정계층이용시설,경상북도 영덕군 축산면 대곡길 268,-,83.5,30,2,1,-,아니오,아니오,아니오
문경시,36.7010812,128.2291523,우곡1리마을회관,특정계층이용시설,경상북도 문경시 산북면 읍실길 116-4,-,85,40,4,1,-,아니오,아니오,아니오
문경시,36.5791093,128.0027162,율수2리경로당,특정계층이용시설,경상북도 문경시 농암면 하율길 49,-,77,40,2,1,-,아니오,아니오,-
문경시,36.7040634,128.2430137,우곡2리마을회관,특정계층이용시설,경상북도 문경시 산북면 운달로 480,-,85,50,4,1,-,아니오,아니오,아니오
안동시,36.7164934,128.8268471,분천리경로당,특정계층이용시설,경상북도 안동시 도산면 송티길  14,-,63.69,16,3,1,-,아니오,아니오,아니오
안동시,36.7331935,128.8757612,원천리경로당,특정계층이용시설,경상북도 안동시 도산면 원천안길  2,-,46.53,23,3,1,-,아니오,아니오,아니오
안동시,36.7389959,128.8830587,단천리경로당,특정계층이용시설,경상북도 안동시 도산면 단사길 14-1,-,93,16,3,1,-,아니오,아니오,아니오
안동시,36.795861,128.825444,태자2리경로당,특정계층이용시설,경상북도 안동시 도산면태자로 287-2,-,62.62,15,3,1,-,아니오,아니오,아니오
안동시,36.7530326,128.8224596,온혜3리경로당,특정계층이용시설,경상북도 안동시 도산면 용수길 26-7,-,23.1,19,3,1,-,아니오,아니오,아니오
영천시,36.044286,128.790164,화성2리경로당,특정계층이용시설,"경상북도 영천시 신녕면 화성중앙길  24-9, 화성2리경노당",-,315.83,78,5,1,-,예,예,아니오
의성군,36.3747377,128.3728999,주선3리경로당,특정계층이용시설,경상북도 의성군 단밀면 주선3길 57-4,-,77.5,46,2,1,-,아니오,아니오,아니오
의성군,36.3691117,128.3169544,생송3리경로당,특정계층이용시설,경상북도 의성군 단밀면 생송3길 68,-,67.9,20,1,1,-,아니오,아니오,아니오
구미시,36.161581,128.517025,금산리경로당,특정계층이용시설,경상북도 구미시 장천면장천로 311,-,100,25,2,1,-,아니오,아니오,아니오
경주시,35.832608,129.2774507,청단마을회관,특정계층이용시설,경상북도 경주시 천군1길 24-3 (천군동),-,85,26,2,2,-,아니오,아니오,아니오
의성군,36.4487096,128.3596256,송호3리경로당,특정계층이용시설,경상북도 의성군 다인면 금능길 13,-,67.25,25,2,1,-,-,아니오,-
경산시,35.824952,128.732361,광명아파트경로당,특정계층이용시설,경상북도 경산시 중앙초등길5길 8-8,-,104,30,3,2,-,아니오,아니오,아니오
경산시,35.83166,128.732046,세광아파트경로당,특정계층이용시설,경상북도 경산시 강변서로 271,-,84,25,1,1,-,아니오,아니오,아니오
안동시,36.5088385,128.6667573,광음1리경로당,특정계층이용시설,경상북도 안동시 남후면 감재길 68,-,66.69,69,3,2,-,아니오,아니오,아니오
경산시,35.823175,128.734093,중방2동경로당,특정계층이용시설,경상북도 경산시 중앙로 63-4,-,100,30,4,2,-,아니오,아니오,아니오
경산시,35.826139,128.731902,은호아파트1경로당,특정계층이용시설,경상북도 경산시 경안로41길 44-3,-,45,15,1,1,-,아니오,아니오,아니오
포항시,36.1970732,129.0526424,봉계리마을쉼터,특정계층이용시설,경상북도 포항시 북구 죽장면 베틀봉길 262,-,54,16,1,1,-,아니오,아니오,아니오
포항시,36.1472061,129.079992,일광리마을쉼터,특정계층이용시설,경상북도 포항시 북구 죽장면 새마을로 3329,-,87,26,1,1,-,아니오,아니오,아니오
영천시,35.9835518,128.9860958,창하경로당,특정계층이용시설,경상북도 영천시 고경면 호국로 458,-,64.79,15,2,1,-,-,-,아니오
문경시,36.597371,128.2424693,평지1리경로당,특정계층이용시설,경상북도 문경시 산양면 중평지길  43,-,85,30,3,1,-,아니오,아니오,아니오
문경시,36.5914847,128.2287298,평지2리경로당,특정계층이용시설,경상북도 문경시 산양면 탑골길 66-6,-,85,20,1,1,-,아니오,아니오,-
청도군,35.6168156,128.6379451,대산학구(옥산3리),특정계층이용시설,경상북도 청도군 각남면 함박길 8,-,103,25,2,1,-,아니오,아니오,아니오
청도군,35.6162508,128.6249202,옥산1리오리밭,특정계층이용시설,경상북도 청도군 각남면 차옥길 201-2,-,70,17,2,1,-,아니오,아니오,아니오
청도군,35.6404765,128.6236462,송서1리,특정계층이용시설,경상북도 청도군 풍각면 송서1길 9,-,95,23,2,2,-,아니오,아니오,아니오
청도군,35.6435456,128.618609,송서2리,특정계층이용시설,경상북도 청도군 풍각면 송서6길 24-1,-,85,21,2,3,-,아니오,아니오,아니오
청도군,35.6418672,128.6176541,송서3리,특정계층이용시설,경상북도 청도군 풍각면 송서8길 6-2,-,52,13,2,1,-,아니오,-,아니오
봉화군,36.8838922,128.7010051,소지경로당,특정계층이용시설,경상북도 봉화군 봉화읍 신흥길 59-7,-,26,7,1,1,-,아니오,아니오,아니오
청도군,35.6403261,128.6161253,풍각면분회,특정계층이용시설,경상북도 청도군 풍각면 송서9길 14-8,-,291,72,3,2,-,아니오,-,아니오
청도군,35.6408318,128.6029744,봉기1리,특정계층이용시설,경상북도 청도군 풍각면 봉기안길 4,-,132,33,2,2,-,아니오,-,아니오
청도군,35.6402781,128.6108628,봉기2리,특정계층이용시설,경상북도 청도군 풍각면 봉기로 113,-,121,30,2,1,-,아니오,-,아니오
청도군,35.6509628,128.6838028,칠성1리,특정계층이용시설,경상북도 청도군 각남면 칠성길 17,-,96,24,2,1,-,아니오,아니오,아니오
청도군,35.6411588,128.6890626,칠성2리,특정계층이용시설,경상북도 청도군 각남면 칠성길 144,-,91,22,2,1,-,아니오,아니오,아니오
청도군,35.6416296,128.6816999,화리,특정계층이용시설,경상북도 청도군 각남면 화리길 97,-,82.8,20,2,2,-,아니오,아니오,아니오
청도군,35.6385452,128.679809,일곡리,특정계층이용시설,경상북도 청도군 각남면 일곡길 28,-,112,28,2,1,-,아니오,아니오,아니오
포항시,36.0378955,129.3616703,대흥마을쉼터,특정계층이용시설,경상북도 포항시 북구 용당로117번길 6-3 (대흥동),-,99,30,7,2,-,아니오,아니오,아니오
칠곡군,35.9561522,128.4914804,지천면경로당(신리),특정계층이용시설,경상북도 칠곡군 지천면 신동로 173,-,45,12,1,1,-,아니오,아니오,아니오
청도군,35.639186,128.6725134,구곡리,특정계층이용시설,경상북도 청도군 각남면 구곡2길 11,-,64.3,16,2,1,-,아니오,아니오,아니오
청도군,35.6453765,128.5990879,현리,특정계층이용시설,경상북도 청도군 풍각면 현리안길 3,-,210,52,4,1,-,아니오,-,아니오
청도군,35.6619534,128.5774425,신기,특정계층이용시설,경상북도 청도군 풍각면 성곡길 8,-,60,15,2,1,-,아니오,-,아니오
청도군,35.6767445,128.5790196,장기,특정계층이용시설,경상북도 청도군 풍각면 장기길 200-34,-,58,14,2,2,-,아니오,-,아니오
칠곡군,36.0681088,128.3313203,숭오3리숭산경로당,특정계층이용시설,경상북도 칠곡군 북삼읍 강진1길 136-3,-,35.6,10,1,1,-,아니오,아니오,아니오
영천시,35.994629,128.985642,창상경로당,특정계층이용시설,"경상북도 영천시 고경면 효자로  156 , 창상리노인정",-,113.32,28,1,1,-,-,-,아니오
경주시,35.730657,129.2376,명계1리마을회관,특정계층이용시설,경상북도 경주시 내남면 명계1길  1-2,-,70.76,21,1,1,-,아니오,아니오,아니오
영주시,36.8112114,128.5026084,유전1리경로당,특정계층이용시설,경상북도 영주시 봉현면 소백로1173번길 59-3,-,103,76,2,1,-,아니오,아니오,아니오
포항시,36.1109045,129.348961,숭덕마을쉼터,특정계층이용시설,경상북도 포항시 북구 흥해읍 한동로65번길 7,-,193,58,1,1,-,아니오,아니오,아니오
영주시,36.834363,128.6385325,아랫보름골경로당,특정계층이용시설,경상북도 영주시 원당로275번길 42 (상망동),-,99.9,25,4,1,-,아니오,아니오,아니오
구미시,36.3013639,128.328144,궁기1리경로당,특정계층이용시설,경상북도 구미시 도개면궁기4길 13-24,-,112.2,28,1,2,-,아니오,아니오,아니오
김천시,35.9796029,128.0159943,도곡1리경로당,특정계층이용시설,경상북도 김천시 지례면 도곡1길 23,-,96,23,3,1,-,아니오,아니오,예
구미시,36.149418,128.316181,봉곡2차아이파크경로당,특정계층이용시설,경상북도 구미시 봉곡남로20길 15,-,67.27,17,2,1,-,아니오,아니오,아니오
구미시,36.140281,128.3148769,현진에버빌경로당,특정계층이용시설,경상북도 구미시 도봉로 10,-,121.58,30,2,1,-,아니오,아니오,아니오
구미시,36.1176459,128.402808,임수경로당,특정계층이용시설,경상북도 구미시 임수로2길 5-8,-,125.15,31,3,2,-,아니오,아니오,아니오
구미시,36.3390902,128.298432,용산2리(연산)경로당,특정계층이용시설,경상북도 구미시 도개면용산4길 7-1,-,145.95,36,1,1,-,아니오,아니오,아니오
의성군,36.3050963,128.7876606,양지1리경로당,특정계층이용시설,경상북도 의성군 사곡면 양지2길 6-5,-,76.8,50,3,2,-,아니오,아니오,아니오
김천시,36.1160721,128.1201488,공원경로당,특정계층이용시설,경상북도 김천시 학사대4길 1 (황금동),-,91,23,2,1,-,아니오,아니오,예
김천시,36.1134909,128.1238393,황금경로당,특정계층이용시설,"경상북도 김천시 가산1길 6 (황금동, )",-,107,27,3,1,-,아니오,아니오,예
구미시,36.09812,128.4204087,인의주공경로당,특정계층이용시설,경상북도 구미시 인동16길 48-1,-,106,27,3,1,-,아니오,아니오,아니오
구미시,36.0915054,128.4241784,진평주공경로당,특정계층이용시설,"경상북도 구미시 인동26길 65 (진평동, 구미진평주공미래타운)",-,265,66,2,1,-,아니오,아니오,아니오
김천시,36.000779,128.024785,범박골경로당,특정계층이용시설,경상북도 김천시 지례면범박골길 126,-,95,23,2,1,-,아니오,아니오,아니오
김천시,35.9593524,128.0644673,신평2리경로당,특정계층이용시설,경상북도 김천시 지례면 삼실길 223,-,82,20,2,1,-,아니오,아니오,예
김천시,35.950671,128.081747,울곡경로당,특정계층이용시설,경상북도 김천시 지례면울곡길 96-8,-,91,22,2,1,-,아니오,아니오,예
김천시,35.9847194,128.0572258,대율경로당,특정계층이용시설,경상북도 김천시 지례면대율길 50-5,-,70,17,2,1,-,아니오,아니오,아니오
경주시,35.675906,129.303969,석계1리경로당,특정계층이용시설,경상북도 경주시 외동읍 석계중리길  23-1,-,438,133,1,1,-,아니오,아니오,아니오
구미시,36.2996148,128.341135,궁기2리경로당,특정계층이용시설,경상북도 구미시 도개면궁기8길 9,-,95.67,24,1,2,-,아니오,아니오,아니오
구미시,36.2887672,128.360117,도개2리경로당,특정계층이용시설,경상북도 구미시 도개면도개다곡길 394,-,98.28,25,1,1,-,아니오,아니오,아니오
구미시,36.2868422,128.3677071,다곡1리경로당,특정계층이용시설,경상북도 구미시 도개면 도개다곡길 464,-,99.95,25,1,2,-,아니오,아니오,아니오
구미시,36.2760828,128.393332,다곡2리경로당,특정계층이용시설,경상북도 구미시 도개면도군로 526-6,-,96.93,24,1,1,-,아니오,아니오,아니오
영천시,36.02069,128.845678,연계2리경로당,특정계층이용시설,"경상북도 영천시 화산면 율전길  32-4, 연계2리노인회관",-,83,30,1,1,-,-,-,아니오
구미시,36.1596,128.4353,선비공원,야외시설,경상북도 구미시 산동읍 동백로 341-6,-,2000,50,정보없음,정보없음,-,아니오,아니오,아니오
영양군,36.687276,129.138755,상원3리경로당,특정계층이용시설,"경상북도 영양군 영양읍 상원로  472 , 상원3리경로당",-,100.08,25,3,1,-,-,-,아니오
영양군,36.632592,129.199514,무창1리경로당,특정계층이용시설,"경상북도 영양군 영양읍 영양창수로  939 , 무창1리경로당",-,105.51,26,1,2,-,-,-,아니오
김천시,36.2323327,128.1240219,문무경로당,특정계층이용시설,경상북도 김천시 감문면문무2길 4,-,71,59,3,1,-,아니오,아니오,예
김천시,36.18887,128.14735,본리경로당,특정계층이용시설,경상북도 김천시 감문면 본리길 215-10,-,73,31,1,1,-,아니오,아니오,예
울진군,37.061301,129.4184304,죽변5리쉼터,야외시설,경상북도 울진군 죽변면 죽변6길 56,-,15,8,정보없음,정보없음,-,아니오,아니오,아니오
포항시,36.019696,129.361605,큰섬경로당,특정계층이용시설,경상북도 포항시 남구 양학천로76번길 15,-,정보없음,정보없음,정보없음,정보없음,-,-,-,-
구미시,36.2890086,128.355686,도개1리경로당,특정계층이용시설,경상북도 구미시 도개면도개다곡길 352,-,99,25,2,1,-,아니오,아니오,아니오
구미시,36.281355,128.353541,신림경로당,특정계층이용시설,경상북도 구미시 도개면 도군로 132,-,96.3,24,1,3,-,아니오,아니오,아니오
구미시,36.2993438,128.330225,분회경로당,특정계층이용시설,경상북도 구미시 도개면궁기2길 9-3,-,169.7,42,2,1,-,아니오,아니오,아니오
경산시,35.9167,128.8268,청구2차경로당,특정계층이용시설,경상북도 경산시 하양읍하양로 202-8 (하양2차청구타운),-,120,30,4,1,-,아니오,아니오,아니오
울릉군,37.512066,130.801067,성하신당,야외시설,경상북도 울릉군 서면 태하길 154,-,100,3,정보없음,정보없음,-,-,-,-
포항시,35.9116447,129.5239364,영암3리마을쉼터,특정계층이용시설,경상북도 포항시 남구 장기면 영암길 91,-,59,18,1,1,-,아니오,아니오,아니오
포항시,35.9086468,129.5255606,영암2리마을쉼터,특정계층이용시설,경상북도 포항시 남구 장기면 영암길2번길 87-1,-,82,25,1,1,-,아니오,아니오,아니오
포항시,35.9031709,129.466742,방산1리마을쉼터,특정계층이용시설,경상북도 포항시 남구 장기면 방산로 401,-,95,29,1,1,-,아니오,아니오,아니오
봉화군,36.8856964,128.8181399,봉성면사무소,공공시설,경상북도 봉화군 봉성면 옥마로 23,-,502,50,11,2,-,아니오,아니오,아니오
포항시,35.9368235,129.4709836,대곡리마을쉼터,특정계층이용시설,경상북도 포항시 남구 장기면 장기로969번길 31,-,95,29,1,1,-,아니오,아니오,아니오
경산시,35.898683,128.788593,은호1리경로당,특정계층이용시설,경상북도 경산시 하양읍 탑소길 30-4,-,120,30,3,1,-,아니오,아니오,아니오
경산시,35.925663,128.822935,한사경로당,특정계층이용시설,경상북도 경산시 하양읍 한사길4길 2,-,120,30,3,1,-,아니오,아니오,아니오
경주시,36.028871,129.225794,노당2리마을회관,특정계층이용시설,경상북도 경주시 안강읍 초제길  22,-,198,60,1,1,-,아니오,아니오,아니오
경주시,36.002583,129.199821,산대1리마을회관,특정계층이용시설,경상북도 경주시 안강읍 홍천길  3,-,179,54,1,1,-,아니오,아니오,아니오
영주시,36.8221935,128.6176481,영주동주공아파트경로당,특정계층이용시설,"경상북도 영주시 영주동 선비로  203-1,  상가동 (영주동)",-,48,12,1,1,-,아니오,아니오,아니오
문경시,36.6450446,128.0671737,왕능2리경로당,특정계층이용시설,경상북도 문경시 가은읍 왕능2길 7,-,192,32,1,1,-,아니오,아니오,아니오
문경시,36.6380866,128.0687803,갈전1리경로당,특정계층이용시설,경상북도 문경시 가은읍 갈전1길 68-12,-,141,36,1,1,-,아니오,아니오,아니오
경주시,35.999057,129.196373,산대3리마을회관,특정계층이용시설,경상북도 경주시 안강읍 구부랑길  18,-,340,103,1,1,-,아니오,아니오,아니오
경주시,35.996957,129.206357,산대4리마을회관,특정계층이용시설,경상북도 경주시 안강읍 표충각길  19-6,-,142,43,1,1,-,아니오,아니오,아니오
경주시,35.990103,129.211276,삼홍아파트경로당,특정계층이용시설,경상북도 경주시 안강읍 화전남3길  14-10,-,24,7,1,1,-,아니오,아니오,아니오
의성군,36.4992048,128.409103,모소(월소3리),특정계층이용시설,경상북도 의성군 안사면월소4길 155,-,65,13,1,1,-,아니오,아니오,아니오
포항시,36.1910075,129.3490534,미남리남천마을쉼터,특정계층이용시설,경상북도 포항시 북구 청하면 동해대로2505번길 4-5,-,82,30,1,2,-,아니오,아니오,아니오
문경시,36.5990694,128.0170476,민지2리경로당,특정계층이용시설,경상북도 문경시 가은읍 더대길 6,-,66,35,1,1,-,아니오,아니오,아니오
경주시,35.995467,129.21555,산대5리마을회관,특정계층이용시설,"경상북도 경주시 안강읍 석정길  21-2, 신대5리마을회관",-,221,67,1,1,-,아니오,아니오,아니오
경주시,36.004332,129.194061,에덴경로당,특정계층이용시설,경상북도 경주시 안강읍 구부랑4길 24-21 (에덴타운),-,136,41,1,1,-,아니오,아니오,아니오
경주시,36.000179,129.185077,한동그린경로당,특정계층이용시설,경상북도 경주시 안강읍 피일길  82,-,117,35,1,1,-,아니오,아니오,아니오
경주시,36.002923,129.194668,삼도타운경로당,특정계층이용시설,경상북도 경주시 안강읍 구부랑4길  24-10,-,82,25,1,1,-,아니오,아니오,아니오
경주시,36.015383,129.161144,옥산1리경로당,특정계층이용시설,경상북도 경주시 안강읍 세심길  38,-,60,18,1,1,-,아니오,아니오,아니오
경주시,36.008726,129.164551,옥산2리마을회관,특정계층이용시설,경상북도 경주시 안강읍 옥산서원길  202-1,-,184,56,1,1,-,아니오,아니오,아니오
청도군,35.6099709,128.8121331,지전1리할머니,특정계층이용시설,경상북도 청도군 매전면 지전길 17-8,-,66.15,16,2,1,-,아니오,아니오,아니오
경주시,35.676283,129.329668,모화2리마을회관,특정계층이용시설,경상북도 경주시 외동읍 계동2길  43,-,589,178,1,1,-,아니오,아니오,아니오
구미시,36.1079208,128.4230282,인동경로당,특정계층이용시설,경상북도 구미시 인동중앙로8길 9,-,268,81,2,3,-,아니오,아니오,아니오
구미시,36.117086,128.427412,11통경로당,특정계층이용시설,경상북도 구미시 수출대로31길 82-3,-,150,38,3,1,-,아니오,아니오,아니오
구미시,36.1152896,128.4250974,12통경로당,특정계층이용시설,경상북도 구미시 검성로 52,-,65,16,3,2,-,아니오,아니오,아니오
경주시,35.8421102,129.2062502,중부동중앙경로당,특정계층이용시설,경상북도 경주시 태종로711번길 36  (노서동),-,92.33,20,2,2,-,아니오,아니오,아니오
경주시,35.8464412,129.2128832,중부동성내동노인분회경로당,특정계층이용시설,경상북도 경주시 북성로104번길 9,-,89,20,2,2,-,아니오,아니오,아니오
청도군,35.6081064,128.8124657,중남학구,특정계층이용시설,경상북도 청도군 매전면 지전길 3-17,-,236.17,59,2,1,-,아니오,아니오,아니오
구미시,36.112816,128.424345,황상경로당,특정계층이용시설,경상북도 구미시 검성로 23,-,158,40,3,2,-,아니오,아니오,아니오
구미시,36.1121585,128.4257348,인의주택경로당,특정계층이용시설,경상북도 구미시 수출대로31길 14-1,-,162,41,7,2,-,아니오,아니오,아니오
구미시,36.0911887,128.4443526,구평1동경로당,특정계층이용시설,경상북도 구미시 인동54길 20-82,-,117,29,0,2,-,아니오,아니오,아니오
청도군,35.7088189,128.7222737,송금리(남),특정계층이용시설,경상북도 청도군 화양읍 송금길 21,-,98.72,24,2,1,-,아니오,아니오,아니오
청도군,35.706911,128.7265277,송금리(여),특정계층이용시설,경상북도 청도군 화양읍 송금3길 2-4,-,64.58,16,2,1,-,아니오,아니오,아니오
구미시,36.0913376,128.4548647,구평2동경로당,특정계층이용시설,경상북도 구미시 인동60길 6-10,-,99,25,2,2,-,아니오,아니오,아니오
구미시,36.0988227,128.4633758,신동경로당,특정계층이용시설,경상북도 구미시 인동63길 48,-,105,26,1,2,-,아니오,아니오,아니오
경주시,35.985085,129.225249,근계3리마을회관,특정계층이용시설,경상북도 경주시 안강읍 근계1길  12-1,-,144,44,0,1,-,아니오,아니오,아니오
경주시,35.978487,129.226167,갑산1리마을회관,특정계층이용시설,경상북도 경주시 안강읍 갑산안길  24,-,171,52,2,1,-,아니오,아니오,아니오
경주시,36.013931,129.21935,육통2리경로당,특정계층이용시설,경상북도 경주시 안강읍 존당길  51-1,-,67,20,1,2,-,아니오,아니오,아니오
구미시,36.070266,128.3549747,대원가든1차경로당,특정계층이용시설,경상북도 구미시 금오대로22길 29-26 (오태동),-,90,23,2,1,-,아니오,아니오,아니오
경주시,35.869313,129.170657,상구3리경로당,특정계층이용시설,경상북도 경주시 현곡면 가막골길  219-1,-,70,21,1,1,-,아니오,아니오,아니오
구미시,36.0700839,128.3521825,대원2차경로당,특정계층이용시설,경상북도 구미시 금오대로14길 29 (오태동),-,42,11,2,1,-,아니오,아니오,아니오
안동시,36.5787173,128.5818923,상리1리경로당,특정계층이용시설,경상북도 안동시 풍산읍 우렁길 22,-,91.56,64,3,2,-,아니오,아니오,아니오
울진군,36.7183976,129.4004301,광품1리쉼터,야외시설,경상북도 울진군 온정면 온정1길 30-28,-,15,8,정보없음,정보없음,-,아니오,아니오,아니오
경주시,35.770955,129.326166,신계리마을회관,특정계층이용시설,경상북도 경주시 외동읍 신계상신길  17-44,-,83,25,3,2,-,아니오,아니오,아니오
영주시,36.834244,128.610733,현대아파트경로당,특정계층이용시설,경상북도 영주시 신재로12번길 67,-,92,20,1,2,-,아니오,아니오,아니오
영주시,36.862634,128.604712,아지동경로당,특정계층이용시설,경상북도 영주시 회헌로384번길 11,-,90,20,3,1,-,아니오,아니오,아니오
문경시,36.611844,127.99653,연천1리마을회관느티나무밑,야외시설,경상북도 문경시 농암면 연천1길 13,-,40,7,정보없음,정보없음,-,-,-,-
안동시,36.5766366,128.6172706,수2리경로당,특정계층이용시설,경상북도 안동시 풍산읍 수석길 18,-,120.7,63,2,1,-,아니오,아니오,아니오
안동시,36.609808,128.554326,신양1리경로당,특정계층이용시설,경상북도 안동시 풍산읍신양로 398,-,127.78,65,3,2,-,아니오,아니오,아니오
영주시,36.784897,128.620974,아천노인회관,특정계층이용시설,경상북도 영주시 적서로261번길 65,-,73.5,70,2,1,-,아니오,아니오,아니오
의성군,36.3627229,128.3920294,위중1리경로당,특정계층이용시설,경상북도 의성군 단밀면 위중1길 17,-,66.5,59,2,1,-,아니오,아니오,아니오
영주시,36.8304456,128.6222246,철탄경로당,특정계층이용시설,경상북도 영주시 숫골길 62,-,59,15,4,2,-,아니오,아니오,아니오
영주시,36.828704,128.6270297,영주1동분회경로당,특정계층이용시설,경상북도 영주시 광복로73번길 20-1,-,70,10,2,2,-,아니오,아니오,아니오
포항시,36.062412,129.371902,두호sk뷰푸르지오무더위쉼터,특정계층이용시설,경상북도 포항시 북구 두호로 66 (두호 SK VIEW 푸르지오),-,316,20,1,2,-,아니오,아니오,아니오
포항시,36.0511418,129.3605214,우현우방아이유쉘센트럴아파트무더위쉼터,특정계층이용시설,"경상북도 포항시 북구 아치로 10 (우현동, 우현우방아이유쉘센트럴아파트)",-,116,20,1,5,-,아니오,아니오,아니오
김천시,36.115831,128.1345343,건화동부타운경로당,특정계층이용시설,"경상북도 김천시 성의1길 6 (지좌동, 건화동부타운아파트)",-,44,11,2,1,-,아니오,아니오,예
김천시,36.1159311,128.1337195,동양2차강변타운경로당,특정계층이용시설,"경상북도 김천시 금감로 2141 (지좌동, 동양2차강변타운)",-,30,8,2,1,-,아니오,아니오,예
영천시,35.9838969,129.0045494,고도1경로당,특정계층이용시설,경상북도 영천시 고경면 고도길 74,-,83.1,21,2,1,-,-,-,아니오
영양군,36.7022661,129.1260628,일월할머니경로당(도계리회관),특정계층이용시설,경상북도 영양군 일월면 도계길 4-1,-,30,20,2,1,-,아니오,-,아니오
영양군,36.7294883,129.0860564,가곡경로당,특정계층이용시설,경상북도 영양군 일월면 문두들길 22,-,70,30,2,1,-,아니오,-,아니오
문경시,36.578332,128.2430974,사근1리마을회관팔각정,야외시설,경상북도 문경시 영순면 사근2길 6,-,25,4,정보없음,정보없음,-,-,-,-
문경시,36.5824862,128.2426556,샘마경로당팔각정,야외시설,경상북도 문경시 영순면 사근3길 49-3,-,25,4,정보없음,정보없음,-,-,-,-
문경시,36.5939268,128.19563,중앙동산경로당,특정계층이용시설,경상북도 문경시 여고동산길 17 (점촌동),-,73,40,1,1,-,아니오,아니오,아니오
문경시,36.5940173,128.1956314,"7,8,14통경로당",특정계층이용시설,경상북도 문경시 여고동산길 15 (점촌동),-,63,30,1,1,-,-,아니오,-
문경시,36.5898846,128.2108717,영신경로당,특정계층이용시설,경상북도 문경시 영신4길 7 (영신동),-,63,30,1,1,-,-,아니오,-
상주시,36.5585929,128.151341,흑암1리마을회관,특정계층이용시설,경상북도 상주시 이안면호산1길 27,-,104,30,3,2,-,아니오,아니오,아니오
경주시,36.018297,129.227749,육통3리마을회관,특정계층이용시설,경상북도 경주시 안강읍 황새마을길  12,-,129,39,1,1,-,아니오,아니오,아니오
상주시,36.4506939,127.906586,평온1리마을회관,특정계층이용시설,경상북도 상주시 화남면평온동관로 33,-,99,30,2,1,-,아니오,아니오,아니오
상주시,36.3980111,127.8731,중눌2리마을회관,특정계층이용시설,경상북도 상주시 화남면중눌2길 2-1,-,80,24,2,1,-,아니오,아니오,아니오
의성군,36.4225688,128.7789086,동변3리,특정계층이용시설,경상북도 의성군 점곡면 동변길 109-7,-,101.6,20,2,1,-,아니오,아니오,아니오
의성군,36.4172981,128.7846753,윤암3리회관,특정계층이용시설,경상북도 의성군 점곡면 윤암3길 8,-,67.3,15,2,1,-,아니오,아니오,아니오
상주시,36.4346215,127.874627,임곡리노인회관,특정계층이용시설,경상북도 상주시 화남면임곡길 294,-,67,20,2,1,-,아니오,아니오,아니오
상주시,36.410757,127.921763,소곡1리마을회관,특정계층이용시설,경상북도 상주시 화남면원정소곡로 1089,-,126,38,2,1,-,아니오,아니오,아니오
청도군,35.6809582,128.8883159,신지4리,특정계층이용시설,경상북도 청도군 금천면 어성길 60-6,-,48,12,1,1,-,아니오,아니오,아니오
청도군,35.6683164,128.9174125,박곡리,특정계층이용시설,경상북도 청도군 금천면 박곡2길 8,-,191,47,2,1,-,아니오,아니오,아니오
청도군,35.6614543,128.8981193,오봉1리,특정계층이용시설,경상북도 청도군 금천면 새재길 32-6,-,235,58,3,1,-,아니오,아니오,아니오
울진군,36.7380231,129.4365197,연당정쉼터,야외시설,경상북도 울진군 평해읍 월송길 112-7,-,15,8,정보없음,정보없음,-,아니오,아니오,아니오
영주시,36.8100464,128.6111219,은빛경로당,특정계층이용시설,경상북도 영주시 가흥동 대학로  130   (가흥동),-,55,80,0,1,-,아니오,아니오,아니오
영주시,36.8130321,128.6187014,가흥동로타리경로당,특정계층이용시설,경상북도 영주시 가흥동 지천로  143   (가흥동),-,70,60,0,1,-,아니오,아니오,아니오
영주시,36.816036,128.6189336,전우경로당,특정계층이용시설,경상북도 영주시 지천로173번길 12 (가흥동),-,110,36,0,1,-,아니오,아니오,아니오
청도군,35.6941339,128.8879833,동곡1리(여),특정계층이용시설,경상북도 청도군 금천면 청려로 4190,-,82,20,2,1,-,아니오,아니오,아니오
청도군,35.7021825,128.8866636,동곡2리,특정계층이용시설,경상북도 청도군 금천면 윗동실길 19-2,-,62,15,2,1,-,아니오,아니오,아니오
청도군,35.7298311,128.8796523,사전2리,특정계층이용시설,경상북도 청도군 금천면 사전5길 54,-,92,23,2,1,-,아니오,아니오,아니오
울릉군,37.476797,130.893011,울릉순환로정자(선관위인근),야외시설,경상북도 울릉군 울릉읍 도동3길 23,-,25,3,정보없음,정보없음,-,-,-,-
울릉군,37.47516,130.894651,흑비둘기서식지,야외시설,경상북도 울릉군 울릉읍 도동2길 95,-,440,44,정보없음,정보없음,-,-,-,-
의성군,36.3605414,128.7516385,황룡2리,특정계층이용시설,경상북도 의성군 점곡면 황룡3길 2,-,79.6,26,3,1,-,아니오,아니오,아니오
의성군,36.2483269,128.7081707,수정1리경로당,특정계층이용시설,경상북도 의성군 금성면 수정1길 64,-,434,58,5,1,-,아니오,아니오,아니오
영주시,36.8222736,128.6199675,영주2동분회경로당,특정계층이용시설,경상북도 영주시 영주동 중앙로45번길  34-9  (영주동),-,90,22,1,1,-,아니오,아니오,아니오
영주시,36.8027354,128.6024669,문정경로당,특정계층이용시설,경상북도 영주시 문정동 가흥로  13   (문정동),-,91,63,0,1,-,아니오,아니오,아니오
영주시,36.8149415,128.6041288,세영리첼경로당,특정계층이용시설,경상북도 영주시 가흥동 대동로  2-1  (가흥동),-,135,40,0,1,-,아니오,아니오,아니오
안동시,36.5907966,128.9684442,마령3리한내골경로당,특정계층이용시설,경상북도 안동시 임동면마령산해로 259-6,-,72,22,2,1,-,아니오,아니오,아니오
울릉군,37.475165,130.894648,사동몽돌해수욕장,야외시설,경상북도 울릉군 울릉읍 도동2길 95,-,1338,133,정보없음,정보없음,-,-,-,-
포항시,35.987155,129.5319616,후동리마을쉼터,특정계층이용시설,경상북도 포항시 남구 구룡포읍 후동길 149-3,-,60,18,2,1,-,아니오,아니오,아니오
청도군,35.716572,128.9128715,운문면분회,특정계층이용시설,경상북도 청도군 운문면 대천2길 13,-,158.72,39,3,1,-,아니오,아니오,아니오
영양군,36.7309372,129.0854743,가곡할머니경로당,특정계층이용시설,경상북도 영양군 일월면 문두들길 6,-,153,30,2,1,-,아니오,-,아니오
영주시,36.8138393,128.611882,한절마경로당,특정계층이용시설,경상북도 영주시 가흥로165번길 46 (가흥동),-,115,53,0,1,-,아니오,아니오,아니오
경주시,36.03787,129.228874,노당1리경로당,특정계층이용시설,경상북도 경주시 안강읍 은행나무길  16,-,122,37,1,1,-,아니오,아니오,아니오
울진군,36.6887981,129.4365856,삼율리쉼터,야외시설,경상북도 울진군 후포면 상밤터1길 192,-,15,8,정보없음,정보없음,-,아니오,아니오,아니오
의성군,36.3934807,128.8098505,옥산면분회,특정계층이용시설,경상북도 의성군 옥산면 금봉로 11-1,-,64.5,20,3,1,-,아니오,아니오,아니오
영천시,35.8594591,128.9917982,당2리경로당,특정계층이용시설,경상북도 영천시 북안면 중이길 12,-,62.24,20,1,1,-,-,-,아니오
안동시,36.6994376,128.744105,서삼리새이전경로당,특정계층이용시설,경상북도 안동시 녹전면서삼길 131,-,94.11,30,2,1,-,아니오,아니오,아니오
안동시,36.7219124,128.782095,구송리구단경로당,특정계층이용시설,경상북도 안동시 녹전면 녹전로 452,-,98.55,30,2,1,-,아니오,아니오,아니오
영천시,35.9791718,129.0015158,민도경로당,특정계층이용시설,경상북도 영천시 고경면 민도길 116,-,69.84,17,2,1,-,-,-,아니오
청도군,35.6703146,128.7432057,진라1리,특정계층이용시설,경상북도 청도군 화양읍 진라길 11,-,105.61,26,2,1,-,아니오,아니오,아니오
포항시,36.023107,129.5040748,흥환리마을쉼터,특정계층이용시설,경상북도 포항시 남구 동해면 흥환길 11,-,99,30,1,1,-,아니오,아니오,아니오
포항시,36.1311034,129.1022798,정자리마을쉼터,특정계층이용시설,경상북도 포항시 북구 죽장면 새마을로 2944,-,82,25,1,1,-,아니오,아니오,아니오
포항시,36.2610542,129.0692364,하사리마을쉼터,특정계층이용시설,경상북도 포항시 북구 죽장면 병보천길454번길 11-5,-,97,29,1,1,-,아니오,아니오,아니오
포항시,36.1934042,129.1496804,가사리마을쉼터,특정계층이용시설,경상북도 포항시 북구 죽장면 죽장로 685,-,66,20,1,1,-,아니오,아니오,아니오
봉화군,36.9358247,129.0067153,현동4리경로당,특정계층이용시설,경상북도 봉화군 소천면 소천로 1327,-,98,44,2,1,-,아니오,아니오,아니오
의성군,36.3145632,128.4830984,옥연1리경로당,특정계층이용시설,경상북도 의성군 비안면 구연길 2,-,88.2,20,2,1,-,-,아니오,-
의성군,36.3188662,128.5127208,장춘1리경로당,특정계층이용시설,경상북도 의성군 비안면 장춘길 158,-,108.92,35,3,1,-,-,아니오,-
의성군,36.3497817,128.4707952,용남2리경로당,특정계층이용시설,경상북도 의성군 비안면 외남길 50,-,58.64,15,2,1,-,-,아니오,-
포항시,36.0912291,129.3461329,성곡1리마을쉼터,특정계층이용시설,경상북도 포항시 북구 흥해읍 성곡북길38번길 1,-,171,52,1,1,-,아니오,아니오,아니오
칠곡군,35.931468,128.505105,연호2리경로당,특정계층이용시설,"경상북도 칠곡군 지천면 연호2길  41 , 연호2리경로당",-,172.56,43,1,1,-,아니오,아니오,아니오
안동시,36.4016,128.9571,고란리모치경로당,특정계층이용시설,경상북도 안동시 길안면고란길 353,-,69.9,16,2,2,-,아니오,아니오,아니오
의성군,36.2857072,128.6071828,구산2리경로당,특정계층이용시설,경상북도 의성군 봉양면 덕은길 91,-,88.5,37,3,1,-,아니오,아니오,아니오
구미시,36.121596,128.369426,민영주택경로당,특정계층이용시설,경상북도 구미시 신비로9길 9-10,-,84.4,21,1,1,-,아니오,아니오,아니오
구미시,36.1173521,128.3748016,행복아파트경로당,특정계층이용시설,경상북도 구미시 수출대로3길 68-27,-,42,12,1,1,-,아니오,아니오,아니오
구미시,36.1230203,128.3729404,우림필유아파트경로당,특정계층이용시설,경상북도 구미시 수출대로3길 130,-,151.3,22,1,3,-,아니오,아니오,아니오
의성군,36.4503774,128.3737125,송호1리외송화경로당,특정계층이용시설,경상북도 의성군 다인면 송호1길 284,-,96.8,10,2,2,-,아니오,아니오,아니오
청도군,35.569523,128.772433,오누이공원,야외시설,경상북도 청도군 청도읍 청매로 78,-,16,2,정보없음,정보없음,-,아니오,아니오,아니오
청도군,35.645,128.747,청도대교,야외시설,경상북도 청도군 새마을로 1150  (청도읍),-,550,55,정보없음,정보없음,-,아니오,아니오,아니오
포항시,36.018538,129.504395,중흥리마을쉼터,특정계층이용시설,경상북도 포항시 남구 동해면 흥환길26번길 39,-,72,22,1,1,-,아니오,아니오,아니오
포항시,36.0332937,129.5050953,발산1리마을쉼터,특정계층이용시설,경상북도 포항시 남구 동해면 호미로2330번길 26,-,59,18,1,1,-,아니오,아니오,아니오
포항시,35.9828884,129.4965212,상정2리마을쉼터,특정계층이용시설,경상북도 포항시 남구 동해면 상정길 28,-,145,44,1,1,-,아니오,아니오,아니오
상주시,36.4804944,128.173618,관동마을회관,특정계층이용시설,경상북도 상주시 외서면북상주로 611,-,124,33,1,1,-,아니오,아니오,아니오
영천시,35.9743357,129.023982,고도2경로당,특정계층이용시설,경상북도 영천시 고경면 고도길 286-4,-,95.48,24,1,1,-,-,-,아니오
문경시,36.786982,128.157811,갈평1리노인회,특정계층이용시설,경상북도 문경시 문경읍갈평길 38,-,85,40,3,1,-,아니오,아니오,아니오
봉화군,36.858123,128.856097,고감1리마을회관앞,야외시설,경상북도 봉화군 명호면 고감1길 22,-,60,10,정보없음,정보없음,-,아니오,아니오,아니오
상주시,36.4655,128.063,우산2리마을회관,특정계층이용시설,경상북도 상주시 외서면우산2길 23-21,-,96,29,1,1,-,아니오,아니오,아니오
상주시,36.3137,128.0686,용신1리마을회관,특정계층이용시설,경상북도 상주시 공성면 용신1길 46-13,-,89,26,2,1,-,아니오,아니오,아니오
봉화군,36.876717,128.838616,양곡2리회관,야외시설,경상북도 봉화군 명호면 양곡길 63,-,60,10,정보없음,정보없음,-,아니오,아니오,아니오
봉화군,37.0037972,128.8430174,서벽4리회관앞,야외시설,경상북도 봉화군 춘양면 춘양로 1332,-,60,10,정보없음,정보없음,-,아니오,아니오,아니오
문경시,36.786121,128.1550794,신북경로당,특정계층이용시설,경상북도 문경시 문경읍 여우목로 1056,-,85,40,3,1,-,아니오,아니오,아니오
문경시,36.8083672,128.1472391,관음1리경로당,특정계층이용시설,경상북도 문경시 문경읍 관음3길 31,-,85,40,3,1,-,아니오,아니오,아니오
영주시,36.9764188,128.6541737,동구산공원,야외시설,경상북도 영주시 부석면 소천로 5,-,870,87,정보없음,정보없음,-,아니오,아니오,아니오
문경시,36.7980012,128.1897489,중평리경로당,특정계층이용시설,경상북도 문경시 문경읍 중평큰마길 4-3,-,85,35,3,1,-,아니오,아니오,아니오
봉화군,36.886254,128.741717,가래골주민센터,야외시설,경상북도 봉화군 봉화읍 내성로 40-17,-,60,6,정보없음,정보없음,-,아니오,아니오,아니오
봉화군,36.985352,128.736803,판교정자,야외시설,경상북도 봉화군 물야면 오록3길 82,-,60,10,정보없음,정보없음,-,아니오,아니오,아니오
봉화군,36.9500868,128.7552099,운봉쉼터,야외시설,경상북도 봉화군 물야면 마장길 302-4,-,60,10,정보없음,정보없음,-,아니오,아니오,아니오
포항시,35.9777205,129.4097577,서희스타힐스무더위쉼터,특정계층이용시설,경상북도 포항시 남구 오천읍 해병로181번길 8 (서희스타힐스아파트),-,118,30,1,1,-,아니오,아니오,아니오
김천시,36.126314,128.075484,실라2차아파트경로당,특정계층이용시설,경상북도 김천시 새동네길 14-7,-,96,24,2,1,-,아니오,아니오,예
구미시,36.1427253,128.4364539,해마루공원,야외시설,경상북도 구미시 첨단기업3로 1 (옥계동),-,1576.5,239,정보없음,정보없음,-,아니오,아니오,아니오
김천시,36.1372878,128.1128719,금류,야외시설,경상북도 김천시 시청2길 30,-,175,17,정보없음,정보없음,-,-,-,-
영천시,36.0431698,128.7881944,화성3리경로당,특정계층이용시설,경상북도 영천시 신녕면 화성중앙길 5,-,167,41,1,1,-,예,예,아니오
영천시,36.043052,128.787167,신녕부녀경로당,특정계층이용시설,경상북도 영천시 신녕면 본관시장길  34,-,208.6,52,3,1,-,예,예,아니오
울진군,36.72242,129.3920118,광품2리쉼터,야외시설,경상북도 울진군 온정면 광품1길 46,-,15,8,정보없음,정보없음,-,아니오,아니오,아니오
울진군,36.6863143,129.4643411,후포4리쉼터,야외시설,경상북도 울진군 후포면 울진대게로 333,-,15,8,정보없음,정보없음,-,아니오,아니오,아니오
의성군,36.2812164,128.5652384,신평리(신동)경로당,특정계층이용시설,경상북도 의성군 봉양면 농공신동길 130,-,84,68,1,1,-,아니오,아니오,아니오
고령군,35.719257,128.297769,양전1리경로당,특정계층이용시설,경상북도 고령군 개진면 양전길 157,-,79.26,24,1,1,-,아니오,아니오,아니오
고령군,35.728873,128.303191,양전2리경로당,특정계층이용시설,경상북도 고령군 개진면 내동길 34-15,-,226.16,68,1,1,-,아니오,아니오,아니오
고령군,35.710484,128.307828,반천경로당,특정계층이용시설,경상북도 고령군 개진면반운2길 13,-,108.56,33,1,1,-,아니오,아니오,아니오
고령군,35.713221,128.315199,신안경로당,특정계층이용시설,경상북도 고령군 개진면신안길 8,-,139.8,42,1,1,-,아니오,아니오,아니오
고령군,35.7196,128.313625,직1리경로당,특정계층이용시설,경상북도 고령군 개진면 개경포로 216,-,121.14,37,1,1,-,아니오,아니오,아니오
고령군,35.7295763,128.2643402,고령군지회,특정계층이용시설,경상북도 고령군 대가야읍 연조길 39,-,1361,412,1,1,-,아니오,아니오,아니오
울진군,36.8105364,129.3458981,죽전마을입구쉼터,야외시설,경상북도 울진군 매화면 신흥길 359,-,15,8,정보없음,정보없음,-,아니오,아니오,아니오
의성군,36.2454997,128.7522098,이2리경로당,특정계층이용시설,경상북도 의성군 가음면 금성현서로 833-6,-,69.3,8,2,1,-,아니오,아니오,아니오
청도군,35.655474,128.734934,송북리청도천둔치,야외시설,경상북도 청도군 화양읍 백곡길 60,-,114.5,12,정보없음,정보없음,-,아니오,아니오,아니오
청도군,35.6702884,128.687405,토평1리,특정계층이용시설,경상북도 청도군 화양읍 백곡길 27,-,89.73,22,2,1,-,아니오,아니오,아니오
봉화군,36.898675,128.738073,삼계1리주민쉼터,야외시설,경상북도 봉화군 봉화읍 문수로 10-25,-,60,6,정보없음,정보없음,-,아니오,아니오,아니오
봉화군,36.906199,128.728776,신흥마을쉼터,야외시설,경상북도 봉화군 봉화읍 내성로6길 28,-,60,6,정보없음,정보없음,-,아니오,아니오,아니오
경주시,35.8455651,129.2050445,성건본동경로당,특정계층이용시설,경상북도 경주시 화랑로37번길 10 (성건동),-,199.22,60,4,3,-,아니오,아니오,아니오
경주시,35.861472,129.18715,석장경로당,특정계층이용시설,"경상북도 경주시  석장길  90-1, 석장경로회관 (석장동)",-,87.68,27,1,2,-,아니오,아니오,아니오
경주시,35.854891,129.205396,서천경로당,특정계층이용시설,"경상북도 경주시  금성로415번길  14 , 서현경로당 (성건동)",-,147.66,45,5,2,-,아니오,아니오,아니오
경주시,35.811263,129.172405,두대리마을회관,특정계층이용시설,"경상북도 경주시  두대1길  1 ,  두다리마을회관 (율동)",-,274,83,3,3,-,아니오,아니오,아니오
경주시,35.8035028,129.1829887,율동마을회관,특정계층이용시설,경상북도 경주시 율동원길 20 (율동),-,199,60,2,2,-,아니오,아니오,아니오
의성군,36.3497882,128.7035117,태평스카이맨션(상리1리),특정계층이용시설,경상북도 의성군 의성읍 동서1길 82 (태평스카이맨션),-,40,40,4,1,-,아니오,아니오,아니오
울릉군,37.493703,130.909625,관해정,야외시설,경상북도 울릉군 울릉읍 봉래길 5-17,-,600,60,정보없음,정보없음,-,-,-,-
김천시,36.1372292,128.1128436,신음금류아파트경로당,특정계층이용시설,"경상북도 김천시 시청2길 30 (신음동, 신음동 금류아파트)",-,120,30,2,1,-,아니오,아니오,예
영천시,35.9849365,129.0272757,용전2경로당,특정계층이용시설,경상북도 영천시 고경면 추곡길 255,-,83.8,15,3,1,-,-,-,아니오
봉화군,36.8553126,128.6646706,문단정쉼터,야외시설,경상북도 봉화군 봉화읍 수안길 2-25,-,60,6,정보없음,정보없음,-,아니오,아니오,아니오
봉화군,36.911779,128.778066,구동쉼터,야외시설,경상북도 봉화군 봉화읍 산정길 190,-,60,6,정보없음,정보없음,-,아니오,아니오,아니오
의성군,36.3755864,128.8386843,전흥2리망곡경로당,특정계층이용시설,경상북도 의성군 옥산면 전흥2길 21,-,30,15,2,1,-,아니오,아니오,아니오
의성군,36.4304978,128.8209817,신계1리경로당,특정계층이용시설,경상북도 의성군 옥산면 신계길 84-4,-,67.6,10,2,1,-,아니오,아니오,아니오
의성군,36.4393971,128.8204318,신계1리경로당,특정계층이용시설,경상북도 의성군 옥산면 신계길 186,-,67.6,10,2,1,-,아니오,아니오,아니오
청도군,35.678,128.8933,신지생태공원,야외시설,경상북도 청도군 금천면 선암로 455-12,-,34,3,정보없음,정보없음,-,아니오,아니오,아니오
청도군,35.6639953,128.6663336,이서면분회,특정계층이용시설,경상북도 청도군 이서면 수야길 12,-,198,49,2,1,-,아니오,아니오,아니오
구미시,36.2313636,128.3325638,원2리경로당,특정계층이용시설,경상북도 구미시 선산읍유학13길 22,-,97.2,24,2,1,-,아니오,아니오,아니오
안동시,36.5608787,128.7202674,KT&G동우회경로당,특정계층이용시설,경상북도 안동시 제비원로 95 (당북동),-,33,15,2,2,-,아니오,아니오,아니오
안동시,36.5426477,128.658494,대계리경로당,특정계층이용시설,경상북도 안동시 남후면한계길 88,-,96.71,32,2,2,-,아니오,아니오,아니오
안동시,36.559648,128.711597,태화경로당,특정계층이용시설,경상북도 안동시 태화9길 18 (태화동),-,99,39,3,2,-,아니오,아니오,아니오
안동시,36.5627734,128.711677,서부경로당,특정계층이용시설,경상북도 안동시 태화9길 90 (태화동),-,57.87,25,3,2,-,아니오,아니오,아니오
청도군,35.6570543,128.6660117,서원리(신기),특정계층이용시설,경상북도 청도군 이서면 서원신기길 13,-,37,9,1,1,-,아니오,아니오,아니오
청도군,35.6641042,128.6654833,학산2리(주암),특정계층이용시설,경상북도 청도군 이서면 수야길 15,-,199,49,2,1,-,아니오,아니오,아니오
청도군,35.6725567,128.6486712,수야2리,특정계층이용시설,경상북도 청도군 이서면 행정명곡길 7,-,99,24,2,1,-,아니오,아니오,아니오
영덕군,36.4823955,129.18208,지품리경로당,특정계층이용시설,경상북도 영덕군 지품면 뫼들내길 60-1,-,86.95,21,3,1,-,아니오,아니오,아니오
구미시,36.13997,128.328733,꽃동산공원,야외시설,경상북도 구미시 송동로 191  (도량동),-,305.7,47,정보없음,정보없음,-,아니오,아니오,아니오
안동시,36.603639,128.777272,가느실경로당,특정계층이용시설,경상북도 안동시 와룡면 동악골길 335-3,-,79.19,23,2,1,-,아니오,아니오,아니오
영양군,36.6639156,129.11217,영양할머니경로당,특정계층이용시설,경상북도 영양군 영양읍 옥골3길 12-3,-,102.41,25,4,2,-,아니오,-,아니오
영양군,36.6780643,129.147602,상원1리경로당,특정계층이용시설,경상북도 영양군 영양읍 상원로 260,-,110.67,27,2,3,-,아니오,-,아니오
구미시,36.141655,128.321705,희망공원,야외시설,경상북도 구미시 송동로 105,-,9,2,정보없음,정보없음,-,아니오,아니오,아니오
영덕군,36.4795536,129.1723764,지품학곡경로당,특정계층이용시설,경상북도 영덕군 지품면 뫼들내길 166-1,-,48.32,15,3,1,-,아니오,아니오,아니오
영덕군,36.4722588,129.1760183,기사리경로당,특정계층이용시설,경상북도 영덕군 지품면 기사1길 4,-,66.12,16,3,1,-,아니오,아니오,아니오
영덕군,36.4626433,129.1773534,기사2길경로당,특정계층이용시설,경상북도 영덕군 지품면 기사길 217,-,90.4,22,2,1,-,아니오,아니오,아니오
김천시,35.943458,128.0124812,여배3리경로당,특정계층이용시설,경상북도 김천시 지례면 여배2길 85-4,-,68,16,2,1,-,아니오,아니오,예
김천시,35.9890601,128.034322,상부2경로당,특정계층이용시설,경상북도 김천시 지례면 지례로 39,-,75,18,2,1,-,아니오,아니오,아니오
봉화군,36.865186,128.820048,고감2리경로당,야외시설,경상북도 봉화군 명호면 고란길 15,-,60,10,정보없음,정보없음,-,아니오,아니오,아니오
봉화군,36.852241,128.87298,풍호2리경로당,야외시설,경상북도 봉화군 명호면 여깨길 162,-,60,10,정보없음,정보없음,-,아니오,아니오,아니오
봉화군,36.879988,128.933947,하학동경로당,야외시설,경상북도 봉화군 명호면 청량로 1984,-,60,10,정보없음,정보없음,-,아니오,아니오,아니오
영천시,36.0736805,128.9752436,삼매2리경로당,특정계층이용시설,경상북도 영천시 임고면 삼매매곡길 368,-,68,15,2,1,-,-,-,아니오
영천시,36.0399101,128.9823326,평천1리경로당,특정계층이용시설,경상북도 영천시 임고면 평천다산길 30-1,-,99,15,2,1,-,-,-,아니오
영천시,36.0401747,128.9855352,평천3리경로당,특정계층이용시설,경상북도 영천시 임고면 평천다산길 53-34,-,149,15,2,1,-,-,-,아니오
김천시,35.982568,128.027266,상부1경로당,특정계층이용시설,경상북도 김천시 지례면상부길 53,-,174,43,2,1,-,아니오,아니오,아니오
의성군,36.3859041,128.4938085,안정2리경로당,특정계층이용시설,경상북도 의성군 안계면 안정길 189,-,73.86,10,2,1,-,아니오,아니오,아니오
의성군,36.3792705,128.4453115,토매2리경로당,특정계층이용시설,경상북도 의성군 안계면 토매1길 12-11,-,98.4,24,3,1,-,아니오,아니오,아니오
의성군,36.3830473,128.4494448,토매3리경로당,특정계층이용시설,경상북도 의성군 안계면 토매3길 170-2,-,66.42,15,2,1,-,아니오,아니오,아니오
의성군,36.4440729,128.3551437,가원2리원동경로당,특정계층이용시설,경상북도 의성군 다인면 가원2길 31,-,60.3,16,2,1,-,-,아니오,-
의성군,36.2347718,128.843413,신흥2리경로당,특정계층이용시설,경상북도 의성군 춘산면 금오길 50,-,69.39,21,2,1,-,아니오,아니오,아니오
영천시,35.9183628,129.0105763,임포범진@경로당,특정계층이용시설,경상북도 영천시 북안면 임포역길 84,-,96.81,20,3,1,-,-,-,아니오
칠곡군,36.046067,128.455994,도개1리경로당,특정계층이용시설,"경상북도 칠곡군 석적읍 호국로  825 , 도계1리마을회관",-,74.2,50,3,1,-,아니오,아니오,아니오
칠곡군,36.049094,128.473563,도개2리경로당,특정계층이용시설,경상북도 칠곡군 석적읍 도개7길 15,-,111.52,60,2,1,-,아니오,아니오,아니오
영양군,36.6452523,129.1711548,화천1리경로당,특정계층이용시설,경상북도 영양군 영양읍 영양창수로 577,-,119.96,29,2,1,-,아니오,-,아니오
영양군,36.6737427,129.1328469,삼지2리경로당,특정계층이용시설,경상북도 영양군 영양읍 연지길 126-1,-,80.06,20,3,1,-,아니오,-,아니오
영양군,36.662973,129.123945,LH아파트경로당,특정계층이용시설,경상북도 영양군 영양읍 영양창수로 93,-,105.51,26,3,1,-,아니오,-,아니오
청도군,35.6101998,128.6420488,상함박,특정계층이용시설,경상북도 청도군 각남면 함박2길 6,-,70.5,17,2,1,-,아니오,아니오,아니오
의성군,36.3665092,128.7715432,신현지새터(구암2리),특정계층이용시설,경상북도 의성군 점곡면 구암리 84,-,24,5,2,1,-,-,-,-
봉화군,37.053655,128.77848,우구치리회관,야외시설,경상북도 봉화군 춘양면 춘양로 2247,-,60,10,정보없음,정보없음,-,아니오,아니오,아니오
칠곡군,35.916486,128.510359,옥포마을회관,특정계층이용시설,경상북도 칠곡군 지천면 옥포길 10,-,91.2,28,2,1,-,아니오,아니오,아니오
칠곡군,35.956226,128.4866524,신1리경로당,특정계층이용시설,경상북도 칠곡군 지천면 신동로7길 34-8,-,98.01,25,2,1,-,아니오,아니오,아니오
김천시,36.1877848,128.1455306,군자2리들말경로당,특정계층이용시설,경상북도 김천시 어모면 군자3길 148-5,-,99,19,1,1,-,아니오,아니오,예
경산시,35.944336,128.838779,덕촌경로당,특정계층이용시설,경상북도 경산시 와촌면 덕촌길 38-9,-,194,40,3,2,-,아니오,아니오,아니오
경산시,35.934027,128.847591,시천경로당,특정계층이용시설,경상북도 경산시 와촌면 와천서길 93,-,167,30,2,1,-,아니오,아니오,아니오
김천시,36.1958477,128.0921423,은기2리은석경로당,특정계층이용시설,경상북도 김천시 어모면 은기길 336,-,108,27,2,1,-,-,-,예
영양군,36.648122,129.106825,양평경로당(현2리),특정계층이용시설,경상북도 영양군 영양읍양평길 88-18,-,134,33,2,1,-,-,-,아니오
영양군,36.6665978,129.1280696,삼지1리경로당,특정계층이용시설,경상북도 영양군 영양읍 삼지길 98-4,-,108.59,27,3,2,-,-,-,아니오
영양군,36.6617473,129.1393587,하원리경로당,특정계층이용시설,경상북도 영양군 영양읍 상원로 27,-,106.57,26,2,2,-,-,-,아니오
문경시,36.737018,128.102469,문경시립문희도서관,공공시설,경상북도 문경시 문경읍 체육관길 11 (문희도서관),-,정보없음,50,정보없음,6,-,-,-,-
영천시,35.8512613,128.9917392,상리경로당,특정계층이용시설,경상북도 영천시 북안면 운북로 1194,-,92.07,50,3,2,-,-,-,아니오
영천시,35.8587592,128.9072281,조곡리경로당,특정계층이용시설,경상북도 영천시 대창면 조곡안길 90,-,90,35,2,1,-,-,-,아니오
영천시,35.8549983,128.890518,구지리경로당,특정계층이용시설,경상북도 영천시 대창면 용대로 804-1,-,133,70,2,1,-,-,-,아니오
영천시,35.8793818,128.8846868,사리1리경로당,특정계층이용시설,경상북도 영천시 대창면 선진길 43,-,85,30,2,1,-,-,-,아니오
영주시,36.8927306,128.5738966,재방노인회관,특정계층이용시설,경상북도 영주시 순흥면 회헌로801번길 86,-,57,12,3,1,-,아니오,아니오,아니오
영주시,36.893262,128.581785,율수회관(경로당),특정계층이용시설,경상북도 영주시 순흥면회헌로807번길 9,-,104,23,2,1,-,아니오,아니오,아니오
영주시,36.9083698,128.5450295,태장3리마을회관(노인회관),특정계층이용시설,경상북도 영주시 순흥면 태장로 147-9,-,123,30,3,1,-,아니오,아니오,아니오
영주시,36.8814063,128.6137508,동원1리구미마을회관(경로당),특정계층이용시설,경상북도 영주시 단산면동원로163번길 24,-,93,20,2,1,-,아니오,아니오,아니오
영주시,36.9036399,128.6106992,구구2리마을회관(노인회관),특정계층이용시설,경상북도 영주시 단산면 구구로105번길 19-2,-,108,40,3,1,-,아니오,아니오,아니오
영주시,36.761407,128.5903546,호문3리노인정(경로당),특정계층이용시설,경상북도 영주시 장수면 호문길101번길 15,-,100,25,1,1,-,아니오,아니오,아니오
영천시,35.9985652,129.0542507,전사1경로당,특정계층이용시설,경상북도 영천시 고경면 앞새일길 15-26,-,80.6,20,1,1,-,-,-,아니오
영천시,35.99521,129.044818,전사2경로당,특정계층이용시설,"경상북도 영천시 고경면 백소길  66 , 전사2리회관",-,78,20,2,1,-,-,-,아니오
봉화군,36.9090511,128.7575904,유곡2리경로당,특정계층이용시설,경상북도 봉화군 봉화읍 토일길 96,-,57,14,2,1,-,아니오,아니오,아니오
봉화군,36.890594,128.7673885,거촌1리경로당,특정계층이용시설,경상북도 봉화군 봉화읍 거수1길 18,-,35,8,2,1,-,아니오,아니오,아니오
봉화군,36.8736259,128.7427135,황전경로당,특정계층이용시설,경상북도 봉화군 봉화읍 황전길 9,-,73,18,2,1,-,아니오,아니오,아니오
안동시,36.5418,128.4644,구담2리경로당,특정계층이용시설,경상북도 안동시 풍천면섬마길 7-11,-,138.4,25,3,2,-,아니오,아니오,아니오
안동시,36.5434673,128.5072853,광덕1리경로당,특정계층이용시설,경상북도 안동시 풍천면 안사풍천길 2063,-,84,21,5,2,-,아니오,아니오,아니오
안동시,36.5365108,128.494421,광덕2리경로당,특정계층이용시설,경상북도 안동시 풍천면 안심길 119,-,99.75,23,4,2,-,아니오,아니오,아니오
안동시,36.5328274,128.4846702,기산1리경로당,특정계층이용시설,경상북도 안동시 풍천면 안사풍천길 1816,-,142.91,35,4,2,-,아니오,아니오,아니오
안동시,36.5332281,128.4700037,기산2리경로당,특정계층이용시설,경상북도 안동시 풍천면 기산구장길 69-7,-,240.72,60,3,2,-,아니오,아니오,아니오
문경시,36.587179,128.194031,장원하이드파크쉼터,야외시설,경상북도 문경시 남부4길 13,-,10,2,정보없음,정보없음,-,-,-,-
영천시,35.9071708,128.8845178,원기리경로당,특정계층이용시설,경상북도 영천시 금호읍 창산길 142-5,-,89.3,30,2,2,-,예,예,아니오
영천시,35.988081,128.867199,우천1리경로당,특정계층이용시설,경상북도 영천시 청통면청통로 236,-,105.71,30,3,2,-,예,예,아니오
의성군,36.4367932,128.4641601,안사2리마을회관,특정계층이용시설,경상북도 의성군 안사면 안사2길  34,-,180.56,20,2,1,-,-,아니오,-
의성군,36.4384218,128.4551498,만리1리마을회관,특정계층이용시설,경상북도 의성군 안사면 만리1길 46,-,79.88,20,2,1,-,아니오,-,아니오
의성군,36.4307913,128.4616917,안사면복지회관,특정계층이용시설,경상북도 의성군 안사면 안신로 645,-,100,80,9,5,-,아니오,아니오,아니오
영천시,36.017756,128.777141,신원리경로당,특정계층이용시설,"경상북도 영천시 청통면 거조길  328 , 신원경로당",-,90.48,30,3,1,-,예,예,아니오
영천시,35.9753863,128.8223898,송천리경로당,특정계층이용시설,경상북도 영천시 청통면 월성길 7-9,-,99.12,30,2,1,-,예,예,아니오
의성군,36.4162405,128.3938318,연제3리마을회관,특정계층이용시설,경상북도 의성군 단북면 연제3길 27,-,79.68,18,2,1,-,-,아니오,-
문경시,36.6154501,128.039732,청솔공원,야외시설,경상북도 문경시 가은읍 작약로 798,-,500,76,정보없음,정보없음,-,-,-,-
영천시,35.9610458,129.1106871,파계경로당,특정계층이용시설,경상북도 영천시 고경면 용담로 1809,-,99.42,25,2,1,-,-,-,아니오
의성군,36.3705285,128.3833095,주선1리경로당,특정계층이용시설,경상북도 의성군 단밀면 주선1길 50,-,67.3,29,2,1,-,아니오,아니오,아니오
영주시,36.8423,128.5991,마을회관(정자),야외시설,경상북도 영주시 창진로 195 (창진동),-,40,1,정보없음,정보없음,-,아니오,아니오,아니오
안동시,36.5225822,128.5570996,인금1리경로당,특정계층이용시설,경상북도 안동시 풍천면 하인금길 2,-,84.86,21,5,2,-,아니오,아니오,아니오
의성군,36.3835656,128.7746224,윤암1리,특정계층이용시설,경상북도 의성군 점곡면 윤암1길 65,-,77.8,25,2,1,-,아니오,아니오,아니오
의성군,36.3578068,128.7972629,감계2리,특정계층이용시설,경상북도 의성군 옥산면 신감옥산로 720,-,34.5,10,2,1,-,아니오,아니오,아니오
안동시,36.5211281,128.5450494,인금2리경로당,특정계층이용시설,경상북도 안동시 풍천면 월애길 153,-,78.9,19,4,2,-,아니오,아니오,아니오
안동시,36.556783,128.5367668,병산리경로당,특정계층이용시설,경상북도 안동시 풍천면 병산길 47,-,83.59,22,2,2,-,아니오,아니오,아니오
안동시,36.5393614,128.5195421,하회1리경로당,특정계층이용시설,경상북도 안동시 풍천면 하회종가길 40,-,110.72,27,3,2,-,아니오,아니오,아니오
영덕군,36.535467,129.4054816,성내3리경로당,특정계층이용시설,경상북도 영덕군 영해면 예주1길 3,-,136,23,1,2,-,아니오,아니오,예
고령군,35.768731,128.289837,운수보건지소,공공시설,경상북도 고령군 운수면 운용로 104 (운수보건소),-,정보없음,정보없음,정보없음,정보없음,-,-,-,-
예천군,36.710558,128.498226,덕율1리경로당,특정계층이용시설,경상북도 예천군 감천면 덕율4길 50,-,30,8,1,1,-,아니오,아니오,아니오
예천군,36.701603,128.50194,덕율2리경로당,특정계층이용시설,경상북도 예천군 감천면 충효로 1051-17,-,30,8,1,1,-,아니오,아니오,아니오
고령군,35.7082,128.413807,부2리경로당,특정계층이용시설,경상북도 고령군 개진면독실길 54,-,71.37,22,1,1,-,아니오,아니오,아니오
고령군,35.717057,128.411117,생리경로당,특정계층이용시설,경상북도 고령군 개진면개경포로 1554,-,103,31,1,1,-,아니오,아니오,아니오
성주군,35.85574,128.293288,마월1리경로당,특정계층이용시설,"경상북도 성주군 용암면 마월1길  11-4, 마월1리마을회관",-,82.9,21,2,1,-,아니오,아니오,아니오
의성군,36.3801883,128.3741471,도방(속암2리),특정계층이용시설,경상북도 의성군 단밀면 도방길 21,-,61.6,12,2,1,-,아니오,아니오,아니오
의성군,36.3737032,128.3799943,주선2리경로당,특정계층이용시설,경상북도 의성군 단밀면 주선2길 24,-,158.6,42,2,1,-,아니오,아니오,아니오
의성군,36.4087894,128.389046,효제1리마을회관,특정계층이용시설,경상북도 의성군 단북면 효자길  52-14,-,53.01,48,2,1,-,아니오,아니오,아니오
성주군,35.865607,128.282993,마월2리경로당,특정계층이용시설,경상북도 성주군 용암면 마월3길  7,-,71.1,18,2,1,-,아니오,아니오,아니오
성주군,35.84931,128.283578,계상리경로당,특정계층이용시설,"경상북도 성주군 용암면 계상길  96 , 계상리노인회관",-,87.7,22,2,1,-,아니오,아니오,아니오
영덕군,36.506456,129.39256,상원리(황토목이)경로당,특정계층이용시설,경상북도 영덕군 축산면 상원길 29-3,-,47,30,1,1,-,아니오,아니오,아니오
영덕군,36.5081386,129.3868702,부곡리경로당,특정계층이용시설,경상북도 영덕군 축산면 부곡길 58-17,-,72.7,30,2,1,-,아니오,아니오,아니오
영덕군,36.497052,129.366804,칠성1리경로당,특정계층이용시설,경상북도 영덕군 축산면 칠성길 291-2,-,79.5,30,1,1,-,아니오,아니오,아니오
영주시,36.798613,128.501804,봉현면노좌2리노인회관(정자),야외시설,경상북도 영주시 봉현면 노좌로45번길 42,-,40,1,정보없음,정보없음,-,아니오,아니오,아니오
영주시,36.892813,128.573949,순흥면지동리(정자),야외시설,경상북도 영주시 순흥면 회헌로801번길 86,-,40,1,정보없음,정보없음,-,아니오,아니오,아니오
영주시,36.946551,128.579269,순흥면청구리여근동마을회관(정자),야외시설,경상북도 영주시 순흥면 청구길 253-9,-,40,1,정보없음,정보없음,-,아니오,아니오,아니오
예천군,36.712133,128.505098,덕율3리경로당,특정계층이용시설,경상북도 예천군 감천면 만맛길 43-10,-,92,23,1,1,-,아니오,아니오,아니오
울진군,36.9100477,129.3796414,노인회관앞쉼터,야외시설,경상북도 울진군 매화면 매화2길 24-12,-,15,8,정보없음,정보없음,-,아니오,아니오,아니오
의성군,36.3803567,128.3671305,서제1리경로당,특정계층이용시설,경상북도 의성군 단밀면 서제1길 38-2,-,71,51,2,1,-,아니오,아니오,아니오
의성군,36.3804107,128.3784145,속암2리경로당,특정계층이용시설,경상북도 의성군 단밀면 속암길 7-8,-,70.8,35,2,1,-,아니오,아니오,아니오
의성군,36.3572754,128.3971578,용곡1리경로당,특정계층이용시설,경상북도 의성군 단밀면 도리비길 37,-,87,37,4,1,-,아니오,아니오,아니오
예천군,36.7200187,128.4944143,관현1리경로당,특정계층이용시설,경상북도 예천군 감천면 관현1길 9-9,-,30,7,1,1,-,아니오,아니오,아니오
예천군,36.726816,128.49089,천향1리경로당,특정계층이용시설,경상북도 예천군 감천면 석송로 321-7 (천향노인회관),-,30,7,1,1,-,아니오,아니오,아니오
예천군,36.7359872,128.4817424,천향2리(오향)경로당,특정계층이용시설,경상북도 예천군 감천면 오향길 134,-,96,24,1,1,-,아니오,아니오,아니오
영주시,37.039958,128.668841,부석면남대리(정자),야외시설,경상북도 영주시 부석면 영부로 871,-,40,1,정보없음,정보없음,-,아니오,아니오,아니오
구미시,36.2675621,128.1886228,무수2경로당,특정계층이용시설,경상북도 구미시 무을면 무수1길 41-3,-,65,18,1,1,-,아니오,아니오,아니오
칠곡군,36.0687722,128.3483282,인평5리경로당,특정계층이용시설,경상북도 칠곡군 북삼읍 금오대로6길 9-6 (인평 창신 아파트),-,70,17,2,1,-,아니오,아니오,아니오
칠곡군,36.071285,128.335663,인평6리경로당,특정계층이용시설,경상북도 칠곡군 북삼읍북삼로8길 19 (동부늘푸른타운),-,95,23,2,1,-,아니오,아니오,아니오
칠곡군,36.0678833,128.3400616,인평7리경로당,특정계층이용시설,경상북도 칠곡군 북삼읍 인강5길 59 (대동아파트),-,61,150,2,1,-,아니오,아니오,아니오
영천시,35.9370154,128.9835879,송포1리경로당,특정계층이용시설,경상북도 영천시 북안면 엿들길 10-8,-,35,35,3,1,-,-,-,아니오
칠곡군,36.0636056,128.3341634,인평8리경로당,특정계층이용시설,경상북도 칠곡군 북삼읍 안산2길 6-4 (숭오 화진금봉타운(1차)),-,59,14,2,1,-,아니오,아니오,아니오
칠곡군,36.0707148,128.3400857,인평9리경로당,특정계층이용시설,경상북도 칠곡군 북삼읍 인강8길 21 (인평화성타운),-,63,15,2,1,-,아니오,아니오,아니오
칠곡군,35.9427246,128.4657928,송정리수정경로당,특정계층이용시설,경상북도 칠곡군 지천면 송정수정길 32,-,51.4,15,1,1,-,아니오,아니오,아니오
영천시,35.961671,128.9343426,10통경로당,특정계층이용시설,경상북도 영천시 구읍2길 19 (완산동),-,52,15,2,1,-,-,-,아니오
울진군,36.7514648,129.3374587,선구보건소쉼터,야외시설,경상북도 울진군 온정면 원덕산길 42,-,15,8,정보없음,정보없음,-,아니오,아니오,아니오
영덕군,36.4469712,129.3232954,삼화2리경로당,특정계층이용시설,경상북도 영덕군 지품면 삼화1길 17-11,-,84,21,2,1,-,아니오,아니오,아니오
영덕군,36.4307963,129.3270475,오천학구경로당,특정계층이용시설,경상북도 영덕군 지품면 경동로 7741,-,67.09,16,3,1,-,아니오,아니오,아니오
영덕군,36.4278541,129.326514,오천1리경로당,특정계층이용시설,경상북도 영덕군 지품면 오천길 22,-,75.24,18,5,1,-,아니오,아니오,아니오
문경시,36.600867,128.003573,농암면행정복지센터1,야외시설,경상북도 문경시 농암면 농암길 50,-,25,4,정보없음,정보없음,-,-,-,-
문경시,36.628781,127.968932,궁기2리마을회관정자,야외시설,경상북도 문경시 농암면 고모재길 240,-,20,4,정보없음,정보없음,-,-,-,-
문경시,36.601782,128.199425,점촌1동소공원2,야외시설,경상북도 문경시 문창길 7-6,-,200,31,정보없음,정보없음,-,-,-,-
성주군,35.891925,128.345228,동암2경로당,특정계층이용시설,경상북도 성주군 선남면 동암4길  6,-,50,25,2,1,-,아니오,아니오,아니오
성주군,35.884908,128.350159,유서1경로당,특정계층이용시설,"경상북도 성주군 선남면 유서리1길  29-2, 유서1리마을회관",-,60,30,3,1,-,아니오,아니오,아니오
안동시,36.5071311,128.5272518,금계리경로당,특정계층이용시설,경상북도 안동시 풍천면 풍일로 969,-,76.36,19,2,2,-,아니오,아니오,아니오
안동시,36.4938571,128.5650369,어담리경로당,특정계층이용시설,경상북도 안동시 풍천면 풍일로 1364,-,132.32,33,4,1,-,아니오,아니오,아니오
의성군,36.4412787,128.6830598,세촌2리마을회관,특정계층이용시설,경상북도 의성군 단촌면 세촌길 21,-,101.5,10,2,1,-,아니오,아니오,아니오
의성군,36.4298306,128.3776322,신락1리경로당,특정계층이용시설,경상북도 의성군 다인면 신락1길 27-2,-,67.25,10,2,1,-,아니오,아니오,아니오
상주시,36.4785801,128.106027,가곡리마을회관,특정계층이용시설,경상북도 상주시 외서면우산로 604,-,235,32,2,1,-,아니오,아니오,아니오
상주시,36.483399,128.152605,개곡리마을회관,특정계층이용시설,경상북도 상주시 외서면 서당골길 240,-,84,28,2,1,-,아니오,아니오,아니오
청송군,36.2983,129.0063,원창경로당,특정계층이용시설,경상북도 청송군 현동면 원창양길 131,-,72,22,2,1,-,아니오,아니오,아니오
상주시,36.2898,128.0347,우하리마을회관,특정계층이용시설,경상북도 상주시 공성면 우하2길 21-3,-,88,27,2,1,-,아니오,아니오,아니오
영주시,36.84506,128.660889,상망동영남맨션(정자),야외시설,경상북도 영주시 원당로223번길 57,-,40,1,정보없음,정보없음,-,아니오,아니오,아니오
영덕군,36.5728433,129.4026143,원황2리경로당,특정계층이용시설,경상북도 영덕군 병곡면 원황3길 20,-,204.35,50,4,2,-,아니오,아니오,아니오
영천시,35.9937715,129.0064806,도암1경로당,특정계층이용시설,경상북도 영천시 고경면 호국로 674-11,-,16.53,20,2,1,-,-,-,아니오
의성군,36.2754259,128.6232197,삼산1리경로당,특정계층이용시설,경상북도 의성군 봉양면 삼산1길 69-10,-,89.5,30,3,1,-,아니오,아니오,아니오
상주시,36.4149574,128.166222,성동경로당,특정계층이용시설,경상북도 상주시  성동2길  40   (성동동),-,86,26,4,1,-,아니오,아니오,아니오
상주시,36.4148714,128.163946,성하동노인회,특정계층이용시설,경상북도 상주시  성하2길  14-10  (성하동),-,83,25,4,1,-,아니오,아니오,아니오
영천시,35.927631,128.9125147,황정리경로당,특정계층이용시설,경상북도 영천시 금호읍 관황길 49-4,-,82.6,30,3,2,-,예,예,아니오
문경시,36.5717169,128.2675408,금림리팔각정,야외시설,경상북도 문경시 영순면 무림길 203-2,-,200,31,정보없음,정보없음,-,-,-,-
예천군,36.655212,128.481572,통명리경로당,특정계층이용시설,경상북도 예천군 예천읍 통명길 55-3,-,83,20,1,1,-,아니오,아니오,아니오
의성군,36.4243385,128.347899,용무1리경로당,특정계층이용시설,경상북도 의성군 다인면 용무1길 48,-,67.25,10,2,1,-,-,아니오,-
문경시,36.5694321,128.2821981,달지2리팔각정,야외시설,경상북도 문경시 영순면 대율1길 23-13,-,30,5,정보없음,정보없음,-,-,-,-
봉화군,36.8753209,128.6976363,건정경로당,특정계층이용시설,경상북도 봉화군 봉화읍 두릉골길 3,-,70,17,2,1,-,아니오,아니오,아니오
상주시,36.4149,128.1495,낙양마을회관(낙양10통경로당),특정계층이용시설,경상북도 상주시 낙양8길 59 (낙양동),-,154,47,2,1,-,아니오,아니오,아니오
상주시,36.3871973,128.12641,개운2동마을회관,특정계층이용시설,경상북도 상주시  대개운길  27   (개운동),-,86,26,3,1,-,아니오,아니오,아니오
상주시,36.4181053,128.113934,남장마을회관,특정계층이용시설,경상북도 상주시  남장5길  1   (남장동),-,83,25,3,1,-,아니오,아니오,아니오
의성군,36.3649023,128.387416,위중2리경로당,특정계층이용시설,경상북도 의성군 단밀면 위중2길 38,-,74.68,49,3,1,-,아니오,아니오,아니오
영양군,36.774187,129.1724262,계수경로당,특정계층이용시설,경상북도 영양군 수비면 사돈길 2,-,118.88,30,2,1,-,아니오,-,아니오
울진군,37.0453135,129.4112919,봉평리쉼터,야외시설,경상북도 울진군 죽변면 봉평길 9,-,15,8,정보없음,정보없음,-,아니오,아니오,아니오
영천시,35.9882354,128.9648205,매호2리경로당,특정계층이용시설,경상북도 영천시 임고면 포은로 117,-,66,20,2,1,-,-,-,아니오
영천시,35.9027171,128.8960809,오계2리경로당,특정계층이용시설,경상북도 영천시 금호읍 사근달길 75-3,-,99,35,3,2,-,예,예,아니오
영천시,36.0012125,129.0447235,해선경로당,특정계층이용시설,경상북도 영천시 고경면 월천길 26-72,-,89.3,22,6,2,-,-,-,아니오
영천시,36.0003012,129.038828,장척경로당,특정계층이용시설,경상북도 영천시 고경면 장재길 14,-,78,20,1,1,-,-,-,아니오
김천시,36.1207999,128.0876302,제2주공경로당,특정계층이용시설,"경상북도 김천시 문지왈길 68 (부곡동, 부곡3주공아파트)",-,164,41,2,1,-,아니오,아니오,예
문경시,36.5412348,128.2370954,율곡리팔각정,야외시설,경상북도 문경시 영순면 딩골길 13,-,50,8,정보없음,정보없음,-,-,-,-
울진군,36.7924244,129.412603,다오네쉼터(다천1리),야외시설,경상북도 울진군 기성면 정다이로 516,-,15,8,정보없음,정보없음,-,아니오,아니오,아니오
울진군,36.7942195,129.4505958,자산쉼터(척산1리),야외시설,경상북도 울진군 기성면 척산1길 19-3,-,15,8,정보없음,정보없음,-,아니오,아니오,아니오
포항시,36.0545092,129.3754401,우방비치마을쉼터,특정계층이용시설,"경상북도 포항시 북구 삼호로 175 (항구동, 우방비치아파트)",-,59,18,1,1,-,아니오,아니오,아니오
울진군,36.8519165,129.4266631,망양2리쉼터,야외시설,"경상북도 울진군 망양골안길 4  (기성면, 망양2리마을회관)",-,15,8,정보없음,정보없음,-,아니오,아니오,아니오
의성군,36.4492547,128.3286588,덕지1리경로당,특정계층이용시설,경상북도 의성군 다인면 덕지1길 23,-,101.52,10,2,1,-,아니오,아니오,아니오
상주시,36.4792025,127.936196,동관1리마을회관,특정계층이용시설,경상북도 상주시 화남면동관1길 10-1,-,79,20,2,1,-,아니오,아니오,아니오
울진군,36.6878688,129.3914205,덕인2리쉼터,야외시설,경상북도 울진군 온정면 덕인2길 107,-,15,8,1,1,-,아니오,아니오,아니오
울진군,36.7229381,129.4715692,삼거리쉼터,야외시설,경상북도 울진군 평해읍 울진대게로 811,-,15,8,정보없음,정보없음,-,아니오,아니오,아니오
의성군,36.4794226,128.3410755,덕미1리경로당,특정계층이용시설,경상북도 의성군 다인면 덕미1길 15-5,-,125.33,10,2,1,-,-,아니오,-
의성군,36.5080343,128.3562031,양서1리낙양경로당,특정계층이용시설,경상북도 의성군 다인면 덕미3길 8,-,42.81,10,2,1,-,-,아니오,-
의성군,36.519246,128.3569779,용곡1리경로당,특정계층이용시설,경상북도 의성군 다인면 용곡1길 61,-,67.25,10,1,1,-,아니오,아니오,아니오
영주시,36.853296,128.541673,생현1리노인회관,특정계층이용시설,경상북도 영주시 안정면신재로707번길 5-24,-,91.74,21,2,1,-,아니오,아니오,아니오
의성군,36.4923081,128.3866794,봉정1리경로당,특정계층이용시설,경상북도 의성군 다인면 자미로 731,-,80.3,10,2,1,-,아니오,아니오,아니오
의성군,36.4237105,128.405301,삼분1리경로당,특정계층이용시설,경상북도 의성군 다인면 삼분1길 36,-,181.34,15,3,1,-,-,아니오,-
의성군,36.4418807,128.3897924,외정1리경로당,특정계층이용시설,경상북도 의성군 다인면 내산정길 19-3,-,94.18,15,1,1,-,-,아니오,-
의성군,36.3433297,128.4901861,이두1리마을회관,특정계층이용시설,경상북도 의성군 비안면 이두1길  77,-,100.71,20,3,1,-,아니오,아니오,아니오
의성군,36.3272791,128.7048447,오로2리경로당,특정계층이용시설,경상북도 의성군 의성읍 오로리 1061-22,-,92.44,67,1,1,-,아니오,아니오,아니오
김천시,36.1219459,128.101678,가메실경로당,특정계층이용시설,경상북도 김천시 가메실7길 37-23 (부곡동),-,168,42,2,1,-,아니오,아니오,예
영주시,36.846409,128.540156,생현2리노인회관,특정계층이용시설,경상북도 영주시 안정면용주로1371번길 113,-,90.67,22,2,1,-,아니오,아니오,아니오
영주시,36.8612766,128.4776723,두산1리경로당(새마을회관),특정계층이용시설,경상북도 영주시 봉현면 테라피로 255-14,-,115,41,1,1,-,아니오,아니오,아니오
영주시,36.8644676,128.4982771,두산3리경로당,특정계층이용시설,경상북도 영주시 봉현면 테라피로460번길 46-1,-,75,63,3,1,-,아니오,아니오,아니오
안동시,36.568701,128.9198586,임동면분회경로당,특정계층이용시설,경상북도 안동시 임동면 챗거리길 47,-,49.5,15,2,1,-,아니오,아니오,아니오
김천시,36.1431198,128.0993891,교동코아루1차아파트경로당,특정계층이용시설,"경상북도 김천시 삼락택지길 132 (교동, 코아루1차아파트)",-,84,21,2,1,-,아니오,아니오,예
김천시,36.132306,128.122693,신음그린빌경로당,특정계층이용시설,경상북도 김천시 신음새동네길 111 (김천 신음그린빌 205동),-,132,33,2,1,-,아니오,아니오,예
울진군,37.053348,129.368641,화성2리쉼터,야외시설,경상북도 울진군 죽변면 범상길 43,-,15,8,정보없음,정보없음,-,아니오,아니오,아니오
안동시,36.5952,128.5959,상리3리경로당,특정계층이용시설,경상북도 안동시 풍산읍상리중앙길 6,-,90.09,43,3,1,-,아니오,아니오,아니오
의성군,36.3844963,128.8316891,전흥1리회관,특정계층이용시설,경상북도 의성군 옥산면 금봉로 266-3,-,101.42,20,3,1,-,아니오,아니오,아니오
의성군,36.4149735,128.8053176,신계2리,특정계층이용시설,경상북도 의성군 옥산면 의성길안로 1485,-,56,15,3,1,-,아니오,아니오,아니오
의성군,36.4183126,128.8121331,신계2리경로당,특정계층이용시설,경상북도 의성군 옥산면 의성길안로 1565,-,36.9,10,2,1,-,아니오,아니오,아니오
영주시,36.859728,128.5123891,오현2리경로당(새마을회관),특정계층이용시설,경상북도 영주시 봉현면 신재로939번길 110,-,92,54,1,1,-,아니오,아니오,아니오
영주시,36.8581086,128.5175688,오현3리경로당(새마을회관),특정계층이용시설,경상북도 영주시 봉현면 오현로59번길 90,-,115,40,3,1,-,아니오,아니오,아니오
경산시,35.946594,128.836878,와촌복지회관앞,야외시설,경상북도 경산시 와촌면 섬마을길 211-11,-,13,1,정보없음,정보없음,-,-,-,-
울진군,36.7239483,129.343745,소태1리쉼터,야외시설,경상북도 울진군 온정면 소태3길 39,-,15,1,1,1,-,아니오,아니오,아니오
영주시,36.7186,128.6013,석탑교앞(정자),야외시설,경상북도 영주시 문수면 조제로 59,-,40,1,정보없음,정보없음,-,아니오,아니오,아니오
영주시,36.754616,128.637128,막현(정자),야외시설,경상북도 영주시 문수면 종릉로105번길 23-2,-,40,1,정보없음,정보없음,-,아니오,아니오,아니오
영천시,36.01101,128.989384,우항리경로당,특정계층이용시설,경상북도 영천시 임고면 효자로  348,-,87,17,2,1,-,-,-,아니오
의성군,36.2988011,128.5816484,화전2리경로당,특정계층이용시설,경상북도 의성군 봉양면 도리원6길  15-7,-,146.72,74,3,1,-,아니오,아니오,아니오
의성군,36.3143233,128.5611776,안평2리경로당,특정계층이용시설,"경상북도 의성군 강변길 805  (봉양면, 안평2리회관)",-,385.95,38,1,1,-,아니오,아니오,아니오
의성군,36.3113555,128.600378,구미리경로당,특정계층이용시설,경상북도 의성군 봉양면구미길 102,-,64.8,60,2,1,-,아니오,아니오,아니오
의성군,36.3260365,128.6418074,문흥1리경로당,특정계층이용시설,경상북도 의성군 봉양면 문흥1길 40,-,98.4,56,2,1,-,아니오,아니오,아니오
의성군,36.2209481,128.7194306,귀천1리마을쉼터,특정계층이용시설,경상북도 의성군 가음면 귀천1길 25,-,60.24,11,4,1,-,아니오,아니오,아니오
예천군,36.6524632,128.420293,석정리경로당,특정계층이용시설,경상북도 예천군 예천읍 석정길 193,-,66,16,1,1,-,아니오,아니오,아니오
포항시,35.9638431,129.4163218,세계5리마을쉼터,특정계층이용시설,경상북도 포항시 남구 오천읍 세계길 8-23,-,202,61,2,1,-,아니오,아니오,아니오
의성군,36.3996248,128.4235127,정안2리마을회관(하안길),특정계층이용시설,경상북도 의성군 단북면 하안길  7,-,66.66,47,3,1,-,-,아니오,-
의성군,36.3976433,128.4151366,정안3리마을회관,특정계층이용시설,경상북도 의성군 단북면 오정길 42,-,66.66,47,3,1,-,-,아니오,-
의성군,36.3928469,128.4118201,연제1리마을회관,특정계층이용시설,경상북도 의성군 단북면 연제1길  82-11,-,67.84,25,2,1,-,아니오,아니오,아니오
의성군,36.4076624,128.4026054,연제2리마을회관,특정계층이용시설,경상북도 의성군 단북면 연제2길 38,-,69.6,38,2,1,-,-,아니오,-
청송군,36.288926,128.95982,안덕면행정복지센터,공공시설,경상북도 청송군 안덕면 안덕로 82 (안덕면행정복지센터),-,정보없음,정보없음,정보없음,3,-,-,예,-
고령군,35.824668,128.449901,다산보건지소,공공시설,경상북도 고령군 다산면 다산로 681 (다산행정복합타운),-,정보없음,정보없음,정보없음,정보없음,-,-,-,-
청송군,36.523331,129.039677,객주소설도서관,공공시설,경상북도 청송군 진보면 청송로 6359,-,정보없음,정보없음,정보없음,정보없음,-,-,-,-
청송군,36.46308,129.03784,파천면사무소,공공시설,경상북도 청송군 파천면 청송로 5544 (파천면사무소),-,정보없음,정보없음,정보없음,3,-,-,예,-
청송군,36.52934,129.046769,진보면행정복지센터,공공시설,경상북도 청송군 진보면 진안동2길 4-10 (진보면사무소),-,정보없음,정보없음,정보없음,3,-,-,예,-
청송군,36.356952,129.158481,주왕산면작은도서관,공공시설,경상북도 청송군 주왕산면 부동로 1011-10,-,정보없음,정보없음,정보없음,2,-,-,-,-
청송군,36.501179,129.032381,송강2리마을회관,특정계층이용시설,경상북도 청송군 파천면 목계마을길 20-1 (송강2리마을회관),-,50,정보없음,3,3,-,-,-,-
고령군,35.725071,128.264979,고령군보건소,공공시설,경상북도 고령군 대가야읍 왕릉로 56-5 (고령군보건소),-,정보없음,정보없음,정보없음,정보없음,-,-,-,-
고령군,35.778289,128.230861,덕곡보건지소,공공시설,경상북도 고령군 덕곡면 덕운로 575-1,-,정보없음,정보없음,정보없음,정보없음,-,-,-,-
청도군,35.691853,128.889869,금빛작은도서관,공공시설,경상북도 청도군 금천면 청려로 4221-9 (금빛센터),-,정보없음,정보없음,정보없음,정보없음,-,-,-,-
포항시,35.9858908,129.4375066,도구1리할머니마을쉼터,특정계층이용시설,경상북도 포항시 남구 동해면 도구길 48,-,72,22,1,1,-,아니오,아니오,아니오
포항시,35.9737637,129.4106296,신천지마을쉼터,특정계층이용시설,경상북도 포항시 남구 오천읍 해병로 241 (제일신천지타운),-,207,63,2,1,-,아니오,아니오,아니오
의성군,36.4510527,128.353533,서릉2리뒷마을경로당,특정계층이용시설,경상북도 의성군 다인면 서릉3길 35-9,-,60.6,21,2,1,-,아니오,아니오,아니오
청도군,35.6737312,128.903811,신지3리,특정계층이용시설,경상북도 청도군 금천면 박곡길 98,-,72,18,1,1,-,아니오,아니오,아니오
청도군,35.648177,128.736393,청도어린이도서관,공공시설,경상북도 청도군 화양읍 청화로 79-3,-,정보없음,정보없음,정보없음,정보없음,-,-,-,-
청송군,36.344548,129.063396,부남면행정복지센터,공공시설,경상북도 청송군 부남면 대전로 119 (부남면사무소),-,정보없음,정보없음,정보없음,3,-,-,예,-
청송군,36.290593,129.01682,현동면행정복지센터,공공시설,경상북도 청송군 현동면 청송로 2647 (현동면사무소),-,정보없음,정보없음,정보없음,3,-,-,예,-
청송군,36.275879,128.896152,현서면행정복지센터,공공시설,경상북도 청송군 현서면 구산동로 27 (현서면사무소),-,정보없음,정보없음,정보없음,3,-,-,예,-
청송군,36.275476,128.896536,현서면작은도서관,공공시설,경상북도 청송군 현서면 구산2길 4 (현서면작은도서관),-,정보없음,정보없음,정보없음,정보없음,-,-,-,-
고령군,35.737116,128.271834,고령군국민체육센터(2층휴게실),공공시설,경상북도 고령군 대가야읍 대가야로 1440,-,정보없음,정보없음,정보없음,정보없음,-,-,예,-
구미시,36.1515514,128.3127397,다복경로당,특정계층이용시설,경상북도 구미시 봉곡로18길 17-4,-,107.2,27,2,1,-,아니오,아니오,아니오
포항시,36.0083534,129.3522575,노병경로당,특정계층이용시설,경상북도 포항시 남구 뱃머리길 30-64  (상도동),-,정보없음,정보없음,정보없음,정보없음,-,-,-,-
포항시,36.029558,129.365725,오거리마을쉼터,특정계층이용시설,경상북도 포항시 북구 중흥로310번길 19-6,-,136.98,41,2,1,-,아니오,아니오,아니오
포항시,36.0477092,129.3519625,제일프리미엄경로당,특정계층이용시설,경상북도 포항시 북구 용흥로292번길 11,-,47,20,1,1,-,아니오,아니오,아니오
포항시,36.0430024,129.3488927,한라6차아파트마을쉼터,특정계층이용시설,"경상북도 포항시 북구 대안길 81 (용흥동, 한라파크 6차)",-,28,8,1,1,-,아니오,아니오,아니오
포항시,36.0428349,129.3527992,우방제4노인회마을쉼터,특정계층이용시설,"경상북도 포항시 북구 대안길 56 (용흥동, 우방타운)",-,92,28,1,1,-,아니오,아니오,아니오
영천시,35.9645063,128.9352331,남부경로당,특정계층이용시설,경상북도 영천시 강남2길 7 (완산동),-,35,8,2,1,-,-,-,아니오
영천시,35.9630409,128.9529303,1통경로당,특정계층이용시설,경상북도 영천시 바깥완산길 89 (완산동),-,42,15,2,1,-,-,-,아니오
의성군,36.3271127,128.6645445,하신(용연1리),특정계층이용시설,경상북도 의성군 의성읍 비봉길 55-5,-,91.26,10,1,1,-,아니오,아니오,아니오
의성군,36.320057,128.6678839,팔성2리,특정계층이용시설,경상북도 의성군 의성읍 팔성길 7,-,40,8,1,1,-,아니오,아니오,아니오
포항시,35.9879755,129.4399133,동해면마을쉼터,특정계층이용시설,경상북도 포항시 남구 동해면 일월로56번길 13,-,135,41,2,1,-,아니오,아니오,아니오
의성군,36.4075264,128.7555599,건너사촌경로당,특정계층이용시설,경상북도 의성군 점곡면 옥실길 35,-,43.9,8,2,1,-,아니오,아니오,아니오
의성군,36.3560917,128.6983082,후죽4리,특정계층이용시설,경상북도 의성군 의성읍 후죽5길 61,-,99,174,2,1,-,아니오,아니오,아니오
의성군,36.354329,128.6957601,용마아파트(후죽4리),특정계층이용시설,경상북도 의성군 의성읍 후죽1길 9,-,76,43,1,1,-,아니오,아니오,아니오
의성군,36.3403234,128.7459147,독산(상리2리),특정계층이용시설,경상북도 의성군 의성읍 의성사곡로 361,-,88.1,31,3,1,-,아니오,아니오,아니오
의성군,36.3399734,128.7066123,호미골(도동4리),특정계층이용시설,경상북도 의성군 의성읍 호미길 34,-,24.79,38,2,1,-,아니오,아니오,아니오
포항시,36.0350578,129.3535595,감실마을쉼터,특정계층이용시설,경상북도 포항시 북구 용흥로 60 (용흥동),-,116,35,1,1,-,아니오,아니오,아니오
포항시,36.0412585,129.3585305,우미마을쉼터,특정계층이용시설,경상북도 포항시 북구 우미길 2-13 (용흥동),-,82,25,2,1,-,아니오,아니오,아니오
포항시,36.031093,129.354556,양학KCC스위첸경로당,특정계층이용시설,경상북도 포항시 북구 새천년대로631번길 14 (양학산KCC스위첸 104동),-,100,30,1,1,-,아니오,아니오,아니오
고령군,35.725106,128.268401,고령군장애인복지센터,공공시설,경상북도 고령군 대가야읍 벽화길 9,-,정보없음,정보없음,정보없음,정보없음,-,-,-,-
청도군,35.8005443,128.968766,봉하리,특정계층이용시설,경상북도 청도군 운문면 구룡로 1422,-,50.84,12,2,1,-,아니오,아니오,아니오
의성군,36.3591546,128.422907,내산1리경로당,특정계층이용시설,경상북도 의성군 구천면 내산1길 36,-,108.4,19,2,1,-,-,아니오,-
의성군,36.3562213,128.4358567,유산2리경로당,특정계층이용시설,경상북도 의성군 구천면 유산2길 96,-,71.7,33,5,1,-,아니오,아니오,아니오
의성군,36.3103638,128.4229875,청산1리경로당,특정계층이용시설,경상북도 의성군 구천면 청산1길 102,-,151.82,19,3,1,-,-,아니오,-
의성군,36.3465952,128.4323001,유산1리경로당,특정계층이용시설,경상북도 의성군 구천면 유산1길 38,-,66,37,2,1,-,-,아니오,-
의성군,36.3403083,128.3098975,낙정1리경로당,특정계층이용시설,경상북도 의성군 단밀면 낙정1길 9,-,67.09,33,3,1,-,아니오,아니오,아니오
의성군,36.3518836,128.3037928,낙정2리경로당,특정계층이용시설,경상북도 의성군 단밀면 낙정2길 61,-,129.91,39,2,1,-,아니오,아니오,아니오
의성군,36.3999628,128.3522569,팔등경로당,특정계층이용시설,경상북도 의성군 단밀면팔등길 13,-,192.13,76,4,1,-,아니오,아니오,아니오
칠곡군,35.9718568,128.4455609,연화리(완정)경로당,특정계층이용시설,경상북도 칠곡군 지천면 연화1길 34-15,-,75.14,15,1,1,-,아니오,아니오,아니오
의성군,36.3256679,128.4971413,동부리마을회관,특정계층이용시설,경상북도 의성군 비안면 만세길  486,-,99.61,20,1,1,-,아니오,아니오,아니오
구미시,36.2383471,128.2494261,신포경로당,특정계층이용시설,경상북도 구미시 선산읍포상6길 12,-,47.5,12,2,1,-,아니오,아니오,아니오
청도군,35.6976322,128.9769387,소진리,특정계층이용시설,경상북도 청도군 운문면 소진길 54,-,68.5,17,2,1,-,아니오,아니오,아니오
영양군,36.5679061,129.1280624,옥계마을회관,공공시설,경상북도 영양군 석보면 옥계3길 4,-,111,30,2,3,-,아니오,-,아니오
울릉군,37.482208,130.908141,도동소공원,야외시설,경상북도 울릉군 울릉읍 도동1길 5-3,-,666,67,정보없음,정보없음,-,-,-,-
김천시,36.1417442,128.1138057,덕일,야외시설,경상북도 김천시 시청6길 21,-,407,40,정보없음,정보없음,-,-,-,-
칠곡군,36.07565,128.40115,남율7리남광아파트경로당,특정계층이용시설,경상북도 칠곡군 석적읍 서중리4길 32 (남광하우스토리),-,79,24,1,1,-,아니오,아니오,아니오
안동시,36.5608192,128.7028462,옥고을경로당,특정계층이용시설,경상북도 안동시 옥동2길 73-15,-,83,60,3,2,-,아니오,아니오,아니오
청도군,35.6872174,128.6759868,신촌3리,특정계층이용시설,경상북도 청도군 이서면 상당길 114,-,86,21,2,1,-,아니오,아니오,아니오
청도군,35.7285399,128.8820636,사전학동,특정계층이용시설,경상북도 청도군 금천면 사전4길 40,-,75,18,2,1,-,아니오,아니오,아니오
영덕군,36.638797,129.2643702,보림리,특정계층이용시설,경상북도 영덕군 창수면 오서로 1655,-,70,17,1,1,-,아니오,아니오,아니오
경산시,35.8126,128.7379,섬남쉼터,야외시설,경상북도 경산시 경안로 43,-,30,9,정보없음,정보없음,-,아니오,아니오,아니오
칠곡군,35.993155,128.396697,왜관3리경로당,특정계층이용시설,경상북도 칠곡군 왜관읍 중앙로4길  24-9,-,56,30,2,1,-,아니오,아니오,아니오
칠곡군,35.990021,128.395994,왜관4리경로당,특정계층이용시설,경상북도 칠곡군 왜관읍 중앙로10길  34,-,79,20,2,1,-,아니오,아니오,아니오
칠곡군,35.987288,128.39669,왜관5리경로당,특정계층이용시설,경상북도 칠곡군 왜관읍 관문로  20-12,-,34,50,4,2,-,아니오,아니오,아니오
칠곡군,35.987456,128.395005,왜관6리경로당,특정계층이용시설,경상북도 칠곡군 왜관읍 구상길  231-17,-,117,20,5,2,-,아니오,아니오,아니오
칠곡군,35.981754,128.396485,왜관7리경로당,특정계층이용시설,경상북도 칠곡군 왜관읍 자조1길  19-3,-,87,60,4,2,-,아니오,아니오,아니오
칠곡군,35.976816,128.404211,왜관8리경로당,특정계층이용시설,경상북도 칠곡군 왜관읍 달오2길  51-6,-,29,20,2,1,-,아니오,아니오,아니오
포항시,36.2094701,129.3377821,상송1리마을쉼터,특정계층이용시설,경상북도 포항시 북구 송라면 삼송길 141,-,66,20,1,1,-,아니오,아니오,아니오
포항시,36.2086236,129.3413971,상송2리마을쉼터,특정계층이용시설,경상북도 포항시 북구 송라면 삼송길 102,-,66,20,1,1,-,아니오,아니오,아니오
포항시,35.9884361,129.4371596,도구2리마을쉼터,특정계층이용시설,경상북도 포항시 남구 동해면 일월로 32,-,66,20,2,1,-,아니오,아니오,아니오
포항시,35.9897628,129.4406309,도구별장맨션마을쉼터,특정계층이용시설,경상북도 포항시 남구 동해면 일월로71번길 9 (도구별장맨션),-,33,10,1,1,-,아니오,아니오,아니오
김천시,35.896422,128.020701,장평경로당,특정계층이용시설,경상북도 김천시 증산면수도길 69,-,60,15,2,1,-,아니오,아니오,-
상주시,36.4649765,128.09296,백전2리경로당,특정계층이용시설,경상북도 상주시 외서면가곡백전길 199-3,-,68,21,1,1,-,아니오,아니오,아니오
포항시,35.9889437,129.4434343,도구3리마을쉼터,특정계층이용시설,경상북도 포항시 남구 동해면 일월로95번길 7,-,95,29,1,1,-,아니오,아니오,아니오
포항시,35.986056,129.4498852,약전1리마을쉼터,특정계층이용시설,경상북도 포항시 남구 동해면 일월로154번길 25,-,52,16,1,1,-,아니오,아니오,아니오
포항시,35.9891318,129.4476186,약전2리마을쉼터,특정계층이용시설,경상북도 포항시 남구 동해면 일월로123번길 18,-,79,24,1,1,-,아니오,아니오,아니오
포항시,35.9891068,129.447527,영남대자연맨션마을쉼터,특정계층이용시설,경상북도 포항시 남구 동해면 일월로123번길 18,-,26,8,1,1,-,아니오,아니오,아니오
예천군,36.642462,128.421652,지내리경로당,특정계층이용시설,경상북도 예천군 예천읍 지내길 36,-,32,8,1,1,-,아니오,아니오,아니오
예천군,36.647814,128.406348,석정신리경로당,특정계층이용시설,경상북도 예천군 예천읍 석정길 27,-,95,23,1,1,-,아니오,아니오,아니오
예천군,36.634667,128.446243,왕신1리경로당,특정계층이용시설,경상북도 예천군 예천읍 왕신1리길 78,-,34,8,1,1,-,아니오,아니오,아니오
예천군,36.633973,128.45107,왕신2리경로당,특정계층이용시설,경상북도 예천군 예천읍 왕신길 251,-,36,9,1,1,-,아니오,아니오,아니오
예천군,36.643999,128.461551,청복1리경로당,특정계층이용시설,경상북도 예천군 예천읍 청복리길 26-3,-,35,8,1,1,-,아니오,아니오,아니오
예천군,36.631212,128.470432,청복2리경로당,특정계층이용시설,경상북도 예천군 예천읍 용정길 45,-,83,20,1,1,-,아니오,아니오,아니오
구미시,36.3475487,128.276124,구봉1노인회관,특정계층이용시설,경상북도 구미시 옥성면선상동로 1459-13,-,161,40,1,1,-,아니오,아니오,아니오
포항시,36.2091286,129.3424849,하송1리마을쉼터,특정계층이용시설,경상북도 포항시 북구 송라면 삼송길74번길 22,-,85,26,1,1,-,아니오,아니오,아니오
포항시,36.2388096,129.3304315,중산2리마을쉼터,특정계층이용시설,경상북도 포항시 북구 송라면 보경로 334,-,66,20,1,1,-,아니오,아니오,아니오
포항시,36.0159929,129.3362102,행복아파트마을쉼터,특정계층이용시설,"경상북도 포항시 남구 행복길 56 (대잠동, 행복아파트)",-,159,48,1,1,-,아니오,아니오,아니오
포항시,36.0207034,129.3438946,대잠그린파크마을쉼터,특정계층이용시설,경상북도 포항시 남구 대이로46번길 25 (대잠동),-,101,31,1,1,-,아니오,아니오,아니오
예천군,36.6457376,128.4640198,세아아파트경로당,특정계층이용시설,경상북도 예천군 예천읍 양궁로 83 (예천세아아파트),-,60,15,1,1,-,아니오,아니오,아니오
안동시,36.7896225,128.753013,원천2리초당경로당,특정계층이용시설,경상북도 안동시 녹전면하원당길 17-1,-,81.01,20,2,1,-,아니오,아니오,아니오
안동시,36.7945116,128.797925,골매경로당,특정계층이용시설,경상북도 안동시 녹전면매정골매길 1,-,78.27,30,2,1,-,아니오,아니오,아니오
포항시,36.0283011,129.3406358,이동그린빌마을쉼터,특정계층이용시설,"경상북도 포항시 남구 대이로 138 (이동, 그린빌명품아파트)",-,89,27,1,1,-,아니오,아니오,아니오
포항시,36.0135566,129.3451419,대잠3경로당,특정계층이용시설,경상북도 포항시 남구 새천년대로422번길 7-7 (대잠동),-,159,48,1,1,-,아니오,아니오,아니오
봉화군,36.8746987,128.7494297,학동경로당,특정계층이용시설,경상북도 봉화군 봉화읍 학동길 25-8,-,56,14,2,1,-,아니오,아니오,아니오
봉화군,36.8575746,128.7321644,석평1리경로당,특정계층이용시설,경상북도 봉화군 봉화읍 이산로 1086-7,-,88,22,1,1,-,아니오,아니오,아니오
봉화군,36.8828045,128.7150787,석평3리경로당,특정계층이용시설,경상북도 봉화군 봉화읍 한골길 2,-,96,24,1,1,-,아니오,아니오,아니오
봉화군,36.8928228,128.7268911,송내노인회,특정계층이용시설,경상북도 봉화군 봉화읍 솔안2길 10-1,-,64,16,1,1,-,아니오,아니오,아니오
포항시,36.2466526,129.317694,중산3리마을쉼터,특정계층이용시설,경상북도 포항시 북구 송라면 보경로469번길 12,-,24,7,2,1,-,아니오,아니오,아니오
포항시,36.2325536,129.3430631,광천1리마을쉼터,특정계층이용시설,경상북도 포항시 북구 송라면 보경로 195-6,-,82,25,1,1,-,아니오,아니오,아니오
포항시,36.2233304,129.3848446,조사리마을쉼터,특정계층이용시설,경상북도 포항시 북구 송라면 해안로2692번길 16,-,49,15,1,1,-,아니오,아니오,아니오
포항시,36.2309441,129.3704888,방석1리마을쉼터,특정계층이용시설,경상북도 포항시 북구 송라면 봉화길 59,-,233,71,1,1,-,아니오,아니오,아니오
영주시,36.935659,128.610992,병산2리경로당,특정계층이용시설,경상북도 영주시 단산면단산로667번길 25-2,-,174,40,4,1,-,아니오,아니오,아니오
영주시,37.8537651,128.6176032,옥대1리경로당,특정계층이용시설,경상북도 영주시 단산면 보옥로 338,-,196.6,20,3,1,-,아니오,아니오,아니오
영주시,36.9655086,128.6158794,옥대4리경로당(마을회관),특정계층이용시설,경상북도 영주시 단산면 영단로158번길 30,-,104,26,2,1,-,아니오,아니오,아니오
영천시,35.8664629,128.9535499,동부지역경로당,특정계층이용시설,경상북도 영천시 대창면 임하길 6,-,99,80,2,1,-,-,-,아니오
영천시,35.863235,128.9472842,운천2리경로당,특정계층이용시설,경상북도 영천시 대창면 운잠길 23,-,87,30,2,1,-,-,-,아니오
영천시,35.8839151,128.8737407,오길1리경로당,특정계층이용시설,경상북도 영천시 대창면 선진길 172,-,89,40,2,1,-,-,-,아니오
영천시,35.8767412,128.9393637,오길2길경로당,특정계층이용시설,경상북도 영천시 대창면 채산길 182,-,96,30,3,1,-,-,-,아니오
영천시,35.848935,128.9378965,용호리경로당,특정계층이용시설,경상북도 영천시 대창면 영지길 325-10,-,86,42,2,1,-,-,-,아니오
포항시,35.9674852,129.417421,세계3리마을쉼터,특정계층이용시설,경상북도 포항시 남구 오천읍 정몽주로546번길 13-6,-,100,30,2,1,-,아니오,아니오,아니오
포항시,35.9651493,129.4199203,세계4리마을쉼터,특정계층이용시설,경상북도 포항시 남구 오천읍 장기로1690번길 34-10,-,85,26,2,1,-,아니오,아니오,아니오
영천시,35.8483415,128.9251962,신광1리경로당,특정계층이용시설,경상북도 영천시 대창면 계상길 13-2,-,177,41,2,1,-,-,-,아니오
안동시,36.6942266,128.9192305,인계리경로당,특정계층이용시설,경상북도 안동시 예안면 농암로 2077,-,107.81,40,3,2,-,아니오,아니오,아니오
포항시,36.0713667,129.2251518,내단2리마을쉼터,특정계층이용시설,경상북도 포항시 북구 기계면 내단길 70,-,60,18,1,1,-,아니오,아니오,아니오
포항시,36.0780908,129.1704689,기남마을쉼터,특정계층이용시설,경상북도 포항시 북구 기계면 봉계길 34,-,64,19,1,1,-,아니오,아니오,아니오
포항시,36.0256969,129.2932098,달전리경로당,특정계층이용시설,경상북도 포항시 남구 연일읍 자명로321번길 91,-,82,25,1,1,-,아니오,아니오,아니오
포항시,36.0060553,129.3193506,유강청구타운경로당,특정계층이용시설,경상북도 포항시 남구 연일읍 유강길 28 (청구타운),-,115,35,1,1,-,아니오,아니오,아니오
청도군,35.6073802,128.8090754,지전2리,특정계층이용시설,경상북도 청도군 매전면 비파길 35,-,95.25,23,3,1,-,아니오,아니오,아니오
청도군,35.6051908,128.8182244,구촌리,특정계층이용시설,경상북도 청도군 매전면 구촌2길 74,-,86.61,21,1,1,-,아니오,아니오,아니오
청도군,35.7058329,128.8191551,관하학구,특정계층이용시설,경상북도 청도군 매전면 원정자길 13-4,-,146.43,36,3,2,-,아니오,아니오,아니오
포항시,35.9835557,129.4065781,우방신세계1차마을쉼터,특정계층이용시설,"경상북도 포항시 남구 해병로 125 (인덕동, 우방신세계1차아파트)",-,94,28,1,1,-,아니오,아니오,아니오
청도군,35.6975756,128.8298866,하평리,특정계층이용시설,경상북도 청도군 매전면 모은정길 19,-,92.28,23,3,1,-,아니오,아니오,아니오
청도군,35.7054474,128.8236853,상평리,특정계층이용시설,경상북도 청도군 매전면 상평길 17,-,70.5,17,2,2,-,아니오,아니오,아니오
안동시,36.5841666,128.7411699,청머리경로당,특정계층이용시설,경상북도 안동시 상아길 112 (상아동),-,100.4,16,3,1,-,아니오,아니오,아니오
청도군,35.7121075,128.8162717,관하1리,특정계층이용시설,경상북도 청도군 매전면 관하실길 38-2,-,99.17,24,3,1,-,아니오,아니오,아니오
청도군,35.7135558,128.8048616,관하2리,특정계층이용시설,경상북도 청도군 매전면 신천길 75,-,97.4,24,4,1,-,아니오,아니오,아니오
포항시,36.0215498,129.3370268,대잠센트럴하이츠마을쉼터,특정계층이용시설,"경상북도 포항시 남구 희망대로 520 (대잠동, 대잠 센트럴하이츠아파트)",-,144,44,1,1,-,아니오,아니오,아니오
포항시,36.017937,129.345313,대잠아델리아마을쉼터,특정계층이용시설,"경상북도 포항시 남구 대이로20번길 20 (대잠동, 대잠아델리아)",-,59,18,1,1,-,아니오,아니오,아니오
칠곡군,35.9857,128.3997,왜관14리우방2차경로당,특정계층이용시설,경상북도 칠곡군 왜관읍 중앙로 118 (),-,178.24,35,3,1,-,아니오,아니오,아니오
청도군,35.7237015,128.807973,금천리,특정계층이용시설,경상북도 청도군 매전면 이사리2길 48,-,92.7,23,2,1,-,아니오,아니오,아니오
청도군,35.7336457,128.8112828,금천리마당,특정계층이용시설,경상북도 청도군 매전면 마당길 62,-,64.04,16,2,1,-,아니오,아니오,아니오
청도군,35.7031691,128.8041562,덕산리,특정계층이용시설,경상북도 청도군 매전면 덕산길 20,-,107.25,26,3,2,-,아니오,아니오,아니오
의성군,36.2992751,128.7842622,음지리골안경로당,특정계층이용시설,경상북도 의성군 사곡면 음지길 86,-,24.75,7,1,1,-,아니오,아니오,아니오
의성군,36.3219738,128.742983,오상2리경로당,특정계층이용시설,경상북도 의성군 사곡면 오상2길 16-1,-,85,25,1,1,-,아니오,아니오,아니오
구미시,36.070566,128.354077,오태주민복지센터경로당,특정계층이용시설,경상북도 구미시 금오대로22길 21,-,101.52,25,2,1,-,아니오,아니오,아니오
구미시,36.1614091,128.4144684,성수2리경로당,특정계층이용시설,경상북도 구미시 산동읍 성수2길 15,-,96,24,1,1,-,아니오,아니오,아니오
구미시,36.1409402,128.4562603,봉산리경로당,특정계층이용시설,경상북도 구미시 산동읍 임봉길 19-16,-,96,24,1,1,-,아니오,아니오,아니오
구미시,36.1386202,128.4629334,임천리경로당,특정계층이용시설,경상북도 구미시 산동읍 임봉길 86,-,122,31,1,1,-,아니오,아니오,아니오
안동시,36.7190514,128.9245262,삼계리경로당,특정계층이용시설,경상북도 안동시 예안면 밀바들길 3,-,73.5,30,3,2,-,아니오,아니오,아니오
안동시,36.735938,128.9348299,신남리경로당,특정계층이용시설,경상북도 안동시 예안면 농암로 2628,-,69.3,30,3,1,-,아니오,아니오,아니오
안동시,36.7280214,128.9550426,도촌리경로당,특정계층이용시설,경상북도 안동시 예안면 도촌길 237,-,91.41,40,3,2,-,아니오,아니오,아니오
안동시,36.6944392,128.9608015,동천리경로당,특정계층이용시설,경상북도 안동시 예안면 동천상촌길 8,-,67.65,30,3,1,-,아니오,아니오,아니오
경주시,35.778371,129.493151,나정2리마을회관,특정계층이용시설,"경상북도 경주시 감포읍 동해안로  1907 , 나정2리마을회관",-,117.18,36,2,2,-,아니오,아니오,아니오
구미시,36.2091719,128.3289877,관심2리경로당,특정계층이용시설,경상북도 구미시 고아읍선산대로 963-2,-,95.11,24,2,2,-,아니오,아니오,아니오
경주시,35.783014,129.469624,팔조리마을회관,특정계층이용시설,"경상북도 경주시 감포읍 팔조수제길  9 , 팔조리마을회관",-,106.5,32,1,2,-,아니오,아니오,아니오
안동시,36.6506721,128.9279841,구룡장따리경로당,특정계층이용시설,경상북도 안동시 예안면 돌메기길 18,-,104.71,40,3,1,-,아니오,아니오,아니오
안동시,36.6323331,128.9095466,계곡리경로당,특정계층이용시설,경상북도 안동시 예안면 임예로 1353-33,-,77.66,40,3,1,-,아니오,아니오,아니오
청송군,36.4868498,129.1189241,괴정1리마을회관,특정계층이용시설,경상북도 청송군 진보면 신촌갈평길 216,-,60,18,2,1,-,아니오,아니오,아니오
포항시,35.9223104,129.4890676,금오리마을쉼터,특정계층이용시설,경상북도 포항시 남구 장기면 장기로 690,-,100,30,1,1,-,아니오,아니오,아니오
구미시,36.1642735,128.4603236,인덕1리경로당,특정계층이용시설,경상북도 구미시 산동읍 인덕2길 15,-,91,23,1,1,-,아니오,아니오,아니오
구미시,36.2144919,128.4679149,백현1리경로당,특정계층이용시설,경상북도 구미시 산동읍 백현2길 93-1,-,99,25,1,1,-,아니오,아니오,아니오
구미시,36.221024,128.4797629,송산리경로당,특정계층이용시설,경상북도 구미시 산동읍 송백로 937,-,99,25,1,1,-,아니오,아니오,아니오
구미시,36.2040364,128.4708966,백현2리경로당,특정계층이용시설,경상북도 구미시 산동읍 송백로 712-3,-,106,27,1,1,-,아니오,아니오,아니오
구미시,36.111422,128.480908,상장1리경로당,특정계층이용시설,경상북도 구미시 장천면신장6길 113,-,100,25,2,1,-,아니오,아니오,아니오
구미시,36.125086,128.494078,상장2리경로당,특정계층이용시설,경상북도 구미시 장천면상장5길 11,-,66,17,2,1,-,아니오,아니오,아니오
구미시,36.125967,128.496639,상장3리경로당,특정계층이용시설,경상북도 구미시 장천면상장3길 29-6,-,100,25,2,1,-,아니오,아니오,아니오
구미시,36.1289778,128.4859791,신장1리마을회관,특정계층이용시설,경상북도 구미시 장천면 신장3길 3,-,66,17,2,1,-,아니오,아니오,아니오
경산시,35.7696039,128.8360792,성남경로당,특정계층이용시설,경상북도 경산시 남산면 성산로 591,-,95,28,2,1,-,아니오,아니오,아니오
청도군,35.6779625,128.8958743,신지1리,특정계층이용시설,경상북도 청도군 금천면 선암로 468,-,219,54,2,1,-,아니오,아니오,아니오
경주시,35.799319,129.484848,전동리마을회관,특정계층이용시설,"경상북도 경주시 감포읍 전촌호동길  82 , 전동마을회관",-,119.38,36,1,2,-,아니오,아니오,아니오
경주시,35.760758,129.492656,대본1리마을회관,특정계층이용시설,"경상북도 경주시 감포읍 대본해안길  32 , 대본1리회관,경로당",-,102.33,31,1,1,-,아니오,아니오,아니오
상주시,36.3783934,128.258346,상촌2리마을회관,특정계층이용시설,경상북도 상주시 낙동면상촌2길 12-2,-,78,20,4,1,-,아니오,아니오,아니오
상주시,36.3698444,128.246064,상촌1리마을회관,특정계층이용시설,경상북도 상주시 낙동면삼봉로 360-1,-,215,50,5,1,-,아니오,아니오,아니오
경산시,35.7664219,128.7275845,남천경로당,특정계층이용시설,경상북도 경산시 남천면 남천로 464,-,92,27,1,1,-,아니오,아니오,아니오
김천시,36.1895158,128.2614584,예2리경로당,특정계층이용시설,경상북도 김천시 아포읍 예리길 186,-,96,24,2,1,-,아니오,아니오,예
김천시,36.1513687,128.2340178,제석1리경로당동촌,특정계층이용시설,경상북도 김천시 아포읍 제석1길 46-15,-,151,38,2,1,-,아니오,아니오,예
김천시,36.069766,128.205849,노곡리마을회관,특정계층이용시설,경상북도 김천시 농소면노곡길 73,-,223,55,1,2,-,아니오,아니오,예
경주시,35.809146,129.504149,감포5리마을회관,특정계층이용시설,"경상북도 경주시 감포읍 감포로10길  12-17, 감포5리마을회관/경로당",-,83.58,25,1,1,-,아니오,아니오,아니오
의성군,36.24447,128.7957501,금천2리경로당,특정계층이용시설,경상북도 의성군 춘산면 금천2길 30,-,97.1,23,4,1,-,아니오,아니오,아니오
의성군,36.2382419,128.7750167,빙계1리경로당,특정계층이용시설,경상북도 의성군 춘산면 금성현서로 1071,-,91.17,56,2,1,-,아니오,아니오,아니오
안동시,36.7298538,128.7521374,녹래리경로당,특정계층이용시설,경상북도 안동시 녹전면 일출길 1,-,72.8,30,2,3,-,아니오,아니오,아니오
안동시,36.7930846,128.7577137,원천1리경로당,특정계층이용시설,경상북도 안동시 녹전면 원당안길 29,-,107.85,30,2,1,-,아니오,아니오,아니오
구미시,36.2679265,128.1776297,오가3경로당,특정계층이용시설,경상북도 구미시 무을면 오가1길 36,-,89,22,1,2,-,아니오,아니오,아니오
의성군,36.3189423,128.8761613,금봉리,특정계층이용시설,경상북도 의성군 옥산면금봉로 1259-13,-,48,15,2,1,-,아니오,아니오,아니오
문경시,36.7237312,128.2428101,거산리마을회관,특정계층이용시설,경상북도 문경시 산북면 거무길 46-1,-,85,30,2,1,-,아니오,아니오,-
안동시,36.7679918,128.742442,사천리경로당,특정계층이용시설,경상북도 안동시 녹전면사천노루목길 74-3,-,88,30,2,1,-,아니오,아니오,아니오
안동시,36.7247352,128.7502438,녹래리장래경로당,특정계층이용시설,경상북도 안동시 녹전면 녹지로 509,-,78.26,30,3,3,-,아니오,아니오,아니오
구미시,36.2410521,128.2970014,장수경로당,특정계층이용시설,경상북도 구미시 선산읍 선산중앙로8길 9-6,-,52,13,2,1,-,아니오,아니오,아니오
구미시,36.2411652,128.2812489,죽장1리경로당,특정계층이용시설,경상북도 구미시 선산읍죽장2길 5,-,65,16,3,1,-,아니오,아니오,아니오
구미시,36.2425898,128.2723223,죽장2리경로당,특정계층이용시설,경상북도 구미시 선산읍죽장8길 3,-,99,25,2,1,-,아니오,아니오,아니오
안동시,36.590894,128.724834,머질경로당,특정계층이용시설,경상북도 안동시 머지리1길 161 (안막동),-,70.2,12,3,2,-,아니오,아니오,아니오
안동시,36.5629921,128.7412235,안동강변펠리시아경로당,특정계층이용시설,"경상북도 안동시 육사로 333 (법흥동, 강변펠리시아)",-,160,33,2,3,-,아니오,아니오,아니오
문경시,36.6067304,128.2037464,푸른숲경로당,특정계층이용시설,"경상북도 문경시 돈달로 199 (흥덕동, 푸른숲아파트)",-,68,27,1,1,-,-,아니오,-
포항시,35.8843187,129.3994014,진전리마을쉼터,특정계층이용시설,경상북도 포항시 남구 오천읍 기림로1277번길 10,-,94,28,1,1,-,아니오,아니오,아니오
포항시,35.9196797,129.4025098,갈평리마을쉼터,특정계층이용시설,경상북도 포항시 남구 오천읍 기림로1746번길 26-2,-,56,17,2,1,-,아니오,아니오,아니오
구미시,36.2603318,128.23135,웅곡경로당,특정계층이용시설,경상북도 구미시 무을면웅곡1길 5,-,185,46,1,2,-,아니오,아니오,아니오
구미시,36.2583149,128.220992,무이경로당,특정계층이용시설,경상북도 구미시 무을면무이2길 1,-,193,48,1,2,-,아니오,아니오,아니오
문경시,36.7260423,128.2263417,김용리마을회관,특정계층이용시설,경상북도 문경시 산북면 김용길 220-3,-,85,30,3,1,-,아니오,아니오,-
문경시,36.7442984,128.2471566,전두리마을회관,특정계층이용시설,경상북도 문경시 산북면 전두길 14,-,85,30,3,1,-,아니오,아니오,-
문경시,36.7042295,128.2690729,종곡리마을회관,특정계층이용시설,경상북도 문경시 산북면 지솟마길 10,-,85,50,3,1,-,아니오,아니오,-
포항시,36.2490043,129.214782,상옥2리마을쉼터,특정계층이용시설,경상북도 포항시 북구 죽장면 죽장로1844번길 6,-,100,30,1,1,-,아니오,아니오,아니오
포항시,36.172472,129.112055,매현1리마을쉼터,특정계층이용시설,경상북도 포항시 북구 죽장면 죽장로239번길 4-16,-,89,27,1,1,-,아니오,아니오,아니오
의성군,36.3694054,128.8392019,전흥2리,특정계층이용시설,경상북도 의성군 옥산면 금봉로 457,-,67.4,15,2,1,-,아니오,아니오,아니오
의성군,36.3977793,128.8209522,입암2리,특정계층이용시설,경상북도 의성군 옥산면 입암3길 69,-,67.55,15,2,1,-,아니오,아니오,아니오
의성군,36.3870054,128.8339663,입암3리,특정계층이용시설,경상북도 의성군 옥산면 노천길 25,-,128.72,15,3,1,-,아니오,아니오,아니오
의성군,36.4247162,128.8204587,신덕경로당,특정계층이용시설,경상북도 의성군 옥산면 신계길 2-11,-,39,15,3,1,-,아니오,아니오,아니오
의성군,36.3856904,128.8096681,구성2리,특정계층이용시설,경상북도 의성군 옥산면 구성2길 77-4,-,99.2,15,2,1,-,아니오,아니오,아니오
칠곡군,36.069,128.3515,인평15리경로당,특정계층이용시설,경상북도 칠곡군 북삼읍 금오대로10길 35 (현진아파트),-,75.6,15,2,1,-,아니오,아니오,아니오
문경시,36.6375373,128.0480171,작천1리경로당,특정계층이용시설,경상북도 문경시 가은읍 작천중앙길 54,-,105,40,1,1,-,아니오,아니오,아니오
포항시,36.1346296,129.3621591,금장1리마을쉼터,특정계층이용시설,경상북도 포항시 북구 흥해읍 용금길162번길 27,-,119,36,1,1,-,아니오,아니오,아니오
영천시,35.9749304,129.0766472,초일리경로당,특정계층이용시설,경상북도 영천시 고경면 초일길 342,-,86,20,1,1,-,-,-,아니오
영천시,36.0053461,129.0701562,상덕경로당,특정계층이용시설,경상북도 영천시 고경면 방천길 260-7,-,98.28,25,3,1,-,-,-,아니오
상주시,36.3738436,127.9401684,반곡1리마을회관,특정계층이용시설,경상북도 상주시 화동면 대미길 186,-,84,20,2,1,-,아니오,아니오,예
포항시,36.1423524,129.3532499,용천2리마을쉼터,특정계층이용시설,경상북도 포항시 북구 흥해읍 용금길11번길 28,-,93,28,2,1,-,아니오,아니오,아니오
포항시,36.1282016,129.3562298,용천1리마을쉼터,특정계층이용시설,경상북도 포항시 북구 흥해읍 칠포로 80-11,-,69,21,2,1,-,아니오,아니오,아니오
포항시,36.1258655,129.3423972,용전2리마을쉼터,특정계층이용시설,경상북도 포항시 북구 흥해읍 용전길 38,-,128,39,1,1,-,아니오,아니오,아니오
포항시,36.1081356,129.3479358,남성1리마을쉼터,특정계층이용시설,경상북도 포항시 북구 흥해읍 중성로42번길 5,-,180,55,1,1,-,아니오,아니오,아니오
울릉군,37.537734,130.906883,천부4리경로당,특정계층이용시설,경상북도 울릉군 북면 석포길 447-8,-,49.5,17,1,1,-,-,아니오,-
안동시,36.633981,128.56617,서미1리경로당,특정계층이용시설,경상북도 안동시 풍산읍서미길 128,-,76.08,45,4,1,-,아니오,아니오,아니오
안동시,36.5896,128.64,수곡1리경로당,특정계층이용시설,경상북도 안동시 풍산읍금당길 62,-,132,50,3,1,-,아니오,아니오,아니오
안동시,36.594567,128.509055,오미2리송지경로당,특정계층이용시설,경상북도 안동시 풍산읍송지길 24,-,78.75,32,2,1,-,아니오,아니오,아니오
안동시,36.596461,128.622892,노리모노골경로당,특정계층이용시설,경상북도 안동시 풍산읍본마을길 176-2,-,76.9,30,3,1,-,아니오,아니오,아니오
울릉군,37.533315,130.842292,현포2리경로당,특정계층이용시설,경상북도 울릉군 북면 평리길 22,-,84,25,2,1,-,-,아니오,-
울릉군,37.531712,130.857192,추산리경로당,특정계층이용시설,경상북도 울릉군 북면 추산길 148,-,126.9,14,2,1,-,-,아니오,-
영천시,35.9714031,128.9480782,우방아파트경로당,특정계층이용시설,"경상북도 영천시 동부로 15 (야사동, 우방타운)",-,99,64,2,1,-,-,-,아니오
영천시,35.9746157,128.9456105,4통경로당,특정계층이용시설,경상북도 영천시 야사1길 11 (야사동),-,82.5,78,2,1,-,-,-,아니오
의성군,36.4348764,128.3887652,외정2리(외산정)경로당,특정계층이용시설,경상북도 의성군 다인면 외정길 104,-,84.68,30,2,1,-,-,아니오,-
의성군,36.4501854,128.3551437,서릉2리부녀경로당,특정계층이용시설,경상북도 의성군 다인면 다인장길 17-11,-,39.44,30,3,1,-,-,아니오,-
의성군,36.4619989,128.3795196,송호2리경로당,특정계층이용시설,경상북도 의성군 다인면 송호2길 33,-,81.8,25,2,1,-,-,아니오,-
의성군,36.4314021,128.3308429,산내리경로당,특정계층이용시설,경상북도 의성군 다인면 산내길 199,-,108.78,31,2,1,-,-,아니오,-
의성군,36.4500235,128.3573565,다인면분회경로당,특정계층이용시설,경상북도 의성군 다인면 자미로 30,-,250.06,50,3,1,-,-,-,-
의성군,36.4363999,128.5157543,검곡리경로당,특정계층이용시설,경상북도 의성군 신평면 봉호로 1993,-,71.08,32,2,1,-,아니오,아니오,아니오
문경시,36.6252193,128.0424222,성저1리경로당,특정계층이용시설,경상북도 문경시 가은읍 성저2길 14,-,338,64,1,1,-,아니오,아니오,아니오
문경시,36.6161455,128.0392022,성저2리경로당,특정계층이용시설,경상북도 문경시 가은읍 작약로 802,-,278,40,1,1,-,아니오,아니오,-
포항시,35.9740784,129.5514469,하정3리마을쉼터,특정계층이용시설,경상북도 포항시 남구 구룡포읍 하정로138번길 13,-,80,24,1,1,-,아니오,아니오,아니오
포항시,35.9668787,129.5487319,하정2리마을쉼터,특정계층이용시설,경상북도 포항시 남구 구룡포읍 하정로 27,-,96,29,1,1,-,아니오,아니오,아니오
포항시,35.9635645,129.5468871,하정1리마을쉼터,특정계층이용시설,경상북도 포항시 남구 구룡포읍 동해안로4492번길 15,-,66,20,1,1,-,아니오,아니오,아니오
포항시,36.1337643,129.2581056,상읍1리마을쉼터,특정계층이용시설,경상북도 포항시 북구 신광면 상읍길 48,-,84,25,2,1,-,아니오,아니오,아니오
포항시,36.1046275,129.2634909,우각1리마을쉼터,특정계층이용시설,경상북도 포항시 북구 신광면 우각길87번길 6,-,97,29,1,1,-,아니오,아니오,아니오
안동시,36.5592792,128.71657,강변마을경로당,특정계층이용시설,경상북도 안동시 강변마을2길 10-7 (태화동),-,81.41,33,4,2,-,아니오,아니오,아니오
안동시,36.6439992,128.972867,대곡2리고도경로당,특정계층이용시설,경상북도 안동시 임동면 금수천길 1-12,-,63.37,19,2,1,-,아니오,아니오,아니오
안동시,36.5260253,128.7703201,남선면분회경로당,특정계층이용시설,경상북도 안동시 남선면 충효로 3860,-,33,20,3,1,-,아니오,아니오,아니오
안동시,36.473946,128.659607,일직면분회경로당,특정계층이용시설,경상북도 안동시 일직면 논들길 17,-,49.5,112,2,1,-,아니오,아니오,아니오
상주시,36.3273,127.987645,솔뫼마을회관(덕곡1리마을회관),특정계층이용시설,경상북도 상주시 모동면 덕곡6길 1,-,103,30,2,2,-,아니오,아니오,아니오
상주시,36.347,127.9382,지산2리노인회관,특정계층이용시설,경상북도 상주시 모서면지산보미로 1,-,73,22,3,1,-,아니오,아니오,아니오
김천시,36.141056,128.216905,봉천1리경로당,특정계층이용시설,경상북도 김천시 남면 연봉길 186,-,100,25,2,1,-,아니오,아니오,예
김천시,36.1085845,128.1892288,옥산1리경로당,특정계층이용시설,경상북도 김천시 남면옥산길 58,-,120,30,4,1,-,아니오,아니오,예
김천시,36.117439,128.194261,옥산2리경로당,특정계층이용시설,경상북도 김천시 남면 모산길 81,-,160,40,2,1,-,아니오,아니오,예
김천시,36.0941014,128.2177418,운곡1리(남)경로당,특정계층이용시설,경상북도 김천시 남면 운곡길 36,-,80,20,2,1,-,아니오,아니오,예
김천시,36.0893101,128.2369679,송곡1리경로당,특정계층이용시설,경상북도 김천시 남면 안솔방길 5-3,-,120,30,2,1,-,아니오,아니오,예
김천시,36.0813761,128.2405731,송곡2리마곡경로당,특정계층이용시설,경상북도 김천시 남면 마곡길 146,-,100,25,2,1,-,아니오,아니오,예
영천시,35.856907,128.9210683,신광2리경로당,특정계층이용시설,경상북도 영천시 대창면 영지길 109-1,-,82,40,2,1,-,-,-,아니오
의성군,36.3293665,128.7650335,신감2리소감경로당,특정계층이용시설,경상북도 의성군 사곡면 신감3길 30,-,47,5,1,2,-,아니오,아니오,아니오
영덕군,36.5946826,129.3390995,미곡2리,특정계층이용시설,경상북도 영덕군 창수면 미곡2길 3,-,83,20,2,1,-,아니오,아니오,아니오
영덕군,36.6120113,129.3223357,오촌1리,특정계층이용시설,경상북도 영덕군 창수면 오서로 944,-,109,27,2,1,-,아니오,아니오,아니오
의성군,36.2789115,128.8210568,매곡3리경로당,특정계층이용시설,경상북도 의성군 사곡면 옥매길 515,-,67,10,1,1,-,아니오,아니오,아니오
의성군,36.2833695,128.865315,공정2리경로당,특정계층이용시설,경상북도 의성군 사곡면의성사곡로 1761,-,60.52,10,2,1,-,아니오,아니오,아니오
청도군,35.6949639,128.6637238,문수리(철담),특정계층이용시설,경상북도 청도군 이서면 철담길 59,-,99,24,2,1,-,아니오,아니오,아니오
청도군,35.6709661,128.676821,고철2리(하건지),특정계층이용시설,경상북도 청도군 이서면 원고철길 47,-,65,16,2,1,-,아니오,아니오,아니오
영덕군,36.5932427,129.2464384,창수2리,특정계층이용시설,경상북도 영덕군 창수면 창수3길 6,-,88,22,2,1,-,아니오,아니오,아니오
영덕군,36.5871549,129.254759,창수2리,특정계층이용시설,경상북도 영덕군 창수면 영양창수로 2072,-,39,9,1,1,-,아니오,아니오,아니오
포항시,35.9682516,129.4012997,부영1차마을쉼터,특정계층이용시설,경상북도 포항시 남구 오천읍 남원로 83 (1차부영아파트),-,103.68,39,1,1,-,아니오,아니오,아니오
포항시,35.972905,129.39818,부영3차마을쉼터,특정계층이용시설,경상북도 포항시 남구 오천읍 남원로 86-19 (3차부영아파트 301동),-,154,22,1,1,-,아니오,아니오,아니오
포항시,36.0814874,129.3342069,삼도뷰엔빌스마트경로당,특정계층이용시설,경상북도 포항시 북구 흥해읍 동해대로 1181 (삼도뷰엔빌스마트),-,117.36,24,1,1,-,아니오,아니오,아니오
영덕군,36.579185,129.341956,미곡1리,특정계층이용시설,경상북도 영덕군 창수면오서로 392,-,110,27,2,1,-,아니오,아니오,아니오
의성군,36.5000728,128.348761,덕미2리반정경로당,특정계층이용시설,경상북도 의성군 다인면반정길 19-2,-,22,5,1,1,-,아니오,아니오,아니오
영천시,35.9771785,128.9629617,조교경로당,특정계층이용시설,경상북도 영천시  조흔달1길  36   (조교동),-,33,26,3,1,-,-,-,아니오
영천시,35.9684777,128.9602581,장천경로당,특정계층이용시설,경상북도 영천시  장천1길  40   (조교동),-,66,32,2,1,-,-,-,아니오
영천시,36.0024016,129.0802494,가수경로당,특정계층이용시설,경상북도 영천시 고경면 가징계길 14-9,-,163.1,41,2,1,-,-,-,아니오
영천시,36.0024884,129.0940708,석계경로당,특정계층이용시설,경상북도 영천시 고경면 생계길 6-9,-,103.47,26,1,1,-,-,-,아니오
영천시,35.987517,129.0918472,덕암경로당,특정계층이용시설,경상북도 영천시 고경면 심청길 20,-,107.13,27,3,1,-,-,-,아니오
영천시,35.9862257,129.0992743,청정1경로당,특정계층이용시설,경상북도 영천시 고경면 청정길 21-15,-,94.95,24,1,1,-,-,-,아니오
영천시,35.9829289,129.105151,청정2경로당,특정계층이용시설,경상북도 영천시 고경면 용담로 2078,-,87.26,22,2,1,-,-,-,아니오
안동시,36.4539892,128.6465558,원리내원경로당,특정계층이용시설,경상북도 안동시 일직면 안평일직길 1027,-,66.31,23,2,1,-,아니오,아니오,아니오
영천시,35.9770989,128.9518493,망정경로당,특정계층이용시설,경상북도 영천시 망정3길 27 (망정동),-,99,78,2,1,-,-,-,아니오
영천시,35.9745916,128.9435817,야사경로당,특정계층이용시설,경상북도 영천시  상록4길  82   (야사동),-,33,29,1,1,-,-,-,아니오
영천시,35.9798796,128.9471082,안야사경로당,특정계층이용시설,경상북도 영천시  안야사길  57   (야사동),-,66,42,1,1,-,-,-,아니오
안동시,36.5679395,128.710819,감나무골경로당,특정계층이용시설,경상북도 안동시 감나무1길 29-5 (태화동),-,83.97,35,2,3,-,아니오,아니오,아니오
영덕군,36.4488481,129.2827791,신안리새마을경로당,특정계층이용시설,경상북도 영덕군 지품면 신안1길 14,-,54.18,13,2,1,-,아니오,아니오,아니오
영덕군,36.4479987,129.2846805,신안부인경로당,특정계층이용시설,경상북도 영덕군 지품면 신안1길 63,-,54.18,13,6,1,-,아니오,아니오,아니오
칠곡군,36.0118922,128.5864091,남원2리경로당(여),특정계층이용시설,경상북도 칠곡군 동명면 남원로3길 6,-,77,20,1,1,-,아니오,아니오,아니오
안동시,36.5882938,128.6689534,교리경로당,특정계층이용시설,경상북도 안동시 서후면 교리새마을길 51,-,66,40,3,2,-,아니오,아니오,아니오
안동시,36.5901559,128.6479765,명리경로당,특정계층이용시설,경상북도 안동시 서후면 귀여리길 57,-,83.6,50,5,3,-,아니오,아니오,아니오
의성군,36.2209914,128.7301809,가산4리경로당,특정계층이용시설,경상북도 의성군 가음면 가산2길 103,-,54,5,1,1,-,아니오,아니오,아니오
포항시,35.9637864,129.4118468,문덕5리마을쉼터,특정계층이용시설,경상북도 포항시 남구 오천읍 해병로347번길 18-1,-,81,25,1,1,-,아니오,아니오,아니오
포항시,36.0262652,129.3433197,이동우방파크빌마을쉼터,특정계층이용시설,"경상북도 포항시 남구 포스코대로 159 (대잠동, 이동우방파크빌)",-,72,22,1,1,-,아니오,아니오,아니오
영양군,36.5897163,129.0797481,산해2리경로당,특정계층이용시설,경상북도 영양군 입암면 후평길 2,-,222.7,55,2,2,-,아니오,-,아니오
영양군,36.5488372,129.0786454,흥구경로당,특정계층이용시설,경상북도 영양군 입암면 흥구길 65,-,124.52,23,2,1,-,아니오,-,아니오
영양군,36.5927098,129.0892848,대한노인회입암면분회,특정계층이용시설,경상북도 영양군 입암면 입암로 87,-,170.75,24,2,2,-,아니오,-,아니오
영양군,36.5974905,129.0700951,사래경로당,특정계층이용시설,경상북도 영양군 입암면 서치길 68,-,161.49,40,2,1,-,아니오,-,아니오
영양군,36.595562,129.0892401,신구1리경로당,특정계층이용시설,경상북도 영양군 입암면 입암로 117-4,-,112.51,42,2,1,-,아니오,-,아니오
상주시,36.3281,128.2139,신오리마을회관,특정계층이용시설,경상북도 상주시 낙동면 신오2길 8,-,98,60,3,1,-,아니오,아니오,아니오
청송군,36.2058494,128.9073086,월정리경로당,특정계층이용시설,경상북도 청송군 현서면 청송로 329,-,223,50,2,1,-,아니오,아니오,아니오
청도군,35.6503242,128.7085998,화양초등(도주노인회),특정계층이용시설,경상북도 청도군 화양읍 도주관로 186,-,262.08,65,2,1,-,아니오,아니오,아니오
청도군,35.6633219,128.6823061,토평2리(와우촌),특정계층이용시설,경상북도 청도군 화양읍 토평길 16,-,84.64,21,2,1,-,아니오,아니오,아니오
영덕군,36.474373,129.19789,복곡리경로당,특정계층이용시설,경상북도 영덕군 지품면복곡1길 5,-,99.25,24,3,1,-,아니오,아니오,아니오
김천시,36.1102383,128.2469528,오봉1리경로당,특정계층이용시설,경상북도 김천시 남면 오봉로 358,-,50,10,2,1,-,아니오,아니오,예
김천시,36.161681,128.151756,상신(신룡1리)경로당,특정계층이용시설,경상북도 김천시 개령면신룡길 121,-,120,30,3,1,-,아니오,아니오,예
김천시,36.183744,128.15897,덕촌2리경로당,특정계층이용시설,경상북도 김천시 개령면덕촌3길 27,-,100,25,2,1,-,아니오,아니오,예
포항시,35.9626949,129.4100395,오천읍분회마을쉼터,특정계층이용시설,경상북도 포항시 남구 오천읍 해병로 369-5,-,132,40,1,1,-,아니오,아니오,아니오
포항시,35.963736,129.4016501,참마을마을쉼터,특정계층이용시설,경상북도 포항시 남구 오천읍 철강로 685 (준양참마을),-,100,30,1,1,-,아니오,아니오,아니오
포항시,35.9611812,129.4009392,문덕8리마을쉼터,특정계층이용시설,경상북도 포항시 남구 오천읍 문덕로12번길 19-3,-,101,31,1,1,-,아니오,아니오,아니오
포항시,35.9603104,129.4063751,문덕9리마음쉼터,특정계층이용시설,경상북도 포항시 남구 오천읍 문덕로23번길 30-3,-,62,19,1,1,-,아니오,아니오,아니오
포항시,35.9294744,129.3835065,항사리마을쉼터,특정계층이용시설,경상북도 포항시 남구 오천읍 오어로 153,-,105,32,1,1,-,아니오,아니오,아니오
상주시,36.3005,127.958373,신천2리마을회관,특정계층이용시설,경상북도 상주시 모동면중화로 381,-,97,30,2,1,-,아니오,아니오,아니오
영덕군,36.43239,129.322896,오천2리경로당,특정계층이용시설,경상북도 영덕군 지품면 오천2길 45,-,90.86,22,3,1,-,아니오,아니오,아니오
상주시,36.3468,128.0944,신상3리마을회관,특정계층이용시설,경상북도 상주시 외남면 신상구릿들2길 74-1,-,92,31,2,1,-,아니오,아니오,아니오
상주시,36.3611591,128.2266819,승곡리마을회관,특정계층이용시설,경상북도 상주시 낙동면 선상서로 1983,-,99,60,2,1,-,아니오,아니오,아니오
의성군,36.2586983,128.6672884,명덕1리경로당,특정계층이용시설,경상북도 의성군 금성면 명덕1길 30,-,69,10,2,1,-,아니오,아니오,아니오
의성군,36.2188015,128.6927426,개일2리경로당,특정계층이용시설,경상북도 의성군 금성면 개일길 185-1,-,179,10,2,1,-,아니오,아니오,아니오
구미시,36.1511599,128.2931676,부곡경로당,특정계층이용시설,경상북도 구미시 부곡1길 14-5 (부곡동),-,65.88,16,1,1,-,아니오,아니오,아니오
고령군,35.758133,128.29407,운산2리경로당,특정계층이용시설,경상북도 고령군 운수면 새구름길 80,-,98.48,30,1,1,-,아니오,아니오,아니오
칠곡군,36.015002,128.394233,관호2리경로당,특정계층이용시설,경상북도 칠곡군 약목면 관호11길  31,-,229.96,57,2,1,-,아니오,아니오,아니오
칠곡군,36.002403,128.388502,관호3리(반상골)경로당,특정계층이용시설,경상북도 칠곡군 약목면 관호9길 7-1,-,98.35,24,2,1,-,아니오,아니오,아니오
칠곡군,36.000616,128.388626,관호4리경로당,특정계층이용시설,경상북도 칠곡군 약목면관호8길 32-2 (성재아파트),-,67.48,16,2,1,-,아니오,아니오,아니오
칠곡군,36.032759,128.365338,약목면경로당,특정계층이용시설,경상북도 칠곡군 약목면 약목로3길  11-15,-,148.8,37,2,1,-,아니오,아니오,아니오
포항시,35.9392436,129.4023041,용산1리마을쉼터,특정계층이용시설,경상북도 포항시 남구 오천읍 기림로 1998,-,66,20,2,1,-,아니오,아니오,아니오
포항시,35.9400552,129.3991448,용산타운마을쉼터,특정계층이용시설,경상북도 포항시 남구 오천읍 정몽주로 164 (삼주용산타운),-,175,53,1,1,-,아니오,아니오,아니오
포항시,35.9771664,129.415715,제일5차마을쉼터,특정계층이용시설,경상북도 포항시 남구 오천읍 충무로 51-2 (제일맨션5차),-,377,114,2,1,-,아니오,아니오,아니오
경산시,35.724587,128.741533,하도리경로당,특정계층이용시설,경상북도 경산시 남천면 하도로37길 1,-,61.84,18,1,1,-,아니오,아니오,아니오
경산시,35.8631348,128.8536092,시문리경로당,특정계층이용시설,경상북도 경산시 진량읍 시문길 58,-,52,10,3,1,-,아니오,아니오,아니오
경산시,35.9017256,128.8223608,부기2리경로당,특정계층이용시설,경상북도 경산시 진량읍 대부길 296,-,147,18,2,2,-,아니오,아니오,아니오
경산시,35.8760588,128.8486567,진량동부경로당,특정계층이용시설,경상북도 경산시 진량읍 다문로 354-3,-,99,20,3,2,-,-,아니오,-
영양군,36.5966172,129.0817895,신사1리경로당,특정계층이용시설,경상북도 영양군 입암면 새골길 24,-,105.18,60,5,1,-,아니오,-,아니오
청도군,35.6478068,128.7048608,서상1리(여),특정계층이용시설,경상북도 청도군 화양읍 노상2길 1,-,90.73,22,2,1,-,아니오,아니오,아니오
청도군,35.6639495,128.7269729,소라리,특정계층이용시설,경상북도 청도군 화양읍 소라길 75,-,122.95,30,2,1,-,아니오,아니오,아니오
영양군,36.7264402,129.038761,기포경로당,특정계층이용시설,경상북도 영양군 청기면 기포길 26,-,134.45,53,1,1,-,아니오,-,아니오
영덕군,36.60235,129.4125537,병곡1경로당,특정계층이용시설,경상북도 영덕군 병곡면 병곡2길 7-8,-,82.6,21,4,1,-,아니오,아니오,아니오
영덕군,36.6012489,129.4134956,병곡2경로당,특정계층이용시설,경상북도 영덕군 병곡면 병곡2길 23,-,102.4,26,2,1,-,아니오,아니오,아니오
영덕군,36.5686166,129.391749,원황1경로당,특정계층이용시설,경상북도 영덕군 병곡면 원황길 80,-,99.1,25,4,1,-,아니오,아니오,아니오
예천군,36.7449436,128.465516,시항리경로당,특정계층이용시설,경상북도 예천군 은풍면 부용봉길 439-2,-,56,14,1,1,-,아니오,아니오,아니오
성주군,35.958667,128.291207,보암2리경로당,특정계층이용시설,"경상북도 성주군 월항면 보암2길  91 , 보암2리마을회관",-,168,42,1,1,-,아니오,아니오,아니오
성주군,35.975209,128.28609,장산1리경로당,특정계층이용시설,"경상북도 성주군 월항면 장산2길  2-15, 장산1리경로당",-,76,19,6,2,-,아니오,아니오,아니오
성주군,35.974809,128.272283,장산2리경로당,특정계층이용시설,"경상북도 성주군 월항면 도원길  60 , 장산2리마을회관",-,169,42,1,1,-,아니오,아니오,아니오
성주군,35.98015,128.296609,수죽1리경로당,특정계층이용시설,경상북도 성주군 월항면 수죽1길  1,-,103,25,4,2,-,아니오,아니오,아니오
영주시,36.843618,128.551349,신전3리노인회관,특정계층이용시설,경상북도 영주시 안정면용주로1364번길 5,-,99.12,24,2,1,-,아니오,아니오,아니오
성주군,35.916123,128.071143,영천리마을쉼터,특정계층이용시설,"경상북도 성주군 금수면 성주로  255-5, 영천리회관",-,88.2,40,2,1,-,아니오,아니오,아니오
성주군,35.935957,128.145594,후평1리마을쉼터,특정계층이용시설,"경상북도 성주군 금수면 성주로  1436 , 후평1리마을회관",-,71.42,40,2,1,-,아니오,아니오,아니오
성주군,35.928263,128.150522,후평2리경로당,특정계층이용시설,"경상북도 성주군 금수면 말미길  21-11, 후평리마을회관",-,69.36,40,2,1,-,아니오,아니오,아니오
성주군,35.919236,128.173963,광산2리마을쉼터,특정계층이용시설,"경상북도 성주군 금수면 광산2길  12 , 금수노인회관",-,64.26,20,2,1,-,아니오,아니오,아니오
예천군,36.7422913,128.4252828,금곡1리쇠실경로당,특정계층이용시설,경상북도 예천군 은풍면 쇠실길 92-11,-,50,12,1,1,-,아니오,아니오,아니오
예천군,36.7245289,128.4374541,솔경지경로당,특정계층이용시설,경상북도 예천군 은풍면 도효자로 769,-,69,17,1,1,-,아니오,아니오,아니오
경산시,35.785499,128.714698,장산경로당,특정계층이용시설,경상북도 경산시 남천면 산전길 80,-,135.27,41,2,1,-,아니오,아니오,아니오
의성군,36.2826325,128.673891,초전2리,특정계층이용시설,경상북도 의성군 금성면 초전2길 35-12,-,75.2,14,1,1,-,아니오,아니오,아니오
성주군,35.982983,128.306223,수죽2리경로당,특정계층이용시설,"경상북도 성주군 월항면 수죽길  181 , 노인회관",-,145,36,3,2,-,아니오,아니오,아니오
영양군,36.6839936,129.1480449,상원2리경로당,특정계층이용시설,경상북도 영양군 영양읍 새못골길 6,-,148.69,37,2,2,-,-,-,아니오
포항시,36.1032694,129.1252468,남계리마을쉼터,특정계층이용시설,경상북도 포항시 북구 기계면 가천남계길 138,-,49,15,2,1,-,아니오,아니오,아니오
예천군,36.566773,128.4179284,다암경로당,특정계층이용시설,경상북도 예천군 지보면 어신3길 118-5,-,66,16,2,1,-,아니오,아니오,아니오
칠곡군,35.995758,128.400004,왜관1리경로당,특정계층이용시설,경상북도 칠곡군 왜관읍 석전로  8-15,-,129,20,1,1,-,아니오,아니오,아니오
칠곡군,35.990606,128.398891,왜관2리경로당,특정계층이용시설,경상북도 칠곡군 왜관읍 중앙로9길  3-8,-,91,15,2,1,-,아니오,아니오,아니오
안동시,36.5703905,128.706405,태화대성경로당,특정계층이용시설,경상북도 안동시 포도3길 15 (태화동),-,56.16,22,2,1,-,아니오,아니오,아니오
포항시,35.9318425,129.398578,문충1리마을쉼터,특정계층이용시설,경상북도 포항시 남구 오천읍 정몽주로 64,-,66,20,2,1,-,아니오,아니오,아니오
포항시,35.9376987,129.3931561,문충2리마을쉼터,특정계층이용시설,경상북도 포항시 남구 오천읍 오어로298번길 7,-,64,19,1,1,-,아니오,아니오,아니오
영주시,36.8456856,128.520933,대촌1리경로당,특정계층이용시설,경상북도 영주시 봉현면 소백로1621번길 55,-,131,106,2,1,-,아니오,아니오,아니오
영주시,36.8286164,128.5119198,한천리노인정,특정계층이용시설,경상북도 영주시 봉현면 소백로1411번길 32-1,-,80,32,2,1,-,아니오,아니오,아니오
포항시,35.9912358,129.5618567,구룡포6마을쉼터,특정계층이용시설,경상북도 포항시 남구 구룡포읍 구룡포길153번길 9,-,36,11,1,1,-,아니오,아니오,아니오
예천군,36.6350664,128.3894796,유천경로당,특정계층이용시설,경상북도 예천군 유천면 예성로 693-2,-,50,12,1,1,-,아니오,아니오,아니오
예천군,36.6319788,128.3927647,가1리경로당,특정계층이용시설,경상북도 예천군 유천면 가동1길 40,-,96,24,1,1,-,아니오,아니오,아니오
예천군,36.635482,128.37712,토치경로당,특정계층이용시설,경상북도 예천군 유천면 유용로 9-27,-,73,18,1,1,-,아니오,아니오,아니오
예천군,36.6371049,128.3443867,가2리새경로당,특정계층이용시설,경상북도 예천군 유천면 송지길 77-7,-,50,12,1,1,-,아니오,아니오,아니오
예천군,36.635073,128.389452,가2리여성노인경로당,특정계층이용시설,경상북도 예천군 유천면 예성로 693-2,-,54,13,1,1,-,아니오,아니오,아니오
고령군,35.784845,128.314455,신간1리경로당,특정계층이용시설,경상북도 고령군 운수면 신간1길 64,-,73.62,22,1,1,-,아니오,아니오,아니오
고령군,35.80219,128.320908,신간2리경로당,특정계층이용시설,경상북도 고령군 운수면 물한2길 14-2 (선간2리회관),-,99.96,30,1,1,-,아니오,아니오,아니오
고령군,35.777552,128.309055,법리경로당,특정계층이용시설,경상북도 고령군 운수면 잣밭길 211 (법리회관경로당),-,68.4,21,1,1,-,아니오,아니오,아니오
고령군,35.764709,128.302391,유리경로당,특정계층이용시설,경상북도 고령군 운수면 운성로 130 (유리마을회관),-,132.39,40,1,1,-,아니오,아니오,아니오
고령군,35.764863,128.321763,팔산경로당,특정계층이용시설,경상북도 고령군 운수면 팔산길 16,-,105.35,32,1,1,-,아니오,아니오,아니오
고령군,35.752901,128.296109,운산1리경로당,특정계층이용시설,경상북도 고령군 운수면 운산길 181,-,95,29,1,1,-,아니오,아니오,아니오
의성군,36.237277,128.7741584,빙계1리부녀경로당,특정계층이용시설,경상북도 의성군 춘산면 금성현서로 1074-14,-,106.1,28,2,1,-,아니오,아니오,아니오
영천시,35.8750656,128.8965315,대창1리경로당,특정계층이용시설,경상북도 영천시 대창면 대창시장길 19-3,-,206,30,3,1,-,-,-,아니오
칠곡군,36.045023,128.389111,덕산2리경로당,특정계층이용시설,경상북도 칠곡군 약목면 덕산4길  1,-,246.56,61,2,1,-,아니오,아니오,아니오
포항시,36.0700761,129.370365,청구마을쉼터,특정계층이용시설,경상북도 포항시 북구 새천년대로1123번길 12 (장성동),-,143,43,2,1,-,아니오,아니오,아니오
포항시,36.0702297,129.3682822,보성마을쉼터,특정계층이용시설,"경상북도 포항시 북구 새천년대로1123번길 28 (장성동, 창포보성아파트)",-,75,23,2,1,-,아니오,아니오,아니오
포항시,36.0841945,129.3936118,장성현대마을쉼터,특정계층이용시설,경상북도 포항시 북구 장량로113번길 28 (장성동),-,94,28,2,1,-,아니오,아니오,아니오
포항시,36.076873,129.3891753,롯데낙천대마을쉼터,특정계층이용시설,"경상북도 포항시 북구 법원로40번길 38 (장성동, 롯데낙천대아파트)",-,86,26,2,1,-,아니오,아니오,아니오
구미시,36.2005771,128.2976264,신촌경로당,특정계층이용시설,경상북도 구미시 고아읍 신촌2길 95-1,-,84.69,21,3,2,-,아니오,아니오,아니오
포항시,36.0778845,129.3843408,경성홈타운마을쉼터,특정계층이용시설,"경상북도 포항시 북구 장량로32번길 55 (장성동, 경성홈타운)",-,76,23,2,1,-,아니오,아니오,아니오
칠곡군,36.025791,128.374537,무림1리경로당,특정계층이용시설,경상북도 칠곡군 약목면 무림1길  21-1,-,98.75,24,1,1,-,아니오,아니오,아니오
칠곡군,36.020708,128.383,무림2리경로당,특정계층이용시설,"경상북도 칠곡군 약목면 무림3길  16-2, 무림2리경로당",-,89.64,22,2,1,-,아니오,아니오,아니오
성주군,35.914361,128.17311,광산3리마을쉼터,특정계층이용시설,경상북도 성주군 금수면 광산3길  88,-,77.9,40,4,1,-,아니오,아니오,아니오
영양군,36.6010545,129.1499868,소계경로당,특정계층이용시설,경상북도 영양군 석보면 소계2길 18,-,95,30,2,1,-,아니오,-,아니오
칠곡군,36.032023,128.367276,남계1리경로당,특정계층이용시설,경상북도 칠곡군 약목면 남계3길  1,-,66.11,16,2,1,-,아니오,아니오,아니오
칠곡군,36.030879,128.364252,남계2리경로당,특정계층이용시설,경상북도 칠곡군 약목면 남계6길  17,-,110.4,27,2,1,-,아니오,아니오,아니오
칠곡군,36.0248199,128.3537865,남계3리경로당,특정계층이용시설,경상북도 칠곡군 약목면 남계5길 151-2,-,73.1,18,2,1,-,아니오,아니오,아니오
칠곡군,36.048054,128.359315,교2리경로당,특정계층이용시설,"경상북도 칠곡군 약목면 교7길  2 , 교2리경로당",-,76,21,2,1,-,아니오,아니오,아니오
구미시,36.2138456,128.3336326,관심1리경로당,특정계층이용시설,경상북도 구미시 고아읍관심5길 17,-,141.36,35,4,2,-,아니오,아니오,아니오
의성군,36.2279674,128.8102072,옥정3리경로당,특정계층이용시설,경상북도 의성군 춘산면 옥정3길 117,-,94.37,32,2,1,-,아니오,아니오,아니오
칠곡군,35.9874475,128.4049255,왜관11리주공경로당,특정계층이용시설,경상북도 칠곡군 왜관읍 평장2길 12,-,48,15,0,1,-,아니오,아니오,아니오
칠곡군,35.9866358,128.3995155,왜관12리로얄경로당,특정계층이용시설,경상북도 칠곡군 왜관읍 중앙로 126 (주식회사대흥주택건설),-,99,30,3,1,-,아니오,아니오,아니오
영양군,36.6970517,129.0653953,정족2리할머니경로당,특정계층이용시설,경상북도 영양군 청기면 청기로 1618,-,165,41,2,1,-,아니오,-,아니오
포항시,36.1767225,129.1972798,성법리마을쉼터,특정계층이용시설,경상북도 포항시 북구 기북면 기북로1081번길 1,-,107,32,3,2,-,아니오,아니오,아니오
포항시,36.1312644,129.1773967,율산2리마을쉼터,특정계층이용시설,경상북도 포항시 북구 기북면 율산북길68번길 1,-,91,28,3,2,-,아니오,아니오,아니오
포항시,36.1296567,129.1652045,용기2리마을쉼터,특정계층이용시설,경상북도 포항시 북구 기북면 용기길 17-8,-,89,27,4,2,-,아니오,아니오,아니오
포항시,36.1326242,129.1654296,용기1리마을쉼터,특정계층이용시설,경상북도 포항시 북구 기북면 용기길49번길 1,-,107,32,0,2,-,아니오,아니오,아니오
포항시,36.1207717,129.1596165,대곡할머니마을쉼터,특정계층이용시설,경상북도 포항시 북구 기북면 기북로333번길 20-5,-,54,16,0,2,-,아니오,아니오,아니오
포항시,36.1541102,129.2026345,탑정2리마을쉼터,특정계층이용시설,경상북도 포항시 북구 기북면 비학산길 177,-,46,14,2,2,-,아니오,아니오,아니오
상주시,36.4283888,128.153644,만산3동경로당,특정계층이용시설,경상북도 상주시 만산1길 20,-,86,26,2,2,-,아니오,아니오,아니오
문경시,36.5857431,128.0209029,민지1리경로당,특정계층이용시설,경상북도 문경시 가은읍 섬안길 2,-,106,14,1,1,-,아니오,아니오,아니오
상주시,36.422163,128.1575078,북문15통경로당(동보빌라D동102호),특정계층이용시설,"경상북도 상주시 동수3길 114 (무양동, 동보빌라)",-,73,22,2,2,-,아니오,아니오,아니오
예천군,36.7492898,128.4415059,우곡2리경로당,특정계층이용시설,경상북도 예천군 은풍면 내동길 49,-,93,23,1,1,-,아니오,아니오,아니오
예천군,36.7431829,128.4353653,우곡1리과산골경로당,특정계층이용시설,경상북도 예천군 은풍면 과산골길 21,-,56,14,1,1,-,아니오,아니오,아니오
김천시,36.0850138,128.2687833,오봉2리경로당,특정계층이용시설,경상북도 김천시 남면 갈항길 353,-,104,26,2,1,-,아니오,아니오,예
김천시,36.1389568,128.1862249,초곡1리(남)경로당,특정계층이용시설,경상북도 김천시 남면 초곡1길 153-3,-,108,27,2,1,-,아니오,아니오,예
김천시,36.117382,128.1988496,운남2리(석정)경로당,특정계층이용시설,경상북도 김천시 남면 석정길 238-15,-,120,30,2,1,-,아니오,아니오,예
김천시,36.1257138,128.2041661,운남1리경로당,특정계층이용시설,경상북도 김천시 남면 운남리 395,-,160,40,2,1,-,아니오,아니오,예
김천시,36.1358385,128.2054013,천동경로당,특정계층이용시설,경상북도 김천시 남면 천동안길 48,-,100,25,2,1,-,아니오,아니오,예
문경시,36.5892084,127.9984488,종곡3리경로당,특정계층이용시설,경상북도 문경시 농암면 한우물길 87,-,123,80,2,1,-,아니오,아니오,-
포항시,36.1127584,129.1642849,대곡2리마을쉼터,특정계층이용시설,경상북도 포항시 북구 기북면 기북로264번길 39,-,99,30,2,2,-,아니오,아니오,아니오
김천시,36.1155494,128.0708766,본리(내촌)경로당,특정계층이용시설,경상북도 김천시 내촌1길 46-10 (백옥동),-,196,49,2,1,-,아니오,아니오,예
김천시,36.1215308,128.0908543,아주아트빌아파트경로당,특정계층이용시설,"경상북도 김천시 문지왈3길 14 (부곡동, 아주아트빌)",-,84,21,2,1,-,아니오,아니오,예
김천시,36.1219741,128.0897407,문지왈경로당,특정계층이용시설,경상북도 김천시 문지왈4길 9-4  (부곡동),-,196,49,2,1,-,아니오,아니오,예
김천시,36.1224369,128.1449578,마잠경로당,특정계층이용시설,경상북도 김천시 마잠길 62 (지좌동),-,138,35,2,1,-,아니오,아니오,예
김천시,36.116417,128.149446,월드메르디앙경로당,특정계층이용시설,경상북도 김천시 영남대로 2040-20 (김천 덕곡 월드메르디앙 104동),-,100,25,2,1,-,아니오,아니오,예
상주시,36.4663,128.1648,남적2동마을회관,특정계층이용시설,경상북도 상주시 남적로 29-4 (남적동),-,103,45,3,1,-,아니오,아니오,아니오
상주시,36.4241529,128.1559816,진주경로당(진주맨션가동앞),특정계층이용시설,"경상북도 상주시 봉양1길 101 (무양동, 진주맨션)",-,50,15,2,1,-,아니오,아니오,아니오
칠곡군,36.0505779,128.3436638,율3리경로당,특정계층이용시설,경상북도 칠곡군 북삼읍 외율1길 9 (전원대동타운),-,66,16,2,1,-,아니오,아니오,아니오
칠곡군,36.045574,128.331747,어로1리마을회관,특정계층이용시설,"경상북도 칠곡군 북삼읍 어로2길  54 , 어로1리마을회관",-,87,21,3,1,-,아니오,아니오,아니오
칠곡군,36.051059,128.329772,어로2리경로당,특정계층이용시설,경상북도 칠곡군 북삼읍 어로5길  10,-,65,16,2,1,-,아니오,아니오,아니오
칠곡군,36.046095,128.312205,보손1리경로당,특정계층이용시설,경상북도 칠곡군 북삼읍 보손3길  118,-,33,8,2,1,-,아니오,아니오,아니오
예천군,36.4775214,128.2713084,효갈1경로당,특정계층이용시설,경상북도 예천군 풍양면 덕암로 1118-10,-,93,23,4,1,-,아니오,아니오,아니오
안동시,36.7440942,128.7721655,신평1리경로당,특정계층이용시설,경상북도 안동시 녹전면 녹전로 739,-,84,20,4,1,-,아니오,아니오,아니오
포항시,36.1320626,129.2499696,죽성2리마을쉼터,특정계층이용시설,경상북도 포항시 북구 신광면 비학로855번길 96,-,109,33,1,1,-,아니오,아니오,아니오
포항시,36.15029,129.2745224,만석1리마을쉼터,특정계층이용시설,경상북도 포항시 북구 신광면 비학로1098번길 48,-,100,30,1,1,-,아니오,아니오,아니오
경주시,35.733168,129.19151,월산1리경로당,특정계층이용시설,"경상북도 경주시 내남면 월산길  178-15, 월산1리회관,경로당",-,57.75,18,1,1,-,아니오,아니오,아니오
경주시,35.7504632,129.1973493,이조1리경로당,특정계층이용시설,경상북도 경주시 내남면 이조중앙길 3,-,66.68,20,1,1,-,아니오,아니오,아니오
포항시,36.194816,129.3382815,미남관덕마을쉼터,특정계층이용시설,경상북도 포항시 북구 청하면 청하로175번길 5,-,56,32,1,2,-,아니오,아니오,아니오
포항시,36.1777934,129.1191599,매현2리마을쉼터,특정계층이용시설,경상북도 포항시 북구 죽장면 죽장로335번길 6,-,90,27,2,1,-,아니오,아니오,아니오
영주시,36.7855579,128.4949887,하촌1리회관(경로당),특정계층이용시설,경상북도 영주시 봉현면 하촌로48번길 25,-,102,36,3,1,-,아니오,아니오,아니오
포항시,36.1446274,129.1219076,감곡리마을쉼터,특정계층이용시설,경상북도 포항시 북구 죽장면 감곡길 226,-,82,25,1,1,-,아니오,아니오,아니오
포항시,36.2016378,129.0964876,합덕1리마을쉼터,특정계층이용시설,경상북도 포항시 북구 죽장면 합석길 15,-,218,66,1,1,-,아니오,아니오,아니오
포항시,36.1815051,129.0944537,방흥리마을쉼터,특정계층이용시설,경상북도 포항시 북구 죽장면 새마을로 3868,-,100,30,1,1,-,아니오,아니오,아니오
포항시,36.2065652,129.3711965,월포2리마을쉼터,특정계층이용시설,경상북도 포항시 북구 청하면 해안로2414번길 16-5,-,98,29,1,1,-,아니오,아니오,아니오
포항시,36.154038,129.1859303,탑정1리마을쉼터,특정계층이용시설,경상북도 포항시 북구 기북면 기북로788번길 13,-,80,24,2,2,-,아니오,아니오,아니오
울릉군,37.485394,130.901908,도동2리경로당,특정계층이용시설,경상북도 울릉군 울릉읍 도동길 192,-,127.6,61,3,1,-,-,아니오,-
포항시,36.2532174,129.1087513,상사리마을쉼터,특정계층이용시설,경상북도 포항시 북구 죽장면 병보천길 868,-,108,33,1,1,-,아니오,아니오,아니오
구미시,36.1306888,128.3265738,원평동제2할아버지경로당,특정계층이용시설,경상북도 구미시 구미중앙로 32,-,89.96,22,1,1,-,아니오,아니오,아니오
성주군,35.9190188,128.2874984,경산8리경로당,특정계층이용시설,경상북도 성주군 성주읍 성주읍3길 14-5,-,98,24,2,1,-,아니오,아니오,아니오
문경시,36.613415,128.178349,배실경로당,특정계층이용시설,경상북도 문경시 공평동 배실안길  22   (공평동),-,102,25,2,1,-,아니오,아니오,아니오
문경시,36.5920102,128.1866352,모전양지노인회관,특정계층이용시설,경상북도 문경시 양지1길 4-8 (모전동),-,60,50,3,1,-,아니오,아니오,아니오
문경시,36.5857966,128.1837841,모전제일노인회관,특정계층이용시설,경상북도 문경시 매봉2길 15-12,-,60,20,2,1,-,아니오,아니오,아니오
문경시,36.7911472,128.1208232,평천2리경로당,특정계층이용시설,경상북도 문경시 문경읍 평천길 383,-,85,40,3,1,-,아니오,아니오,아니오
포항시,36.1660988,129.329907,고현2리마을쉼터,특정계층이용시설,경상북도 포항시 북구 청하면 고현길80번길 46,-,98,41,1,1,-,아니오,아니오,아니오
청송군,36.2614688,129.0231559,진고경로당,특정계층이용시설,경상북도 청송군 현동면 개일월매길 194,-,56,17,2,1,-,아니오,아니오,아니오
포항시,36.144205,129.1758005,오덕2리마을쉼터,특정계층이용시설,경상북도 포항시 북구 기북면 오덕길46번길 11-2,-,100,30,5,2,-,아니오,아니오,아니오
포항시,36.1213856,129.1613153,대곡1리마을쉼터,특정계층이용시설,경상북도 포항시 북구 기북면 기북로353번길 17,-,100,30,3,2,-,아니오,아니오,아니오
문경시,36.6866909,128.2779939,내화리마을회관,특정계층이용시설,경상북도 문경시 산북면 내화1길 14,-,85,35,2,1,-,아니오,아니오,-
포항시,36.0838008,129.3983315,양덕하우스스토리마을쉼터,특정계층이용시설,"경상북도 포항시 북구 천마로72번길 11 (양덕동, 남광하우스토리아파트)",-,20,6,2,1,-,아니오,아니오,아니오
포항시,36.0739466,129.4089517,환여마을쉼터,특정계층이용시설,경상북도 포항시 북구 여남포길 34 (여남동),-,122,37,1,1,-,아니오,아니오,아니오
포항시,36.1467801,129.2473052,상읍2리마을쉼터,특정계층이용시설,경상북도 포항시 북구 신광면 상읍길 234,-,96,29,1,1,-,아니오,아니오,아니오
울릉군,37.493394,130.908825,도동3리경로당,특정계층이용시설,경상북도 울릉군 울릉읍 봉래2길 37-12,-,163.02,112,6,2,-,아니오,아니오,아니오
울릉군,37.506726,130.913347,저동3리경로당,특정계층이용시설,경상북도 울릉군 울릉읍 울릉순환로 16,-,63.24,16,2,1,-,아니오,아니오,아니오
구미시,36.271155,128.242612,대원2노인회관,특정계층이용시설,경상북도 구미시 옥성면 대원2길 86,-,76,19,1,1,-,아니오,아니오,아니오
포항시,36.1320265,129.2920534,호리마을쉼터,특정계층이용시설,경상북도 포항시 북구 신광면 호리길 124,-,92,28,1,1,-,아니오,아니오,아니오
구미시,36.2544068,128.25038,덕촌1노인회관,특정계층이용시설,경상북도 구미시 옥성면덕촌2길 36,-,76,19,1,1,-,아니오,아니오,아니오
의성군,36.37432,128.333228,솔티(생송1리),특정계층이용시설,경상북도 의성군 단밀면도안로 1189,-,30,26,1,1,-,아니오,아니오,아니오
포항시,36.073296,129.1774926,고지1리마을쉼터,특정계층이용시설,경상북도 포항시 북구 기계면 기남길149번길 62,-,93,28,1,1,-,아니오,아니오,아니오
포항시,36.0769684,129.2207096,화대리마을쉼터,특정계층이용시설,경상북도 포항시 북구 기계면 화대길106번길 9,-,72,22,1,1,-,아니오,아니오,아니오
포항시,36.0497863,129.3708031,학산부녀마을쉼터,특정계층이용시설,경상북도 포항시 북구 삼호로109번길 5 (학산동),-,122,37,2,1,-,아니오,아니오,아니오
포항시,36.0497887,129.370815,학산마을쉼터,특정계층이용시설,경상북도 포항시 북구 삼호로109번길 5 (학산동),-,102,31,2,1,-,아니오,아니오,아니오
안동시,36.5481,128.7325,화성드림파크경로당,특정계층이용시설,경상북도 안동시 정하동 강남1길  102   (정하동),-,112.2,116,4,1,-,아니오,아니오,아니오
울릉군,37.475797,130.894357,사동1리경로당,특정계층이용시설,경상북도 울릉군 울릉읍 울릉순환로 535-14,-,82.02,47,2,2,-,아니오,아니오,아니오
영주시,36.952518,128.614921,남목경로당,특정계층이용시설,경상북도 영주시 단산면 소백로3255번길 30,-,118,30,2,1,-,아니오,아니오,아니오
안동시,36.5498,128.7308,석미한아름경로당,특정계층이용시설,"경상북도 안동시 정하동 강남5길  103   (정하동, 석미한아름아파트)",-,62.37,54,4,1,-,아니오,아니오,아니오
포항시,36.1046222,129.2400192,흥곡2리마을쉼터,특정계층이용시설,경상북도 포항시 북구 신광면 비학로519번길 139,-,82,25,1,1,-,아니오,아니오,아니오
포항시,36.1764017,129.2445098,기일리마을쉼터,특정계층이용시설,경상북도 포항시 북구 신광면 기반길 418,-,84,25,1,1,-,아니오,아니오,아니오
포항시,36.1941318,129.2453502,마북리경로당,특정계층이용시설,경상북도 포항시 북구 신광면 마북길 366-5,-,100,30,2,1,-,아니오,아니오,아니오
포항시,36.0930015,129.2397921,흥곡1리경로당,특정계층이용시설,경상북도 포항시 북구 신광면 흥곡길 111,-,82,25,1,1,-,아니오,아니오,아니오
포항시,36.1219441,129.245206,죽성1리마을쉼터,특정계층이용시설,경상북도 포항시 북구 신광면 죽성길 128,-,135,41,2,1,-,아니오,아니오,아니오
구미시,36.120389,128.481107,신장2리경로당,특정계층이용시설,경상북도 구미시 장천면신장5길 2,-,66,17,2,1,-,아니오,아니오,아니오
포항시,36.108882,129.3536071,덕양(중성2리)마을쉼터,특정계층이용시설,경상북도 포항시 북구 흥해읍 한동로 112,-,296,90,1,1,-,아니오,아니오,아니오
포항시,36.1161783,129.1717341,수곡리마을쉼터,특정계층이용시설,경상북도 포항시 북구 기북면 기북로306번길 100,-,45,14,2,1,-,아니오,아니오,아니오
울릉군,37.465391,130.878429,사동3리경로당,특정계층이용시설,경상북도 울릉군 울릉읍 울릉순환로 728,-,84.24,36,2,1,-,-,아니오,-
울릉군,37.467713,130.836054,남양리경로당,특정계층이용시설,경상북도 울릉군 서면 남서길 25-7,-,174.6,90,2,1,-,-,아니오,-
울릉군,37.463033,130.856079,남양3리경로당,특정계층이용시설,경상북도 울릉군 서면 통구미길 36,-,125.67,55,3,1,-,-,아니오,-
울릉군,37.477336,130.809657,남서2리경로당,특정계층이용시설,경상북도 울릉군 서면 구암길 6,-,62.14,12,2,1,-,-,아니오,-
울릉군,37.503608,130.807099,태하2리경로당,특정계층이용시설,경상북도 울릉군 서면 학포길 120,-,55.6,23,2,1,-,아니오,아니오,아니오
영주시,36.8115989,128.6557796,이곡경로당,특정계층이용시설,경상북도 영주시 휴천동 영봉로166번길  33   (휴천동),-,91.5,29,1,1,-,아니오,아니오,아니오
안동시,36.5738558,128.6926836,송현2차삼성명가타운경로당,특정계층이용시설,"경상북도 안동시 송현길 154-16 (송현동, 송현2차삼성명가타운)",-,62.9,8,3,2,-,아니오,아니오,아니오
포항시,36.1222991,129.1547958,관천리마을쉼터,특정계층이용시설,경상북도 포항시 북구 기북면 구관길245번길 44,-,82,25,3,1,-,아니오,아니오,아니오
구미시,36.1306887,128.3265784,원평동제2할머니경로당,특정계층이용시설,경상북도 구미시 구미중앙로 32,-,89.96,22,1,1,-,아니오,아니오,아니오
영주시,36.8026399,128.5129148,유전2리노인회관,특정계층이용시설,경상북도 영주시 봉현면 소백로1036번길 108,-,100,29,1,1,-,아니오,아니오,아니오
영주시,36.7956342,128.4988296,노좌1리노인복지회관,특정계층이용시설,경상북도 영주시 봉현면 노좌로29번길 24,-,68,94,3,1,-,아니오,아니오,아니오
안동시,36.5799867,128.6822523,노하동경로당,특정계층이용시설,경상북도 안동시 노하3길 24,-,155.42,38,3,1,-,아니오,아니오,아니오
안동시,36.5711,128.704,성창주택경로당,특정계층이용시설,"경상북도 안동시 경동로 380 (송현동, 성창아파트)",-,58.53,14,2,2,-,아니오,아니오,아니오
구미시,36.1732227,128.4385613,동곡1리경로당,특정계층이용시설,경상북도 구미시 산동읍 동곡1길 24,-,104,26,1,1,-,아니오,아니오,아니오
구미시,36.1769305,128.4433731,동곡2리경로당,특정계층이용시설,경상북도 구미시 산동읍 동백로 113,-,300,75,1,1,-,아니오,아니오,아니오
포항시,36.0946747,129.2601329,냉수2리마을쉼터,특정계층이용시설,경상북도 포항시 북구 신광면 비학로438번길 72,-,88,27,1,1,-,아니오,아니오,아니오
포항시,36.1149713,129.2574701,우각2리마을쉼터,특정계층이용시설,경상북도 포항시 북구 신광면 비학로696번길 14,-,127,38,1,1,-,아니오,아니오,아니오
포항시,36.0163336,129.3689004,형산마을쉼터,특정계층이용시설,경상북도 포항시 남구 문예로126번길 15 (해도동),-,82,25,2,2,-,아니오,아니오,아니오
포항시,36.0195289,129.3704563,동부마을쉼터,특정계층이용시설,경상북도 포항시 남구 중앙로68번길 7 (해도동),-,149,45,2,2,-,아니오,아니오,아니오
포항시,36.0225919,129.3750731,장수마을쉼터,특정계층이용시설,경상북도 포항시 남구 희망대로1003번길 26-1 (해도동),-,138,42,5,3,-,아니오,아니오,아니오
포항시,36.1280103,129.1666976,기북마을쉼터,특정계층이용시설,경상북도 포항시 북구 기북면 기북로442번길 4,-,116,35,4,1,-,아니오,아니오,아니오
포항시,36.0896034,129.4200961,죽천1리마을쉼터,특정계층이용시설,경상북도 포항시 북구 흥해읍 죽천길 95,-,74,22,1,1,-,아니오,아니오,아니오
포항시,36.0970448,129.4280176,우목리마을쉼터,특정계층이용시설,경상북도 포항시 북구 흥해읍 죽천길213번길 13,-,33,10,1,1,-,아니오,아니오,아니오
청도군,35.6152762,128.6409196,하함박,특정계층이용시설,경상북도 청도군 각남면 함박1길 10,-,75.7,18,2,1,-,아니오,아니오,아니오
청도군,35.6146111,128.6337367,옥산1리,특정계층이용시설,경상북도 청도군 각남면 옥산1길 12,-,83,20,2,1,-,아니오,아니오,아니오
청도군,35.606026,128.6242443,옥산2리,특정계층이용시설,경상북도 청도군 각남면 옥산2길 7,-,82.4,20,2,1,-,아니오,아니오,아니오
칠곡군,36.07598,128.3963,남율3리동화아파트경로당,특정계층이용시설,경상북도 칠곡군 석적읍 대교길 36 (동화공단타운),-,77,24,1,1,-,아니오,아니오,아니오
포항시,36.055975,129.3737123,우방청운마을쉼터,특정계층이용시설,"경상북도 포항시 북구 학전로 35 (학산동, 우방청운타운)",-,85,26,2,1,-,-,-,아니오
포항시,36.0261138,129.3717776,분회마을쉼터,특정계층이용시설,경상북도 포항시 남구 중앙로134번길 35-5 (해도동),-,102,31,3,2,-,아니오,아니오,아니오
포항시,36.0425484,129.3664823,중앙(덕산)마을쉼터,특정계층이용시설,경상북도 포항시 북구 문화로 14 (덕산동),-,121,37,1,1,-,아니오,아니오,아니오
포항시,36.0405644,129.3642913,중앙동마을쉼터,특정계층이용시설,경상북도 포항시 북구 용당로 150-5 (신흥동),-,135,41,2,1,-,아니오,아니오,아니오
영주시,36.9787745,128.6528796,소천3리경로당,특정계층이용시설,경상북도 영주시 부석면 부석로41번길 10,-,86,40,1,1,-,아니오,아니오,아니오
안동시,36.5479,128.7321,현진에버빌3차경로당,특정계층이용시설,경상북도 안동시 정하동 강남1길  98-19  (정하동),-,19.8,93,3,1,-,아니오,아니오,아니오
청도군,35.6899078,128.7968096,덕산리곰티,특정계층이용시설,경상북도 청도군 매전면 곰티로 394,-,57.6,14,2,1,-,아니오,아니오,아니오
영주시,36.9898521,128.6414321,소천5리경로당,특정계층이용시설,경상북도 영주시 부석면사문로 182,-,60,35,1,1,-,아니오,아니오,아니오
안동시,36.5706324,128.6988812,세송경로당,특정계층이용시설,경상북도 안동시 합전3길 31,-,103.2,25,3,1,-,아니오,아니오,아니오
포항시,36.0782068,129.3325117,삼도미래2차마을쉼터,특정계층이용시설,경상북도 포항시 북구 흥해읍 도음로 902 (학천삼도 미래타운2차),-,100,30,1,1,-,아니오,아니오,아니오
포항시,36.0759519,129.3270652,학천2리마을쉼터,특정계층이용시설,경상북도 포항시 북구 흥해읍 도음로856번길 35,-,137,42,1,1,-,아니오,아니오,아니오
영주시,37.000972,128.66186,대율경로당,특정계층이용시설,경상북도 영주시 부석면영부로 95-19,-,54,30,1,1,-,아니오,아니오,아니오
포항시,36.0266551,129.369421,부녀마을쉼터,특정계층이용시설,경상북도 포항시 남구 중앙로146번길 15 (해도동),-,134,41,1,1,-,아니오,아니오,아니오
김천시,35.9620245,128.0747633,신평1리경로당,특정계층이용시설,경상북도 김천시 지례면 삼실길 36-25,-,59,15,2,1,-,아니오,아니오,예
영주시,36.970201,128.634976,노곡1리경로당,특정계층이용시설,경상북도 영주시 부석면노곡길 27,-,89,40,1,1,-,아니오,아니오,아니오
영주시,36.980402,128.659772,소천1리경로당,특정계층이용시설,경상북도 영주시 부석면소백로 3783,-,99,45,1,1,-,아니오,아니오,아니오
울진군,37.0047292,129.3439122,신림리마을회관,특정계층이용시설,경상북도 울진군 울진읍대흥신림로 699,-,178,44,3,2,-,아니오,아니오,아니오
성주군,35.91587,128.205279,명천1리마을쉼터,특정계층이용시설,"경상북도 성주군 금수면 명천로2길  6 , 명천1리마을회관과경로회관",-,77.72,40,3,1,-,아니오,아니오,아니오
상주시,36.3698271,128.006779,대포2리마을회관,특정계층이용시설,경상북도 상주시 모서면대포2길 56,-,86,26,3,2,-,아니오,아니오,아니오
청도군,35.7069633,128.7950474,두곡리할머니,특정계층이용시설,경상북도 청도군 매전면 두곡길 110,-,135.36,33,2,1,-,아니오,아니오,아니오
청도군,35.6677433,128.8481632,동산2리봉산,특정계층이용시설,경상북도 청도군 매전면 구동창길 20,-,60.66,15,3,1,-,아니오,아니오,아니오
포항시,36.029423,129.372527,보훈마을쉼터,특정계층이용시설,경상북도 포항시 남구 축항로 37-1 (해도동),-,61,18,1,1,-,아니오,아니오,아니오
포항시,36.0248459,129.3705904,해도제2부녀마을쉼터,특정계층이용시설,경상북도 포항시 남구 상공로233번길 21-1 (해도동),-,59,18,2,1,-,아니오,아니오,아니오
포항시,36.031642,129.381844,송림경로당,특정계층이용시설,경상북도 포항시 남구 송도해안길 3-2,-,66,48,1,1,-,아니오,아니오,아니오
경주시,35.990801,129.226846,안강4리마을회관,특정계층이용시설,경상북도 경주시 안강읍 비화동길  9-34,-,217,66,1,2,-,아니오,아니오,아니오
경주시,35.990763,129.227011,안강분회경로당,특정계층이용시설,"경상북도 경주시 안강읍 비화동길  9-40, 대한노인회안강복지회관",-,583,177,1,1,-,아니오,아니오,아니오
경주시,35.9992618,129.2234445,양월2리마을회관,특정계층이용시설,경상북도 경주시 안강읍 창말5길 8,-,214,65,1,1,-,아니오,아니오,아니오
경주시,35.987863,129.222686,춘화정경로당,특정계층이용시설,경상북도 경주시 안강읍 칠평로 50,-,45,14,2,1,-,아니오,아니오,아니오
안동시,36.6973758,128.8136083,서부리경로당,특정계층이용시설,경상북도 안동시 도산면 선성5길 10,-,71.05,40,3,1,-,아니오,아니오,아니오
성주군,35.882243,128.181723,대천1리경로당,특정계층이용시설,경상북도 성주군 대가면 대천2길  6,-,100,25,2,1,-,아니오,아니오,아니오
칠곡군,35.9998105,128.4279275,아곡리등태경로당,특정계층이용시설,경상북도 칠곡군 왜관읍 아곡5길 95-5,-,62.97,15,1,1,-,아니오,아니오,아니오
칠곡군,36.0645928,128.3328615,숭오5리경로당,특정계층이용시설,경상북도 칠곡군 북삼읍 북삼로 188-5,-,17,5,4,2,-,아니오,아니오,아니오
경주시,35.787474,129.179201,두능경로당,특정계층이용시설,"경상북도 경주시 내남면 망성1길  33 , 두능경로당",-,78.93,24,1,1,-,아니오,아니오,아니오
경주시,35.750887,129.154547,상신1리양지경로회관,특정계층이용시설,"경상북도 경주시 내남면 상신양지길  10-39, 상신1리경로회관",-,66.56,20,1,1,-,아니오,아니오,아니오
칠곡군,36.0296736,128.4368198,반계리(샛터)노인회,특정계층이용시설,경상북도 칠곡군 석적읍 호국로 558-1,-,61.5,18,1,1,-,아니오,아니오,아니오
포항시,36.1115052,129.425647,용한1리마을쉼터,특정계층이용시설,경상북도 포항시 북구 흥해읍 용한길256번길 38-10,-,153,46,1,1,-,아니오,아니오,아니오
칠곡군,35.9946014,128.321724,각산2리수산경로당,특정계층이용시설,경상북도 칠곡군 기산면 각산수산길 23,-,65,15,1,1,-,아니오,아니오,아니오
의성군,36.4139331,128.6874774,하화경로당,특정계층이용시설,경상북도 의성군 단촌면 행화길 784,-,101.5,10,2,1,-,아니오,아니오,아니오
의성군,36.412584,128.6911547,하화1리회관,특정계층이용시설,경상북도 의성군 단촌면 수일상길 12-17,-,101.5,10,2,1,-,아니오,아니오,아니오
포항시,36.1281691,129.3983987,곡강3리마을쉼터,특정계층이용시설,경상북도 포항시 북구 흥해읍 해안로 1335-20,-,98,30,2,1,-,아니오,아니오,아니오
포항시,36.1098234,129.4067417,곡강2리마을쉼터,특정계층이용시설,경상북도 포항시 북구 흥해읍 한동로513번길 144-2,-,85,26,1,1,-,아니오,아니오,아니오
포항시,36.1022217,129.378099,남송2리마을쉼터,특정계층이용시설,경상북도 포항시 북구 흥해읍 삼흥로502번길 119,-,83,25,2,1,-,아니오,아니오,아니오
포항시,36.1125922,129.3221001,북송부녀마을쉼터,특정계층이용시설,경상북도 포항시 북구 흥해읍 신흥로 723,-,46,14,2,1,-,아니오,아니오,아니오
포항시,36.1126002,129.3220181,북송리마을쉼터,특정계층이용시설,경상북도 포항시 북구 흥해읍 신흥로 723,-,46,14,2,1,-,아니오,아니오,아니오
안동시,36.7581171,128.7842728,신평2리경로당,특정계층이용시설,경상북도 안동시 녹전면 신매로 116,-,86.3,30,3,1,-,아니오,아니오,아니오
포항시,36.1023255,129.4310276,용한2리마을쉼터,특정계층이용시설,경상북도 포항시 북구 흥해읍 용한길160번길 40,-,26,8,1,1,-,아니오,아니오,아니오
안동시,36.7820368,128.7823122,갈현리경로당,특정계층이용시설,경상북도 안동시 녹전면 사갈길  429-3,-,66,20,3,1,-,아니오,아니오,아니오
김천시,36.2041503,128.1626566,금라경로당,특정계층이용시설,경상북도 김천시 감문면 금라길 25,-,83,90,5,2,-,아니오,아니오,예
김천시,36.1579161,128.1158402,남산3리모산경로당,특정계층이용시설,경상북도 김천시 어모면금산1길 14,-,120,23,2,1,-,-,-,아니오
안동시,36.8008213,128.7837155,매정리경로당,특정계층이용시설,경상북도 안동시 녹전면 신정길  7,-,99.66,30,3,1,-,아니오,아니오,아니오
안동시,36.7875729,128.7406951,원천2리경로당,특정계층이용시설,경상북도 안동시 녹전면 예봉로 750,-,123.18,30,3,1,-,아니오,아니오,아니오
안동시,36.7319234,128.763695,죽송리경로당,특정계층이용시설,경상북도 안동시 녹전면 녹지로 710,-,85.8,20,3,1,-,아니오,아니오,아니오
상주시,36.5268908,128.11061,중소2리마을회관,특정계층이용시설,경상북도 상주시 공검면중소2길 24-1,-,70,21,1,2,-,아니오,아니오,아니오
상주시,36.5187,128.1131,중소1리마을회관,특정계층이용시설,경상북도 상주시 공검면 중소1길 11,-,120,40,1,1,-,아니오,아니오,아니오
상주시,36.5802766,128.143484,양범1리마을회관,특정계층이용시설,경상북도 상주시 이안면양범안룡길 67,-,184,30,3,2,-,아니오,아니오,아니오
상주시,36.5881179,128.091317,구미리마을회관,특정계층이용시설,경상북도 상주시 이안면구미2길 141-2,-,122,37,3,2,-,아니오,아니오,아니오
안동시,36.7120477,128.7733705,구송리경로당,특정계층이용시설,경상북도 안동시 녹전면 감애구송로  712-8,-,79.23,20,3,1,-,아니오,아니오,아니오
안동시,36.5643572,128.7386953,신흥경로당,특정계층이용시설,경상북도 안동시 경동로 737-4 (법흥동),-,93.44,40,5,2,-,아니오,아니오,아니오
김천시,36.1974321,128.0862468,은기3리봉황경로당,특정계층이용시설,경상북도 김천시 어모면 은기길 468-4,-,96,24,1,1,-,아니오,아니오,예
포항시,36.196676,129.338936,청하면마을쉼터,특정계층이용시설,"경상북도 포항시 북구 청하면 청하로  193 , 청하면 마을쉼터",-,55,11,0,1,-,-,-,-
포항시,36.1957239,129.3423985,미남리본동마을쉼터,특정계층이용시설,경상북도 포항시 북구 청하면 미남길29번길 16,-,89,29,1,2,-,아니오,아니오,아니오
포항시,36.105901,129.348533,금성타워마을쉼터,특정계층이용시설,경상북도 포항시 북구 흥해읍 남미질로 47 (금성타워),-,59,18,1,1,-,아니오,아니오,아니오
경주시,35.993632,129.207116,한신아파트경로당,특정계층이용시설,"경상북도 경주시 안강읍 화전길  132-4, 한신청실맨션",-,60,18,1,1,-,아니오,아니오,아니오
경주시,35.991971,129.214532,산대5리경로당,특정계층이용시설,경상북도 경주시 안강읍 화전북3길  21-1,-,17,5,1,2,-,아니오,아니오,아니오
경주시,35.9925563,129.2154059,우성타운경로당,특정계층이용시설,경상북도 경주시 안강읍 화전중앙길 14-2 (우성한빛타운1차),-,105,32,1,2,-,아니오,아니오,아니오
경주시,35.999509,129.194495,오성그린경로당,특정계층이용시설,경상북도 경주시 안강읍 구부랑1길  18,-,61,18,1,1,-,아니오,아니오,아니오
경주시,35.9881789,129.2170474,올림푸스경로당,특정계층이용시설,경상북도 경주시 안강읍 비화중로 3-12,-,23,7,0,1,-,아니오,아니오,아니오
경주시,35.79286,129.488278,전촌1리마을회관,특정계층이용시설,"경상북도 경주시 감포읍 성두2길  21 , 전촌1리마을회관,경로당",-,66.12,20,2,1,-,아니오,아니오,아니오
경산시,35.806085,128.732741,옥곡1동경로당,특정계층이용시설,경상북도 경산시 옥실길 116-1,-,160,40,1,2,-,아니오,아니오,아니오
경산시,35.914385,128.845476,용천경로당,특정계층이용시설,경상북도 경산시 와촌면 용천길 120,-,169,30,2,2,-,아니오,아니오,아니오
경산시,35.940419,128.847305,상암경로당,특정계층이용시설,경상북도 경산시 와촌면 상암길 126,-,133,40,2,2,-,아니오,아니오,아니오
경산시,35.9535967,128.8391536,계전1리경로당,특정계층이용시설,경상북도 경산시 와촌면 계전길 36,-,181,20,1,1,-,아니오,아니오,아니오
경산시,35.951696,128.836739,와촌경로당,특정계층이용시설,경상북도 경산시 와촌면 와천서길 341,-,324,50,3,1,-,아니오,아니오,아니오
경산시,35.959436,128.806778,박사경로당,특정계층이용시설,경상북도 경산시 와촌면 박사길 24,-,199,30,1,1,-,아니오,아니오,아니오
경주시,35.9903036,129.2162803,산대6리마을회관,특정계층이용시설,경상북도 경주시 안강읍 화전남2길 21,-,115,35,1,1,-,아니오,아니오,아니오
경산시,35.958615,128.759966,음양경로당,특정계층이용시설,경상북도 경산시 와촌면 음양길 40,-,89,15,2,2,-,아니오,아니오,아니오
의성군,36.3641653,128.694675,도토(후죽3리),특정계층이용시설,경상북도 의성군 의성읍 도토길 58,-,59.5,11,1,1,-,아니오,아니오,아니오
의성군,36.311425,128.7084442,신정자(오로2리),특정계층이용시설,경상북도 의성군 의성읍 오로4길 94-1,-,18,3,1,1,-,아니오,아니오,아니오
구미시,36.1258283,128.3428925,삼우궁전맨션경로당,특정계층이용시설,"경상북도 구미시 구미중앙로27길 24 (원평동, 삼우궁전맨션)",-,15.2,4,2,1,-,아니오,아니오,아니오
포항시,36.0621077,129.231063,내단1리마을쉼터,특정계층이용시설,경상북도 포항시 북구 기계면 새마을로1394번길 6,-,37,11,1,1,-,아니오,아니오,아니오
경주시,35.964849,129.136745,강교1리마을회관,특정계층이용시설,경상북도 경주시 안강읍 새안현로  1093-1,-,237,72,1,1,-,아니오,아니오,아니오
경주시,35.9801615,129.1628453,두류1리마을회관,특정계층이용시설,경상북도 경주시 안강읍 두류길 100-4,-,176,53,1,1,-,아니오,아니오,아니오
포항시,36.0743332,129.155836,봉계리상이동마을쉼터,특정계층이용시설,경상북도 포항시 북구 기계면 봉좌로309번길 59-3,-,104,32,2,1,-,아니오,아니오,아니오
포항시,36.088457,129.2166357,화봉마을쉼터,특정계층이용시설,경상북도 포항시 북구 기계면 기동지길 229,-,97,29,1,1,-,아니오,아니오,아니오
경산시,35.81824,128.82115,서부2리경로당,특정계층이용시설,경상북도 경산시 자인면 계정길 90,-,172,30,6,1,-,아니오,아니오,아니오
경산시,35.816759,128.824255,자인분회경로당,특정계층이용시설,경상북도 경산시 자인면 자인로 188-10,-,155,30,1,2,-,아니오,아니오,아니오
안동시,36.5646811,128.5232192,가곡2리경로당,특정계층이용시설,경상북도 안동시 풍천면 평장골길 5,-,106.67,57,3,2,-,아니오,아니오,아니오
경산시,35.832186,128.746174,계양경로당,특정계층이용시설,경상북도 경산시 중방로 114-1,-,81,50,2,3,-,아니오,아니오,아니오
경산시,35.802,128.7421,백천1동경로당,특정계층이용시설,경상북도 경산시 샘골길3길 5 (백천동),-,52,20,1,2,-,아니오,예,아니오
경산시,35.8,128.7357,백천2동경로당,특정계층이용시설,경상북도 경산시 경청로 1053-6 (백천동),-,109,33,2,3,-,아니오,예,아니오
경산시,35.806031,128.741603,백천3동경로당,특정계층이용시설,경상북도 경산시 경청로 1136-16,-,63,19,3,3,-,아니오,예,아니오
포항시,36.1940356,129.30494,유계리마을쉼터,특정계층이용시설,경상북도 포항시 북구 청하면 수목원로 1377,-,93,35,1,3,-,아니오,아니오,아니오
경주시,35.989111,129.208577,근계1리마을회관,특정계층이용시설,경상북도 경주시 안강읍 부곡길  23,-,155,47,1,1,-,아니오,아니오,아니오
경주시,35.979176,129.210676,근계2리경로당,특정계층이용시설,경상북도 경주시 안강읍 곤실길  123,-,184,56,1,1,-,아니오,아니오,아니오
성주군,35.834466,128.366385,대성리경로당,특정계층이용시설,"경상북도 성주군 용암면 사곡길  292 , 사곡동대성리마을회관",-,96.4,24,3,1,-,아니오,아니오,아니오
포항시,36.0802104,129.1606401,봉계2리마을쉼터,특정계층이용시설,경상북도 포항시 북구 기계면 봉좌로383번길 53,-,45,14,2,1,-,아니오,아니오,아니오
포항시,36.0712138,129.1688745,봉계1리마을쉼터,특정계층이용시설,경상북도 포항시 북구 기계면 봉계길 121,-,94,28,2,1,-,아니오,아니오,아니오
포항시,36.0634953,129.1937087,문성리마을쉼터,특정계층이용시설,경상북도 포항시 북구 기계면 새마을발상지길 129-6,-,50,15,1,1,-,아니오,아니오,아니오
포항시,36.1062985,129.1420822,구지마을쉼터,특정계층이용시설,경상북도 포항시 북구 기계면 구지길 46,-,102,31,1,1,-,아니오,아니오,아니오
의성군,36.422574,128.577358,계량골(삼춘리),특정계층이용시설,경상북도 의성군 안평면삼춘1길 124-5,-,27,5,1,1,-,아니오,아니오,아니오
의성군,36.3106991,128.677229,비봉1리,특정계층이용시설,경상북도 의성군 의성읍 비봉길 313,-,103.35,20,2,2,-,아니오,아니오,아니오
칠곡군,36.0398558,128.4871969,원황학경로당,특정계층이용시설,경상북도 칠곡군 지천면 황학2길 60-4,-,66,15,1,1,-,아니오,아니오,아니오
안동시,36.5549603,128.5067689,풍천면소재지경로당,특정계층이용시설,경상북도 안동시 풍천면 상좌길 11,-,110.19,27,4,2,-,아니오,아니오,아니오
포항시,36.1938647,129.3263349,서정2리마을쉼터,특정계층이용시설,경상북도 포항시 북구 청하면 비학로 1920-16,-,99,19,1,1,-,아니오,아니오,아니오
포항시,36.179974,129.2890434,명안2리마을쉼터,특정계층이용시설,경상북도 포항시 북구 청하면 비학로 1529,-,61,11,1,2,-,아니오,아니오,아니오
영천시,35.9305848,129.0110135,내포리경로당,특정계층이용시설,경상북도 영천시 북안면 돌할매로 127-10,-,49.5,20,2,1,-,-,-,아니오
의성군,36.410317,128.405736,삼분4리새미기경로당,특정계층이용시설,경상북도 의성군 다인면 새미길 26,-,76.03,14,1,1,-,아니오,아니오,아니오
영주시,36.7762495,128.4972095,하촌2리회관(경로당),특정계층이용시설,경상북도 영주시 봉현면 하촌로 159,-,132,32,1,1,-,아니오,아니오,아니오
의성군,36.3229523,128.807202,실업2리,특정계층이용시설,경상북도 의성군 옥산면양지실업길 302,-,89.25,17,1,1,-,아니오,아니오,아니오
안동시,36.6632532,128.8147724,나소리경로당,특정계층이용시설,경상북도 안동시 와룡면 나소로 338,-,115.7,66,2,1,-,아니오,아니오,아니오
안동시,36.655396,128.831242,나소리미남경로당,특정계층이용시설,경상북도 안동시 와룡면 미남길 31,-,66.5,30,3,1,-,아니오,아니오,아니오
안동시,36.641539,128.766156,감애리오리원경로당,특정계층이용시설,경상북도 안동시 와룡면 퇴계로 1123-24,-,66.96,25,3,1,-,아니오,아니오,아니오
안동시,36.6390594,128.8072944,주계리남애경로당,특정계층이용시설,경상북도 안동시 와룡면 농암로 519-34,-,53.47,17,2,1,-,아니오,아니오,아니오
칠곡군,36.07366,128.392372,남율4리우방신천지경로당,특정계층이용시설,경상북도 칠곡군 석적읍 석적로 955-19 (우방신천지아파트),-,110,33,1,1,-,아니오,아니오,아니오
포항시,36.1062624,129.1420703,구지부녀마을쉼터,특정계층이용시설,경상북도 포항시 북구 기계면 구지길 46,-,99,30,2,1,-,아니오,아니오,아니오
포항시,36.2120406,129.3259267,청계리마을쉼터,특정계층이용시설,경상북도 포항시 북구 청하면 청계길 192,-,108,24,1,1,-,아니오,아니오,아니오
포항시,36.1998437,129.3701385,용두2리경로당,특정계층이용시설,경상북도 포항시 북구 청하면 해안로2316번길 13,-,89,31,1,3,-,아니오,아니오,아니오
의성군,36.3552859,128.6964923,후죽4리경로당,특정계층이용시설,경상북도 의성군 의성읍 후죽3길 24,-,91,50,1,1,-,아니오,아니오,아니오
포항시,36.0712027,129.2053749,현내부녀마을쉼터,특정계층이용시설,경상북도 포항시 북구 기계면 기계로 104-11,-,38,12,1,1,-,아니오,아니오,아니오
포항시,36.070797,129.2064761,현내1리부녀마을쉼터,특정계층이용시설,경상북도 포항시 북구 기계면 기계로 92-9,-,37,11,2,1,-,아니오,아니오,아니오
포항시,36.0528823,129.1983411,학야리부녀마을쉼터,특정계층이용시설,경상북도 포항시 북구 기계면 학야길 213,-,41,12,1,1,-,아니오,아니오,아니오
구미시,36.1692538,128.4347454,적림리경로당,특정계층이용시설,경상북도 구미시 산동읍 강동로 1032,-,595,149,1,1,-,아니오,아니오,아니오
구미시,36.1567248,128.4069879,성수1리경로당,특정계층이용시설,경상북도 구미시 산동읍 성수1길 120-2,-,104,26,1,1,-,아니오,아니오,아니오
구미시,36.1216453,128.3538839,두산맨션경로당,특정계층이용시설,"경상북도 구미시 산업로 320-12 (원평동, 두산맨션)",-,36,9,1,1,-,아니오,아니오,아니오
포항시,36.1254109,129.3741268,흥안1리마을쉼터,특정계층이용시설,경상북도 포항시 북구 흥해읍 칠포로 256,-,173,52,1,1,-,아니오,아니오,아니오
포항시,36.128809,129.374408,금장2리마을쉼터,특정계층이용시설,경상북도 포항시 북구 흥해읍 칠포로265번길 36,-,99,30,1,1,-,아니오,아니오,아니오
구미시,36.3411963,128.2574938,옥관2노인회관,특정계층이용시설,경상북도 구미시 옥성면 산촌옥관로 805,-,33,8,1,1,-,아니오,아니오,아니오
구미시,36.1308474,128.3326748,원평동제1할머니경로당,특정계층이용시설,경상북도 구미시 역전로 26-1 (원평동),-,83,21,1,1,-,아니오,아니오,아니오
구미시,36.1308539,128.3326426,원평동제1할아버지경로당,특정계층이용시설,경상북도 구미시 역전로 26-1 (원평동),-,86,22,1,1,-,아니오,아니오,아니오
상주시,36.2963445,128.094502,초오3리경로당,특정계층이용시설,경상북도 상주시 공성면초오1길 73-21,-,82,25,1,1,-,아니오,아니오,아니오
문경시,36.7422673,128.1510624,고요1리경로당,특정계층이용시설,경상북도 문경시 문경읍 고요길 17,-,85,30,4,1,-,아니오,아니오,아니오
문경시,36.7553256,128.1349289,팔영1리경로당,특정계층이용시설,경상북도 문경시 문경읍 팔영안길 102-2,-,85,35,2,1,-,아니오,아니오,아니오
포항시,36.1242948,129.1752104,율산1리마을쉼터,특정계층이용시설,경상북도 포항시 북구 기북면 율산남길 104-1,-,95,29,2,2,-,아니오,아니오,아니오
포항시,36.146075,129.2667215,안덕1리마을쉼터,특정계층이용시설,경상북도 포항시 북구 신광면 안덕길 40,-,95,29,2,1,-,아니오,아니오,아니오
영주시,36.7992747,128.4973276,노좌2리마을회관,특정계층이용시설,경상북도 영주시 봉현면 노좌로45번길 42-10,-,115,27,2,1,-,아니오,아니오,아니오
영주시,36.8055894,128.481617,노좌3리마을회관,특정계층이용시설,경상북도 영주시 봉현면 노좌로29번길 373,-,103,76,2,1,-,아니오,아니오,아니오
문경시,36.7506751,128.1630546,당포1리경로당,특정계층이용시설,경상북도 문경시 문경읍 당포길 121,-,85,35,3,1,-,아니오,아니오,아니오
문경시,36.7509201,128.1547344,당포2리경로당,특정계층이용시설,경상북도 문경시 문경읍 당포길 45,-,85,35,3,1,-,아니오,아니오,아니오
문경시,36.7772184,128.174234,용연리경로당,특정계층이용시설,경상북도 문경시 문경읍 용연길 97-6,-,85,35,3,1,-,아니오,아니오,아니오
청도군,35.7128153,128.9077538,방지2리,특정계층이용시설,경상북도 청도군 금천면 방지3길 18,-,84,21,2,1,-,아니오,아니오,아니오
포항시,36.0050172,129.5745305,관풍마을쉼터,특정계층이용시설,경상북도 포항시 남구 구룡포읍 일출로 124-5,-,165,50,2,1,-,아니오,아니오,아니오
구미시,36.142586,128.2910013,선기1동경로당,특정계층이용시설,경상북도 구미시 송선로2길 36 (선기동),-,98.64,25,3,1,-,아니오,아니오,아니오
포항시,36.065906,129.371025,창포주공1-1마을쉼터,특정계층이용시설,경상북도 포항시 북구 새천년대로1123번길 9 (창포주공2단지아파트203동),-,120,36,1,1,-,아니오,아니오,아니오
구미시,36.2405156,128.2998607,완전리경로당,특정계층이용시설,경상북도 구미시 선산읍 선산중앙로14길 25-3,-,69,17,3,1,-,아니오,아니오,아니오
구미시,36.1232908,128.3396924,푸르지오캐슬A단지경로당,특정계층이용시설,"경상북도 구미시 박정희로 599 (송정동, 푸르지오캐슬 A단지)",-,208.98,52,3,1,-,아니오,아니오,아니오
구미시,36.123987,128.3358699,푸르지오캐슬B단지경로당,특정계층이용시설,"경상북도 구미시 산책길 7 (송정동, 푸르지오캐슬B단지아파트)",-,71.71,18,2,1,-,아니오,아니오,아니오
구미시,36.2432262,128.3027682,동부리경로당,특정계층이용시설,경상북도 구미시 선산읍 선산중앙로 105,-,69,17,4,1,-,아니오,아니오,아니오
구미시,36.2434555,128.3027011,동문경로당,특정계층이용시설,경상북도 구미시 선산읍 선산중앙로 105-2,-,47,12,2,1,-,아니오,아니오,아니오
구미시,36.1230307,128.3654151,할머니경로당,특정계층이용시설,경상북도 구미시 신비로7길 9,-,20,5,1,1,-,아니오,아니오,아니오
구미시,36.114146,128.334412,형곡경로당,특정계층이용시설,경상북도 구미시 경은로 48,-,168,42,4,2,-,아니오,아니오,아니오
경주시,35.989206,129.223206,안강할머니경로당,특정계층이용시설,경상북도 경주시 안강읍 비화중로2길  42-1,-,92,28,1,1,-,아니오,아니오,아니오
청도군,35.6366639,128.6356384,녹명2리,특정계층이용시설,경상북도 청도군 각남면 녹갈길 36,-,99,24,2,2,-,아니오,아니오,아니오
안동시,36.690338,128.662106,월전리대촌경로당,특정계층이용시설,경상북도 안동시 북후면 월전큰마길 155,-,94.65,18,3,2,-,아니오,아니오,아니오
안동시,36.6421476,128.631777,재품리경로당,특정계층이용시설,경상북도 안동시 서후면 백현길 416-3,-,96.3,50,4,2,-,아니오,아니오,아니오
안동시,36.6378958,128.674575,태장2리상태장덕산경로당,특정계층이용시설,경상북도 안동시 서후면 국화향길 16,-,106.95,50,5,1,-,아니오,아니오,아니오
포항시,36.1070727,129.349375,만서세화3차마을쉼터,특정계층이용시설,경상북도 포항시 북구 흥해읍 중성로52번길 19 (만서세화타운3차),-,59,18,1,1,-,아니오,아니오,아니오
구미시,36.1138364,128.3509978,송리경로당,특정계층이용시설,경상북도 구미시 신시로10길 120-14,-,168,42,4,2,-,아니오,아니오,아니오
구미시,36.3165492,128.349402,신곡경로당,특정계층이용시설,경상북도 구미시 도개면신곡2길 67,-,111.75,28,2,2,-,아니오,아니오,아니오
김천시,36.0063864,128.1319147,대평경로당,특정계층이용시설,경상북도 김천시 조마면 대방7길 12,-,184,46,2,1,-,아니오,아니오,예
칠곡군,36.053417,128.40832,석적읍경로당(남율1리),특정계층이용시설,경상북도 칠곡군 석적읍석적로 676-1,-,66.9,15,1,1,-,아니오,아니오,아니오
의성군,36.4381344,128.383264,외정1리구지동경로당,특정계층이용시설,경상북도 의성군 다인면 구지길 21-5,-,29.75,6,1,1,-,아니오,아니오,아니오
청도군,35.6119879,128.6599982,사2리,특정계층이용시설,경상북도 청도군 각남면 한재로 1122,-,85,21,2,1,-,아니오,아니오,아니오
안동시,36.6758736,128.8614648,귀단2리경로당,특정계층이용시설,경상북도 안동시 예안면 귀단길 113,-,66,30,3,1,-,아니오,아니오,아니오
안동시,36.6793426,128.8987662,태곡리경로당,특정계층이용시설,경상북도 안동시 예안면 부포로 22,-,55.77,30,3,1,-,아니오,아니오,아니오
포항시,36.1098066,129.3494497,남성2리마을쉼터,특정계층이용시설,경상북도 포항시 북구 흥해읍 한동로 74-2,-,158,48,1,1,-,아니오,아니오,아니오
포항시,36.1125461,129.3378062,세종황제마을쉼터,특정계층이용시설,경상북도 포항시 북구 흥해읍 신흥로861번길 2 (세종황제맨션),-,29,9,1,1,-,아니오,아니오,아니오
포항시,36.1052065,129.349055,남성3리마을쉼터,특정계층이용시설,경상북도 포항시 북구 흥해읍 남미질로54번길 6-6,-,49,15,1,1,-,아니오,아니오,아니오
포항시,36.1835919,129.3879633,이가리마을쉼터,특정계층이용시설,경상북도 포항시 북구 청하면 해안로2052번길 32,-,271,41,2,2,-,아니오,아니오,아니오
포항시,36.1633921,129.3561301,소동리마을쉼터,특정계층이용시설,경상북도 포항시 북구 청하면 용산길 43,-,132,58,1,3,-,아니오,아니오,아니오
포항시,36.1548008,129.3764625,신흥리마을쉼터,특정계층이용시설,경상북도 포항시 북구 청하면 사방공원길388번길 10,-,92,25,1,2,-,아니오,아니오,아니오
청도군,35.6036271,128.7712267,거연리할머니,특정계층이용시설,경상북도 청도군 청도읍 단산길 27,-,85,21,2,1,-,아니오,아니오,아니오
청도군,35.5907157,128.7424466,평양2리,특정계층이용시설,경상북도 청도군 청도읍 양지길 56,-,132.12,33,2,1,-,아니오,아니오,아니오
구미시,36.1230155,128.3645184,중앙경로당,특정계층이용시설,경상북도 구미시 신비로3길 3,-,57.6,14,1,1,-,아니오,아니오,아니오
구미시,36.1221057,128.3822635,비산경로당,특정계층이용시설,경상북도 구미시 비산로5길 28-33 (비산동),-,182,46,6,3,-,예,예,아니오
구미시,36.1208209,128.3760515,3통경로당(죽산정),특정계층이용시설,경상북도 구미시 비산로1안길 21-3 (비산동),-,74,19,4,3,-,예,예,아니오
성주군,35.898698,128.230802,사월경로당,특정계층이용시설,"경상북도 성주군 대가면 칠봉2길  54-3, 사월경로당",-,73,18,3,1,-,아니오,아니오,아니오
청도군,35.5730268,128.7563539,초현리,특정계층이용시설,경상북도 청도군 청도읍 한재로 49-5,-,95.84,23,2,1,-,아니오,아니오,아니오
청도군,35.5702146,128.7706205,유호1리,특정계층이용시설,경상북도 청도군 청도읍 유천강변길 10,-,93.35,23,2,1,-,아니오,아니오,아니오
칠곡군,36.0016,128.4074,석전11리한양수자인경로당,특정계층이용시설,경상북도 칠곡군 왜관읍석전로7길 5,-,98.31,15,2,1,-,아니오,아니오,아니오
안동시,36.6076,128.5796,만운2리평지경로당,특정계층이용시설,경상북도 안동시 풍산읍평지길 332,-,68.94,22,4,1,-,아니오,아니오,아니오
칠곡군,36.0556414,128.5347068,다부1리진목정경로당,특정계층이용시설,경상북도 칠곡군 가산면 경북대로 1232-18,-,65.5,15,1,1,-,아니오,아니오,아니오
구미시,36.1039686,128.3834231,파라디아경로당,특정계층이용시설,"경상북도 구미시 1공단로9길 30-12 (공단동, 파라디아아파트)",-,141,35,2,2,-,아니오,아니오,아니오
구미시,36.106897,128.3661273,광평경로당,특정계층이용시설,경상북도 구미시 1공단로3길 55-3 (광평동),-,132,33,2,2,-,아니오,아니오,아니오
구미시,36.2267474,128.2621312,내고2리경로당,특정계층이용시설,경상북도 구미시 선산읍내고3길 117,-,90.14,23,3,1,-,아니오,아니오,아니오
구미시,36.130563,128.41653,구포전원@경로당,특정계층이용시설,경상북도 구미시 옥계2공단로 280,-,153.5,38,2,2,-,아니오,아니오,아니오
구미시,36.1464825,128.4116793,대동한마음타운경로당,특정계층이용시설,"경상북도 구미시 흥안로 63 (옥계동, 대백타운)",-,110,28,2,2,-,아니오,아니오,아니오
포항시,36.05542,129.360414,신동아베르디마을쉼터,특정계층이용시설,경상북도 포항시 북구 우창로 20 (신동아베르디1차),-,87,26,1,1,-,아니오,아니오,아니오
안동시,36.5481988,128.9686419,고천2리경로당,특정계층이용시설,경상북도 안동시 임동면고천지촌로 277,-,98.85,30,3,2,-,아니오,아니오,아니오
안동시,36.5085003,128.9871454,지리경로당,특정계층이용시설,경상북도 안동시 임동면고천지촌로 996,-,72.54,22,3,2,-,아니오,아니오,아니오
안동시,36.5782533,128.9716325,갈전1리경로당,특정계층이용시설,경상북도 안동시 임동면갈밭1길 56,-,66.55,20,2,1,-,아니오,아니오,아니오
안동시,36.5670387,128.976148,갈전2리경로당,특정계층이용시설,경상북도 안동시 임동면가랫재길 14,-,83.79,25,2,1,-,아니오,아니오,아니오
안동시,36.5703982,128.9641208,갈전2리납실경로당,특정계층이용시설,경상북도 안동시 임동면갈밭길 53-3,-,71.28,22,2,1,-,아니오,아니오,아니오
포항시,36.028888,129.368332,죽도영흥마을쉼터,특정계층이용시설,경상북도 포항시 북구 양학천로 219,-,178.34,32,1,1,-,아니오,아니오,아니오
안동시,36.5823777,128.9375847,마령1리경로당,특정계층이용시설,경상북도 안동시 임동면 맛재길 2-4,-,109.51,33,2,1,-,아니오,아니오,아니오
안동시,36.5936209,128.9371201,마령2리이식골경로당,특정계층이용시설,경상북도 안동시 임동면마령유곡길 13,-,66.21,20,2,1,-,아니오,아니오,아니오
안동시,36.598871,128.9807903,마령3리지리실경로당,특정계층이용시설,경상북도 안동시 임동면마령산해로 413,-,86.17,26,2,1,-,아니오,아니오,아니오
포항시,36.0493497,129.3619786,우현(시)마을쉼터,특정계층이용시설,경상북도 포항시 북구 중앙로419번길 3 (우현동),-,79,24,1,1,-,아니오,아니오,아니오
성주군,35.916477,128.246698,안터경로당,특정계층이용시설,경상북도 성주군 대가면 옥성4길  88,-,66,16,3,1,-,아니오,아니오,아니오
포항시,36.0507019,129.3560072,조양마을쉼터,특정계층이용시설,"경상북도 포항시 북구 아치로 53 (우현동, 조양전원타운)",-,30,9,1,1,-,아니오,아니오,아니오
구미시,36.1377223,128.4156326,대우아파트경로당,특정계층이용시설,경상북도 구미시 산호대로25길 5,-,92.3,23,2,2,-,아니오,아니오,아니오
포항시,35.8941551,129.49127,읍내할머니마을쉼터,특정계층이용시설,경상북도 포항시 남구 장기면 읍내길89번길 22,-,66,20,2,1,-,아니오,아니오,아니오
포항시,35.896251,129.4926371,장기중앙마을쉼터,특정계층이용시설,경상북도 포항시 남구 장기면 읍내길 103,-,75,23,1,1,-,아니오,아니오,아니오
포항시,35.8877365,129.4937751,임중1리마을쉼터,특정계층이용시설,경상북도 포항시 남구 장기면 읍내길13번길 33,-,95,29,2,1,-,아니오,아니오,아니오
포항시,36.067238,129.3796196,럭키마을쉼터,특정계층이용시설,"경상북도 포항시 북구 삼흥로 50-13 (장성동, 럭키장성아파트)",-,122,37,2,1,-,아니오,아니오,아니오
포항시,36.0846481,129.4036392,풍림아이원마을쉼터,특정계층이용시설,"경상북도 포항시 북구 양덕로 60 (양덕동, 풍림아이원아파트)",-,198,60,2,1,-,아니오,아니오,아니오
경주시,35.807175,129.143854,화천1리노인회관,특정계층이용시설,경상북도 경주시 건천읍 내외로  3031,-,137,42,1,1,-,아니오,아니오,아니오
경주시,35.851041,129.106258,건천2리경로당,특정계층이용시설,경상북도 경주시 건천읍 단석로  2050,-,133,40,1,1,-,아니오,아니오,아니오
포항시,36.0848956,129.405671,양덕삼성쉐르빌마을쉼터,특정계층이용시설,"경상북도 포항시 북구 양덕로50번길 33 (양덕동, 삼성쉐르빌아파트)",-,173,52,2,1,-,아니오,아니오,아니오
경주시,35.795928,129.146658,화천2리노인회관,특정계층이용시설,경상북도 경주시 건천읍 옥수길  85,-,84,25,2,1,-,아니오,아니오,아니오
경주시,35.8462543,129.1119933,건천4리회관,특정계층이용시설,경상북도 경주시 건천읍 길각단고지길 58,-,169,51,2,1,-,아니오,아니오,아니오
경주시,35.852689,129.123872,대곡신당경로당,특정계층이용시설,경상북도 경주시 건천읍 군마을길  14-1,-,52,16,1,1,-,아니오,아니오,아니오
경주시,35.864871,129.123302,대곡갈전경로회관,특정계층이용시설,경상북도 경주시 건천읍 대곡갈밭길  26-1,-,72,22,1,2,-,아니오,아니오,아니오
경주시,35.803033,129.145421,화천2리신전마을회관,특정계층이용시설,경상북도 경주시 건천읍 신전2길  27,-,82,25,2,2,-,아니오,아니오,아니오
구미시,36.1228464,128.3827037,강변보성경로당,특정계층이용시설,"경상북도 구미시 산호대로 423 (비산동, 강변보성타운)",-,122,31,1,1,-,예,예,아니오
구미시,36.122019,128.3794177,벽산경로당,특정계층이용시설,"경상북도 구미시 비산로5길 19 (비산동, 벽산아파트)",-,53,13,1,1,-,예,예,아니오
구미시,36.120288,128.374751,전원리빙필경로당,특정계층이용시설,경상북도 구미시 비산로1길 4,-,25.04,14,1,1,-,아니오,예,아니오
청도군,35.6745679,128.6539391,수야3리(덕령),특정계층이용시설,경상북도 청도군 이서면 덕령길 98-1,-,82,20,2,1,-,아니오,아니오,아니오
청도군,35.6932321,128.6581609,문수리,특정계층이용시설,경상북도 청도군 이서면 문수길 2,-,93,23,2,1,-,아니오,아니오,아니오
포항시,36.051099,129.355,우현화성마을쉼터,특정계층이용시설,경상북도 포항시 북구 아치로55번길 4 (우현화성타운),-,57,17,1,2,-,아니오,아니오,아니오
영주시,36.816373,128.628076,지석경로당,특정계층이용시설,경상북도 영주시 번영로 47,-,90,70,5,1,-,아니오,아니오,아니오
영주시,36.8038213,128.6198294,현대아파트제2경로당,특정계층이용시설,"경상북도 영주시 지천로 46 (휴천동, 현대아파트)",-,93,48,1,1,-,아니오,아니오,아니오
영주시,36.8064308,128.6179272,송림맨션경로당,특정계층이용시설,경상북도 영주시 지천로55번길 56 (휴천동),-,77,37,2,1,-,아니오,아니오,아니오
영주시,36.8044831,128.6203052,현대아파트제2경로당,특정계층이용시설,경상북도 영주시 휴천동 지천로  46   (휴천동),-,93,48,1,1,-,아니오,아니오,아니오
영주시,36.8048195,128.6221865,현대2차아파트경로당,특정계층이용시설,경상북도 영주시 지천로50번길 34-1 (휴천동),-,132,64,1,1,-,아니오,아니오,아니오
포항시,35.9843095,129.4867931,상정1리마을쉼터,특정계층이용시설,경상북도 포항시 남구 동해면 동해안로5260번길 27-3,-,59,18,2,1,-,아니오,아니오,아니오
포항시,35.9873871,129.4597438,석리마을쉼터,특정계층이용시설,경상북도 포항시 남구 동해면 일월로 249,-,62,19,1,1,-,아니오,아니오,아니오
안동시,36.5761907,128.5439524,소산2리경로당,특정계층이용시설,경상북도 안동시 풍산읍 설못2길 40,-,86.4,41,3,1,-,아니오,아니오,아니오
영천시,36.018326,128.918319,매산2동경로당,특정계층이용시설,"경상북도 영천시  갈마일길  119-4,  매산2동노인 (매산동)",-,96.78,39,2,2,-,-,-,아니오
영천시,36.012286,128.922043,매산하명경로당,특정계층이용시설,"경상북도 영천시  하명길  54 ,  하명 노인정 (매산동)",-,72.54,17,2,1,-,-,-,아니오
영천시,35.970067,128.936397,중앙부인경로당,특정계층이용시설,경상북도 영천시 동문길 114-6,-,66.15,42,1,1,-,-,-,아니오
영천시,35.97047,128.92985,창구부인경로당,특정계층이용시설,경상북도 영천시 법원길 80,-,169,38,1,1,-,-,-,아니오
안동시,36.5466345,128.6991102,코오롱하늘채아파트경로당,특정계층이용시설,"경상북도 안동시 앙실로 25 (수상동, 안동 코오롱하늘채)",-,92.37,30,1,1,-,아니오,아니오,아니오
안동시,36.5549646,128.7585425,화성파크드림아파트경로당,특정계층이용시설,"경상북도 안동시 경동로 951 (용상동, 용상 화성파크드림)",-,97.31,20,1,1,-,아니오,아니오,아니오
칠곡군,36.0100805,128.602564,득명리경로당,특정계층이용시설,경상북도 칠곡군 동명면 득명2길 82-1,-,91,20,1,1,-,아니오,아니오,아니오
영천시,35.965345,128.930543,과전부인경로당,특정계층이용시설,경상북도 영천시 창대서원2길 32,-,96,30,1,1,-,-,-,아니오
구미시,36.0991145,128.3554983,모래실경로당,특정계층이용시설,경상북도 구미시 박정희로 236-10,-,166.89,42,2,2,-,아니오,아니오,아니오
구미시,36.0864849,128.3492768,모로실할머니경로당,특정계층이용시설,경상북도 구미시 박정희로7길 10-3,-,206.25,52,2,2,-,아니오,아니오,아니오
구미시,36.0800722,128.3743074,오태1동경로당,특정계층이용시설,경상북도 구미시 지주중류4길 3-14,-,263.54,66,2,1,-,아니오,아니오,아니오
영천시,35.968807,128.929187,교촌경로당,특정계층이용시설,"경상북도 영천시  향교길  15-3, 경로당 (교촌동)",-,48,40,2,1,-,-,-,아니오
포항시,36.0624349,129.3692802,창포(시)마을쉼터,특정계층이용시설,경상북도 포항시 북구 창흥로12번길 3 (창포동),-,100,30,1,1,-,아니오,아니오,아니오
포항시,36.0515538,129.3537588,동아그린마을쉼터,특정계층이용시설,"경상북도 포항시 북구 아치로 69 (우현동, 동아그린타운아파트)",-,44,13,1,1,-,아니오,아니오,아니오
포항시,36.052202,129.351913,우현청구마을쉼터,특정계층이용시설,경상북도 포항시 북구 아치로 87-2 (우현청구타운노인정),-,123,37,1,1,-,아니오,아니오,아니오
구미시,36.1467295,128.4135595,동화@경로당,특정계층이용시설,경상북도 구미시 흥안로 31 (옥계동),-,96.12,24,2,2,-,아니오,아니오,아니오
구미시,36.1715423,128.3727637,괴평2경로당,특정계층이용시설,경상북도 구미시 고아읍송평구길 115,-,62.8,16,2,2,-,아니오,아니오,아니오
영주시,36.843272,128.582101,안정면일원리노인회관(정자),야외시설,경상북도 영주시 안정면 안정로60번길 203-6,-,40,1,정보없음,정보없음,-,아니오,아니오,아니오
칠곡군,36.0125626,128.3797851,관호3리(내야)경로당,특정계층이용시설,경상북도 칠곡군 약목면 관호5길 84,-,98.35,25,1,1,-,아니오,아니오,아니오
상주시,36.5107,128.1274,동막2리경로당,특정계층이용시설,경상북도 상주시 공검면 동막2길 60,-,127,30,1,1,-,아니오,아니오,아니오
상주시,36.2671,128.0817,거창2리마을회관,특정계층이용시설,경상북도 상주시 공성면 거창1길 7-4,-,96,30,2,1,-,아니오,아니오,아니오
상주시,36.2749,128.0915,이화1리마을회관,특정계층이용시설,경상북도 상주시 공성면 이화1길 32,-,110,35,3,1,-,아니오,아니오,아니오
포항시,36.2617998,129.3252317,대전2리마을쉼터,특정계층이용시설,경상북도 포항시 북구 송라면 보경로 724,-,300,91,5,2,-,아니오,아니오,아니오
포항시,36.2273898,129.3568377,면민복지회관마을쉼터,특정계층이용시설,경상북도 포항시 북구 송라면 보경로53번길 14,-,87,26,2,1,-,아니오,아니오,아니오
경주시,35.936575,129.205228,검단1리마을회관,특정계층이용시설,경상북도 경주시 안강읍 덕성길  86-1,-,170,52,1,1,-,아니오,아니오,아니오
경주시,35.934887,129.212616,검단2리마을회관,특정계층이용시설,경상북도 경주시 안강읍 덕성길  3-24,-,74,22,1,1,-,아니오,아니오,아니오
경주시,35.9383836,129.22993,사방할머니경로당,특정계층이용시설,경상북도 경주시 안강읍 사방검단길 24,-,63,19,1,1,-,아니오,아니오,아니오
상주시,36.2809,128.0933,산현1리마을회관,특정계층이용시설,경상북도 상주시 공성면 산현2길 16-3,-,134,45,3,1,-,아니오,아니오,아니오
구미시,36.147975,128.416534,옥계주택경로당,특정계층이용시설,경상북도 구미시 흥안로2길 9-6,-,99.03,25,2,2,-,아니오,아니오,아니오
구미시,36.136928,128.423586,옥계4공단경로당,특정계층이용시설,경상북도 구미시 산호대로31길 12-85,-,99.08,25,2,2,-,아니오,아니오,아니오
청도군,35.8103397,128.9848432,마일1리,특정계층이용시설,경상북도 청도군 운문면 마일1길 24-3,-,92.4,23,2,1,-,아니오,아니오,아니오
경주시,35.917861,129.231347,청령리마을회관,특정계층이용시설,"경상북도 경주시 안강읍 청령마을1길  4-2, 청령마을회관",-,184,56,1,1,-,아니오,아니오,아니오
안동시,36.7495167,128.762961,신평1리방하경로당,특정계층이용시설,경상북도 안동시 녹전면방하길 37,-,90.88,20,4,2,-,아니오,아니오,아니오
청도군,35.6480335,128.7275952,범곡휴먼시아,특정계층이용시설,경상북도 청도군 화양읍 범곡길 3-11 (범곡휴먼시아),-,72.88,18,2,1,-,아니오,아니오,아니오
상주시,36.2763,128.102,산현3리마을회관,특정계층이용시설,경상북도 상주시 공성면 산현3길 179-1,-,92,25,2,1,-,아니오,아니오,아니오
상주시,36.2965,128.1061,초오2리마을회관,특정계층이용시설,경상북도 상주시 공성면 오촌길 28,-,92,26,2,1,-,아니오,아니오,아니오
안동시,36.7316853,128.8614616,토계리경로당,특정계층이용시설,경상북도 안동시 도산면 하계길 1-13,-,66.5,16,2,1,-,아니오,아니오,아니오
청도군,35.6701294,128.6681467,학산1리,특정계층이용시설,경상북도 청도군 이서면 보리미길 2,-,92,23,2,1,-,아니오,아니오,아니오
문경시,36.580172,127.987657,화산2리느티나무밑,야외시설,경상북도 문경시 농암면 서재로 703,-,40,7,정보없음,정보없음,-,-,-,-
청도군,35.6796031,128.9822951,신원(통점),특정계층이용시설,경상북도 청도군 운문면 운문로 1348-3,-,83.94,20,2,1,-,아니오,아니오,아니오
청도군,35.7681739,128.9723977,지촌(동경),특정계층이용시설,경상북도 청도군 운문면 청려로 5966,-,103.12,25,2,1,-,아니오,아니오,아니오
청도군,35.7979359,128.9755145,봉하(오동),특정계층이용시설,경상북도 청도군 운문면 오동길 17-3,-,81.76,20,2,1,-,아니오,아니오,아니오
청도군,35.83698,129.001073,마일2(괴기),특정계층이용시설,경상북도 청도군 운문면마일5길 38-1,-,70.2,17,2,1,-,아니오,아니오,아니오
청도군,35.6917617,128.8942516,금천면분회,특정계층이용시설,경상북도 청도군 금천면 금천로 13,-,205.56,51,4,1,-,아니오,아니오,아니오
청도군,35.6916636,128.8940558,동곡1리(남),특정계층이용시설,경상북도 청도군 금천면 금천로 13,-,432,108,5,2,-,아니오,아니오,아니오
영주시,36.8081842,128.6227367,운봉경로당,특정계층이용시설,경상북도 영주시 대학로21번길 36 (휴천동),-,76,25,2,1,-,아니오,아니오,아니오
구미시,36.1478182,128.4139359,에덴@경로당,특정계층이용시설,"경상북도 구미시 흥안로 46 (옥계동, 에덴타운)",-,110,28,1,2,-,아니오,아니오,아니오
영주시,36.807854,128.630461,대영노인회관,특정계층이용시설,경상북도 영주시 구성로 160-18,-,125.25,60,2,1,-,아니오,아니오,아니오
구미시,36.1296277,128.4173602,성원@경로당,특정계층이용시설,"경상북도 구미시 옥계2공단로 264-11 (구포동, 성원아파트)",-,133.11,33,4,2,-,아니오,아니오,아니오
안동시,36.5331119,128.8145041,신덕2리중들경로당,특정계층이용시설,경상북도 안동시 임하면 충효로 3436,-,88.94,26,2,2,-,아니오,아니오,아니오
안동시,36.64988,128.746119,주하2리경로당,특정계층이용시설,경상북도 안동시 와룡면 막골길 6,-,81.2,46,2,1,-,아니오,아니오,아니오
안동시,36.601005,128.803305,산야3리경로당,특정계층이용시설,경상북도 안동시 와룡면 호반로 769-21,-,76.65,29,3,1,-,아니오,아니오,아니오
고령군,35.824847,128.445164,상곡2리경로당,특정계층이용시설,경상북도 고령군 다산면상곡3길 48,-,99.56,30,1,1,-,아니오,아니오,아니오
고령군,35.823422,128.450105,다산주공1차경로당,특정계층이용시설,경상북도 고령군 다산면상곡길 28 (고령다산주공아파트),-,139.63,42,1,1,-,아니오,아니오,아니오
고령군,35.828424,128.449257,다산주공2차경로당,특정계층이용시설,경상북도 고령군 다산면상곡길 85 (다산주공2단지아파트),-,300.39,91,1,1,-,아니오,아니오,아니오
경산시,35.8120176,128.7421345,상방경로당,특정계층이용시설,경상북도 경산시 남매로4길 15 (상방동),-,63,19,2,2,-,아니오,예,아니오
포항시,36.1108286,129.3452194,옥성1리마을쉼터,특정계층이용시설,경상북도 포항시 북구 흥해읍 한동로 33,-,210,64,1,1,-,아니오,아니오,아니오
포항시,36.1129016,129.3425104,한미장관마을쉼터,특정계층이용시설,경상북도 포항시 북구 흥해읍 동해대로1574번길 13 (한미장관맨션),-,70,21,1,1,-,아니오,아니오,아니오
포항시,36.1081942,129.3518091,만서부녀마을쉼터,특정계층이용시설,경상북도 포항시 북구 흥해읍 중성로62번길 17-47 (만서세화타운1차),-,58,18,1,1,-,아니오,아니오,아니오
칠곡군,36.07766,128.41077,중1리경로당,특정계층이용시설,경상북도 칠곡군 석적읍 북중리4길 36 (),-,70,22,1,1,-,아니오,아니오,아니오
칠곡군,36.07522,128.40535,중12리금호어울림경로당,특정계층이용시설,경상북도 칠곡군 석적읍 서중리5길 66-6 (중리금호어울림),-,118,36,1,1,-,아니오,아니오,아니오
칠곡군,36.05503,128.40735,남율1리강촌경로당,특정계층이용시설,경상북도 칠곡군 석적읍 남율1길 14,-,99,30,1,1,-,아니오,아니오,아니오
경산시,35.8196836,128.737632,경산경로당,특정계층이용시설,경상북도 경산시 경안로 135-4  (삼북동),-,171,51,1,1,-,-,-,-
포항시,36.1067415,129.1319196,가안1리부녀마을쉼터,특정계층이용시설,경상북도 포항시 북구 기계면 가천남계길64번길 17-10,-,102,31,2,1,-,아니오,아니오,아니오
포항시,36.0718652,129.2440451,내단3리마을쉼터,특정계층이용시설,경상북도 포항시 북구 기계면 내단천길 155,-,88,27,1,1,-,아니오,아니오,아니오
영주시,36.805255,128.631,남산현대노인회관,특정계층이용시설,경상북도 영주시 구성로142번길 20,-,116.64,100,3,1,-,아니오,아니오,아니오
포항시,36.1229852,129.081208,지동리마을쉼터,특정계층이용시설,경상북도 포항시 북구 죽장면 포은로2645번길 10-17,-,100,30,1,1,-,아니오,아니오,아니오
경산시,35.81787,128.740966,삼북주공경로당,특정계층이용시설,경상북도 경산시 장산로 152,-,372,100,3,3,-,아니오,아니오,아니오
경산시,35.819085,128.740187,삼북경로당,특정계층이용시설,경상북도 경산시 장산로29길 7-3 (삼북동),-,126,40,3,2,-,아니오,아니오,아니오
경산시,35.8157019,128.7378015,삼남동경로당,특정계층이용시설,경상북도 경산시 경안로17길 10 (삼남동),-,99,30,1,2,-,아니오,예,아니오
포항시,36.0343251,129.3423843,학잠동아마을쉼터,특정계층이용시설,경상북도 포항시 북구 양학로 136 (학잠동),-,318,96,1,1,-,아니오,아니오,아니오
포항시,36.0279094,129.3473799,삼성푸른마을쉼터,특정계층이용시설,"경상북도 포항시 북구 양학로 59 (득량동, 삼성푸른아파트)",-,52,16,1,1,-,아니오,아니오,아니오
문경시,36.589909,128.199887,철로변쉼터1,야외시설,경상북도 문경시 중신기1길 2-3,-,10,2,정보없음,정보없음,-,-,-,-
문경시,36.575585,128.209208,동침마쉼터,야외시설,경상북도 문경시 중앙로 103-1,-,15,3,정보없음,정보없음,-,-,-,-
포항시,36.1607369,129.0959154,입암1리마을쉼터,특정계층이용시설,경상북도 포항시 북구 죽장면 죽장로 2,-,300,91,10,2,-,아니오,아니오,아니오
포항시,36.1606407,129.0925716,입암2리마을쉼터,특정계층이용시설,경상북도 포항시 북구 죽장면 새마을로3575번길 24,-,99,30,1,1,-,아니오,아니오,아니오
포항시,36.032231,129.347661,학잠주공마을쉼터,특정계층이용시설,경상북도 포항시 북구 양학로96번길 11-4 (학잠주공2단지),-,528,160,1,1,-,아니오,아니오,아니오
포항시,36.0239587,129.3501171,양학마을쉼터,특정계층이용시설,경상북도 포항시 북구 양학로17번길 15 (득량동),-,195,59,1,1,-,아니오,아니오,아니오
포항시,36.030752,129.3433063,백학마을쉼터,특정계층이용시설,경상북도 포항시 북구 양학로107번길 12 (득량동),-,100,30,1,1,-,아니오,아니오,아니오
울진군,36.6668763,129.4327397,섶밭쉼터,야외시설,경상북도 울진군 후포면 삼율2길 13,-,15,8,정보없음,정보없음,-,아니오,아니오,아니오
포항시,36.2342315,129.2093192,상옥1리마을쉼터,특정계층이용시설,경상북도 포항시 북구 죽장면 죽장로 1648,-,82,25,1,1,-,아니오,아니오,아니오
포항시,36.2342099,129.2093043,상옥1리부녀마을쉼터,특정계층이용시설,경상북도 포항시 북구 죽장면 죽장로 1648,-,44,13,2,1,-,아니오,아니오,아니오
의성군,36.4819114,128.5325557,중율1리경로당,특정계층이용시설,경상북도 의성군 신평면 왜가리길 1142,-,80,32,3,1,-,아니오,아니오,아니오
의성군,36.4603444,128.5083488,교안4리경로당,특정계층이용시설,경상북도 의성군 신평면 봉호로 2290,-,98.11,18,2,1,-,아니오,-,아니오
영주시,36.8151,128.6136,가흥1동현대강변2차(정자),야외시설,"경상북도 영주시 대동로 97 (가흥동, 현대2차강변아파트)",-,40,1,정보없음,정보없음,-,아니오,아니오,아니오
영주시,36.8209168,128.6169606,구학공원,야외시설,경상북도 영주시 선비로181번길 32-17,-,310,31,정보없음,정보없음,-,아니오,아니오,아니오
영주시,36.981844,128.656426,소천2리경로당,특정계층이용시설,경상북도 영주시 부석면부석로65번길 24,-,90,40,1,1,-,아니오,아니오,아니오
경주시,35.99974,129.182963,안강유성타운경로당,특정계층이용시설,경상북도 경주시 안강읍 피일길  86-9,-,44,13,1,1,-,아니오,아니오,아니오
경주시,35.9891881,129.2171332,일천푸른마을경로당,특정계층이용시설,경상북도 경주시 안강읍 화전남1길 7-6 (일천푸른마을아파트),-,35,11,1,1,-,아니오,아니오,아니오
경주시,35.850243,129.085091,신평1리노인회관,특정계층이용시설,경상북도 경주시 건천읍 신평못밑길  10,-,125,38,3,2,-,아니오,아니오,아니오
의성군,36.44299,128.516277,검곡리(솟대배기)경로당,특정계층이용시설,경상북도 의성군 신평면 검곡3길 8,-,33,6,1,1,-,아니오,아니오,아니오
구미시,36.127163,128.493069,창덕아파트경로당,특정계층이용시설,경상북도 구미시 장천면강동로 207-9,-,60,15,2,1,-,아니오,아니오,아니오
문경시,36.568717,128.227227,퇴안경로당팔각정,야외시설,경상북도 문경시 영순면 무라이1길 4,-,25,4,정보없음,정보없음,-,-,-,-
의성군,36.4966202,128.5094726,중율2리경로당,특정계층이용시설,경상북도 의성군 신평면 밤실길 6-9,-,72.87,45,2,1,-,아니오,아니오,아니오
의성군,36.4900047,128.4877226,청운1리경로당,특정계층이용시설,경상북도 의성군 신평면 봉호로 2706,-,77.56,40,2,1,-,아니오,-,아니오
구미시,36.152284,128.330491,싸리공원,야외시설,경상북도 구미시 고아읍 관심5길 14-24,-,7.9,2,정보없음,정보없음,-,아니오,아니오,아니오
구미시,36.3268709,128.30639,용산1리(산두)경로당,특정계층이용시설,경상북도 구미시 도개면용산1길 13,-,80.25,20,1,1,-,아니오,아니오,아니오
의성군,36.3866491,128.4040631,이연2리마을회관,특정계층이용시설,경상북도 의성군 단북면 이연길 9,-,98.79,38,6,1,-,아니오,아니오,아니오
청도군,35.6663618,128.5544506,상수월,특정계층이용시설,경상북도 청도군 풍각면 봉수길 784,-,69,17,2,1,-,아니오,-,아니오
청도군,35.6669393,128.5712224,하수월,특정계층이용시설,경상북도 청도군 풍각면 봉수길 576,-,64,16,2,1,-,아니오,-,아니오
상주시,36.2754,128.1232,산현4리마을회관,특정계층이용시설,경상북도 상주시 공성면 산현4길 79-8,-,99,30,3,1,-,아니오,아니오,아니오
상주시,36.3036,128.0623,봉산1리경로당,특정계층이용시설,경상북도 상주시 공성면 골가실1길 155,-,84,25,2,1,-,아니오,아니오,아니오
포항시,36.0239964,129.3500981,양학할머니마을쉼터,특정계층이용시설,경상북도 포항시 북구 양학로17번길 15 (득량동),-,195,59,1,1,-,아니오,아니오,아니오
포항시,36.027836,129.3577901,갈밭경로당,특정계층이용시설,경상북도 포항시 북구 중흥로255번길 32-7 (죽도동),-,73,21,1,4,-,아니오,아니오,아니오
포항시,36.018693,129.351083,칠성마을쉼터,특정계층이용시설,경상북도 포항시 북구 중흥로151번길 29-9,-,181.44,43,1,1,-,아니오,아니오,아니오
포항시,36.016789,129.3545,중섬마을쉼터,특정계층이용시설,경상북도 포항시 북구 중흥로140번길 7-4,-,118.94,38,2,2,-,아니오,아니오,아니오
구미시,36.1279393,128.3384134,원평동노인복지센터,특정계층이용시설,경상북도 구미시 금오산로5길 8,-,101.8,25,3,6,-,아니오,아니오,아니오
포항시,36.022672,129.354657,죽도분회마을쉼터,특정계층이용시설,경상북도 포항시 북구 양학천로 28-4,-,182.31,40,1,2,-,아니오,아니오,아니오
구미시,36.3295218,128.29797,가산1리경로당,특정계층이용시설,경상북도 구미시 도개면용산가산길 174-1,-,99,25,2,2,-,아니오,아니오,아니오
청도군,35.6621321,128.7483045,송읍리(여),특정계층이용시설,경상북도 청도군 청도읍 송읍길 41,-,200.73,50,2,1,-,아니오,아니오,아니오
경주시,35.870882,129.117551,용명3리경로당,특정계층이용시설,경상북도 경주시 건천읍 대곡용명길  440-9,-,147,45,1,1,-,아니오,아니오,아니오
경주시,35.824008,129.107609,방내리노인회관,특정계층이용시설,경상북도 경주시 건천읍 천포방내길  286-2,-,76,23,5,2,-,아니오,아니오,아니오
구미시,36.3084824,128.311191,월림1리경로당,특정계층이용시설,경상북도 구미시 도개면월림2길 102-1,-,35.05,9,3,2,-,아니오,아니오,아니오
김천시,36.124296,128.1197057,항도경로당,특정계층이용시설,"경상북도 김천시 충효길 88 (성내동, 항도빌라)",-,53,39,1,1,-,-,-,예
김천시,36.1207458,128.1220897,자산경로당,특정계층이용시설,경상북도 김천시 자산3길 16 (성내동),-,283,36,2,1,-,-,-,예
김천시,36.122459,128.121147,성내경로당,특정계층이용시설,경상북도 김천시 충효4길 9,-,98,60,2,1,-,-,-,예
김천시,36.1244651,128.1084471,서낭경로당,특정계층이용시설,경상북도 김천시 평화4길 10 (평화동),-,200,50,2,1,-,아니오,아니오,예
김천시,36.117789,128.1148235,노실경로당,특정계층이용시설,경상북도 김천시 노실고개3길 19 (남산동),-,81,40,2,1,-,아니오,아니오,예
김천시,36.127667,128.1147369,장미경로당,특정계층이용시설,"경상북도 김천시 평화장미3길 25 (평화동, 한일장미타운)",-,81,40,2,1,-,아니오,아니오,예
영덕군,36.5648424,129.4204732,덕천리경로당,특정계층이용시설,경상북도 영덕군 병곡면 덕천길 162,-,165.18,45,3,2,-,아니오,아니오,아니오
영주시,36.7684391,128.5016612,하촌3리회관(경로당),특정계층이용시설,경상북도 영주시 봉현면 소백로 680,-,92,17,4,1,-,아니오,아니오,아니오
영주시,36.915048,128.542794,태월당경로당,특정계층이용시설,경상북도 영주시 순흥면태장로 231,-,55.3,31,3,1,-,아니오,아니오,아니오
영주시,36.917428,128.556223,태장2리경로당,특정계층이용시설,경상북도 영주시 순흥면소백로2481번길 67-34,-,77.7,20,2,1,-,아니오,아니오,아니오
영주시,36.9010232,128.5509422,지경경로당,특정계층이용시설,경상북도 영주시 순흥면 태장로 47-8,-,60,21,2,1,-,아니오,아니오,아니오
김천시,36.1202969,128.1157182,비둘기경로당,특정계층이용시설,경상북도 김천시 평화중앙11길 35-5 (평화동),-,85,40,3,1,-,아니오,아니오,예
김천시,36.127894,128.1064457,후생경로당,특정계층이용시설,경상북도 김천시 후생1길 14 (평화동),-,124,31,5,1,-,아니오,아니오,아니오
문경시,36.571189,127.9826009,내서1리경로당,특정계층이용시설,경상북도 문경시 농암면 청화로 767,-,104,60,2,1,-,아니오,아니오,아니오
문경시,36.5776404,127.9307096,광정동경로당,특정계층이용시설,경상북도 문경시 농암면 우복동길 71,-,68,24,1,1,-,-,아니오,-
구미시,36.3092686,128.332345,월림2리경로당,특정계층이용시설,경상북도 구미시 도개면월림4길 14-11,-,99.48,25,1,3,-,아니오,아니오,아니오
칠곡군,36.073616,128.392372,남율5리우방신천지경로당,특정계층이용시설,경상북도 칠곡군 석적읍 석적로 955-19 (우방신천지아파트),-,110,34,1,1,-,아니오,아니오,아니오
칠곡군,36.07125,128.39474,남율6리한솔솔파크경로당,특정계층이용시설,경상북도 칠곡군 석적읍 석적로 905 (한솔솔파크강변아파트),-,92,28,1,1,-,아니오,아니오,아니오
칠곡군,36.06811,128.4025,남율10리효성1단지경로당,특정계층이용시설,경상북도 칠곡군 석적읍 남율로9길 33 (칠곡남율효성해링턴플레이스1단지),-,97,30,1,1,-,아니오,아니오,아니오
칠곡군,36.06892,128.4052,남율8리효성2단지경로당,특정계층이용시설,경상북도 칠곡군 석적읍 남율로9길 61 (칠곡남율효성해링턴플레이스2단지),-,97,30,1,1,-,아니오,아니오,아니오
문경시,36.5290988,127.9674344,백합동경로당,특정계층이용시설,경상북도 문경시 농암면 백합동2길 6-17,-,122,50,3,1,-,-,아니오,-
청도군,35.6735765,128.8435391,동산2리새터,특정계층이용시설,경상북도 청도군 매전면 새터길 19-1,-,52.47,13,2,1,-,아니오,아니오,아니오
청도군,35.6332872,128.8551638,장연리장수골,특정계층이용시설,경상북도 청도군 매전면 장수길 20,-,73.92,18,2,2,-,아니오,아니오,아니오
청도군,35.6101497,128.813493,지전1리,특정계층이용시설,경상북도 청도군 매전면 지전길 10-11,-,147.5,36,2,1,-,아니오,아니오,아니오
청도군,35.5921204,128.8064924,구촌리신촌,특정계층이용시설,경상북도 청도군 매전면 매전신촌길 21-1,-,79.44,19,3,1,-,아니오,아니오,아니오
김천시,35.9943999,128.1323637,대방1리(옥계)경로당,특정계층이용시설,경상북도 김천시 조마면 대방3길 39-13,-,180,45,2,1,-,아니오,아니오,예
김천시,36.0060878,128.0951934,신곡3리(새시기)경로당,특정계층이용시설,경상북도 김천시 조마면 조마로 1074-10,-,192,48,2,1,-,아니오,아니오,예
영주시,36.8213889,128.6282689,휴일경로당,특정계층이용시설,경상북도 영주시 휴천동 번영로  103-4  (휴천동),-,74.08,20,1,1,-,아니오,아니오,아니오
의성군,36.3641377,128.6907068,화주리(철파리),특정계층이용시설,경상북도 의성군 의성읍 화주길 23-2,-,65.35,29,2,1,-,아니오,아니오,아니오
포항시,36.1337282,129.0850674,지동리논골마을쉼터,특정계층이용시설,경상북도 포항시 북구 죽장면 포은로 2786-1,-,100,30,1,1,-,아니오,아니오,아니오
포항시,36.2155848,129.0860896,합덕2리마을쉼터,특정계층이용시설,경상북도 포항시 북구 죽장면 합사길 276-51,-,100,30,1,1,-,아니오,아니오,아니오
포항시,36.2496841,129.2150862,상옥2리부녀마을쉼터,특정계층이용시설,경상북도 포항시 북구 죽장면 죽장로1844번길 14,-,97,29,2,1,-,아니오,아니오,아니오
포항시,36.0296147,129.3592444,죽도동마을쉼터,특정계층이용시설,경상북도 포항시 북구 죽도로28번길 66-16 (죽도동),-,182.31,40,1,2,-,아니오,아니오,아니오
포항시,36.1682097,129.0255308,두마리마을쉼터,특정계층이용시설,경상북도 포항시 북구 죽장면 면봉산길 808,-,100,30,1,1,-,아니오,아니오,아니오
문경시,36.591278,128.010457,갈동2리경로당,특정계층이용시설,경상북도 문경시 농암면 무운로 71,-,108,60,3,1,-,-,아니오,-
울진군,36.9382189,129.2274002,새점쉼터,야외시설,경상북도 울진군 금강송면 새점1길 50-1,-,15,8,1,1,-,아니오,아니오,아니오
포항시,36.0899165,129.2562489,냉수1리마을쉼터,특정계층이용시설,경상북도 포항시 북구 신광면 도음로 46,-,86,26,2,1,-,아니오,아니오,아니오
포항시,36.1702695,129.2709146,반곡리마을쉼터,특정계층이용시설,경상북도 포항시 북구 신광면 기반길 114,-,99,30,2,1,-,아니오,아니오,아니오
포항시,36.1285213,129.2617571,중앙마을쉼터,특정계층이용시설,경상북도 포항시 북구 신광면 토성길 28-7,-,134,41,2,1,-,아니오,아니오,아니오
포항시,36.1417526,129.2743866,사정2리마을쉼터,특정계층이용시설,경상북도 포항시 북구 신광면 사정안길58번길 18,-,180,55,2,1,-,아니오,아니오,아니오
봉화군,36.895463,128.694853,적덕2리마을회관쉼터,야외시설,경상북도 봉화군 봉화읍 적덕길 164,-,60,6,정보없음,정보없음,-,아니오,아니오,아니오
칠곡군,36.0671505,128.3387017,인평18리경로당,특정계층이용시설,경상북도 칠곡군 북삼읍 인강1길 62-11,-,136,40,1,1,-,아니오,아니오,아니오
칠곡군,36.02155,128.5764,헌방마을경로당,특정계층이용시설,경상북도 칠곡군 동명면 남원로1길 86,-,78.6,23,1,3,-,아니오,아니오,아니오
포항시,36.1275842,129.2651287,토성2리마을쉼터,특정계층이용시설,경상북도 포항시 북구 신광면 토성길 60,-,360,109,1,1,-,아니오,아니오,아니오
영주시,36.888755,128.4912783,풍기백신2리노인회관옆(정자),야외시설,경상북도 영주시 풍기읍 죽령로1284번길 70,-,40,10,정보없음,정보없음,-,아니오,아니오,아니오
의성군,36.3507279,128.4468779,위성3리경로당,특정계층이용시설,경상북도 의성군 구천면 거북이길 136-10,-,94.91,21,3,1,-,-,아니오,-
문경시,36.583438,127.9868,화산2리경로당,특정계층이용시설,경상북도 문경시 농암면 삼화실길  63,-,69,52,1,1,-,아니오,아니오,아니오
포항시,36.1329313,129.2712321,사정1리마을쉼터,특정계층이용시설,경상북도 포항시 북구 신광면 사정길1번길 30,-,109,33,2,1,-,아니오,아니오,아니오
포항시,36.1581286,129.2667334,안덕2리마을쉼터,특정계층이용시설,경상북도 포항시 북구 신광면 비학로1197번길 56,-,90,27,2,1,-,아니오,아니오,아니오
포항시,36.0938808,129.3387258,초곡지엔하임마을쉼터,특정계층이용시설,경상북도 포항시 북구 흥해읍 초곡지구로 102 (포항초곡지엔하임),-,127,20,1,1,-,아니오,아니오,아니오
포항시,35.9983395,129.4582209,임곡2리무더위쉼터,특정계층이용시설,경상북도 포항시 남구 동해면 호미로3068번길 19,-,100.23,20,1,1,-,아니오,아니오,아니오
포항시,36.0932073,129.2526311,남부마을쉼터,특정계층이용시설,경상북도 포항시 북구 신광면 비학로 434,-,60,18,2,1,-,아니오,아니오,아니오
포항시,36.167481,129.344185,호암마을쉼터,특정계층이용시설,"경상북도 포항시 북구 청하면 사방공원길  39 , 호암마을회관",-,67,39,1,2,-,아니오,아니오,아니오
포항시,36.2001126,129.3248721,율전마을쉼터,특정계층이용시설,경상북도 포항시 북구 청하면 비학로1969번길 79-4,-,68,25,1,1,-,아니오,아니오,아니오
포항시,36.0850046,129.3345293,성곡2리마을쉼터,특정계층이용시설,경상북도 포항시 북구 흥해읍 초곡길75번길 11,-,86,26,1,1,-,아니오,아니오,아니오
포항시,36.0867852,129.3569721,성곡농장마을쉼터,특정계층이용시설,경상북도 포항시 북구 흥해읍 성곡길182번길 66,-,312,95,1,1,-,아니오,아니오,아니오
청도군,35.6995382,128.9174849,임당1리,특정계층이용시설,경상북도 청도군 금천면 임당길 173,-,124,31,2,1,-,아니오,아니오,아니오
봉화군,36.875614,128.697585,건정쉼터,야외시설,경상북도 봉화군 봉화읍 두릉골길 4,-,60,6,정보없음,정보없음,-,아니오,아니오,아니오
봉화군,36.911864,128.774759,수천쉼터,야외시설,경상북도 봉화군 봉화읍 송생이길 39-3,-,60,10,정보없음,정보없음,-,아니오,아니오,아니오
봉화군,36.892804,128.726855,해저2리쉼터,야외시설,경상북도 봉화군 봉화읍 솔안2길 10-1,-,60,10,정보없음,정보없음,-,아니오,아니오,아니오
포항시,36.053085,129.1983956,학야리마을쉼터,특정계층이용시설,경상북도 포항시 북구 기계면 학야길 211,-,41,12,1,1,-,아니오,아니오,아니오
포항시,36.0838184,129.1833882,지가2리마을쉼터,특정계층이용시설,경상북도 포항시 북구 기계면 기계로 355-1,-,37,11,1,1,-,아니오,아니오,아니오
포항시,36.0905065,129.2195712,삼학마을쉼터,특정계층이용시설,경상북도 포항시 북구 기계면 기동지길263번길 8-5,-,59,18,2,1,-,아니오,아니오,아니오
칠곡군,36.046,128.3352,어로3리경로당,특정계층이용시설,경상북도 칠곡군 북삼읍어로3길 9 (북삼삼주아파트),-,50,21,1,1,-,아니오,아니오,아니오
칠곡군,36.0685034,128.3421806,인평3리평원경로당,특정계층이용시설,경상북도 칠곡군 북삼읍 평원1길 32-12,-,66,20,1,2,-,아니오,아니오,아니오
의성군,36.32305,128.6372745,문흥1리경로당,특정계층이용시설,경상북도 의성군 봉양면 문흥3길 17,-,48.4,20,3,1,-,아니오,아니오,아니오
안동시,36.558981,128.709706,태화아파트경로당,특정계층이용시설,경상북도 안동시 서악길 5,-,39,16,3,2,-,아니오,아니오,아니오
울진군,36.9273457,129.1361152,광회2리쉼터,야외시설,경상북도 울진군 금강송면 남회룡로 1497,-,15,8,1,1,-,아니오,아니오,아니오
울진군,36.9380766,129.2300649,삼근2리쉼터,야외시설,경상북도 울진군 금강송면 불영계곡로 1353,-,15,8,정보없음,정보없음,-,아니오,아니오,아니오
구미시,36.134095,128.483791,하장2리경로당,특정계층이용시설,경상북도 구미시 장천면하장3길 57-1,-,66,17,2,1,-,아니오,아니오,아니오
구미시,36.155155,128.491188,상림리경로당,특정계층이용시설,경상북도 구미시 장천면송백로 13,-,100,25,2,1,-,아니오,아니오,아니오
안동시,36.57036,128.623385,수곡2리경로당,특정계층이용시설,경상북도 안동시 풍산읍증수길 291,-,78.86,40,6,1,-,아니오,아니오,아니오
구미시,36.186562,128.53798,오로2리경로당,특정계층이용시설,경상북도 구미시 장천면장천오로5길 76,-,100,25,2,1,-,아니오,아니오,아니오
구미시,36.140574,128.501687,묵어1리경로당,특정계층이용시설,경상북도 구미시 장천면묵어길 106,-,66,17,2,1,-,아니오,아니오,아니오
구미시,36.144435,128.522002,묵어2리경로당,특정계층이용시설,경상북도 구미시 장천면묵어길 299-1,-,100,25,2,1,-,아니오,아니오,아니오
포항시,36.2087463,129.3715034,월포1리마을쉼터,특정계층이용시설,경상북도 포항시 북구 청하면 해안로2455번길 15,-,89,38,1,2,-,아니오,아니오,아니오
청송군,36.3445,129.0525,감연3리경로당,특정계층이용시설,경상북도 청송군 부남면 아방실길 123,-,90,27,2,2,-,아니오,아니오,아니오
청송군,36.345029,129.063667,대전1리경로당,특정계층이용시설,경상북도 청송군 부남면 대전1길 3,-,117,35,5,4,-,아니오,아니오,아니오
청송군,36.32843,129.065211,대전3리경로당,특정계층이용시설,경상북도 청송군 부남면 나실길 80,-,92,28,2,2,-,아니오,아니오,아니오
영주시,36.70141,128.709449,지곡교회앞(정자),야외시설,경상북도 영주시 평은면 북평로 1075-3,-,40,10,정보없음,정보없음,-,아니오,아니오,아니오
청송군,36.2823667,129.1220194,양숙1리경로당,특정계층이용시설,경상북도 청송군 부남면 양숙길 41,-,94,28,3,3,-,아니오,아니오,아니오
구미시,36.152907,128.505177,여남리경로당,특정계층이용시설,경상북도 구미시 장천면장천상림3길 169,-,100,25,2,1,-,아니오,아니오,아니오
포항시,36.2047171,129.069843,월평리마을쉼터,특정계층이용시설,경상북도 포항시 북구 죽장면 새마을로 4225-5,-,105,32,1,1,-,아니오,아니오,아니오
구미시,36.119595,128.354435,송정공원,야외시설,"경상북도 구미시 구미중앙로44길 11  (송정동, 송정공원화장실)",-,82.5,13,정보없음,정보없음,-,아니오,아니오,아니오
상주시,36.2944,128.0639,오광1리마을회관,특정계층이용시설,경상북도 상주시 공성면 오광1길 231,-,84,20,2,1,-,아니오,아니오,아니오
포항시,36.0199866,129.3676373,화목무더위쉼터,특정계층이용시설,경상북도 포항시 남구 중앙로77번길 14 (해도동),-,85.8,20,1,1,-,아니오,아니오,아니오
포항시,36.0574216,129.3748042,영일대무더위쉼터,특정계층이용시설,경상북도 포항시 북구 삼호로203번길 22 (두호동),-,69.11,20,1,1,-,아니오,아니오,아니오
의성군,36.3465282,128.6969939,도서리,특정계층이용시설,경상북도 의성군 의성읍 도동도서길 8,-,35.84,124,3,1,-,아니오,아니오,아니오
청도군,35.8197771,128.9921629,마일2리,특정계층이용시설,경상북도 청도군 운문면 운북로 695,-,82.86,20,2,1,-,아니오,아니오,아니오
안동시,36.7956514,128.7757704,매정리고정경로당,특정계층이용시설,경상북도 안동시 녹전면 고정길 57-18,-,114.75,30,2,1,-,아니오,아니오,아니오
포항시,36.1978652,129.3506416,필화1리마을쉼터,특정계층이용시설,경상북도 포항시 북구 청하면 동해대로2587번길 11-8,-,90,41,1,1,-,아니오,아니오,아니오
문경시,36.639806,128.169855,신우노인회,특정계층이용시설,경상북도 문경시 신기동 신기5길  7   (신기동),-,165,41,3,1,-,아니오,아니오,아니오
문경시,36.553814,128.0505574,지동2리경로당,특정계층이용시설,경상북도 문경시 농암면 선바우길 1-11,-,68,40,0,1,-,아니오,아니오,아니오
청도군,35.6454812,128.6576888,예리1리,특정계층이용시설,경상북도 청도군 각남면 예리2길 27-66,-,88,22,2,1,-,아니오,아니오,아니오
청도군,35.6369386,128.6616236,예리2리,특정계층이용시설,경상북도 청도군 각남면 예리4길 83,-,88,22,2,2,-,아니오,아니오,아니오
청도군,35.6448272,128.6613232,예리3리,특정계층이용시설,경상북도 청도군 각남면 예리3길 17-6,-,92,23,2,2,-,아니오,아니오,아니오
청도군,35.6349549,128.6405495,신당1리,특정계층이용시설,경상북도 청도군 각남면 신당길 5,-,92,23,2,1,-,아니오,아니오,아니오
문경시,36.5558049,128.0446418,선곡1리경로당,특정계층이용시설,경상북도 문경시 농암면 우산로 1994,-,77,40,1,1,-,아니오,아니오,-
포항시,36.1830879,129.0819517,현내리마을쉼터,특정계층이용시설,경상북도 포항시 북구 죽장면 면봉산길 136,-,84,25,1,1,-,아니오,아니오,아니오
의성군,36.2996772,128.5772628,화전1리(원지)경로당,특정계층이용시설,경상북도 의성군 봉양면 원지1길 59-2,-,33.7,34,1,1,-,아니오,아니오,아니오
의성군,36.2696883,128.6310507,삼산3리경로당,특정계층이용시설,경상북도 의성군 봉양면 삼산3길  119,-,90.78,32,1,1,-,아니오,아니오,아니오
경주시,35.774217,129.205549,용장1리경로당,특정계층이용시설,경상북도 경주시 내남면 포석로  366-5,-,138.6,42,1,1,-,아니오,아니오,아니오
의성군,36.2937864,128.6261138,풍리1리경로당,특정계층이용시설,경상북도 의성군 봉양면 풍리1길 14,-,83.7,31,1,1,-,아니오,아니오,아니오
의성군,36.2925628,128.5715657,도원1리(모선)경로당,특정계층이용시설,경상북도 의성군 봉양면 모선길 53,-,105.2,28,2,1,-,아니오,아니오,아니오
경주시,35.737291,129.202892,노곡1리노월마을회관,특정계층이용시설,"경상북도 경주시 내남면 노곡2길  26-30, 노곡1리마을회관",-,64.35,20,1,1,-,아니오,아니오,아니오
안동시,36.5698446,128.886803,마리경로당,특정계층이용시설,경상북도 안동시 임동면 마리못길 19,-,65.88,20,2,1,-,아니오,아니오,아니오
문경시,36.598652,128.002523,농암1리경로당,특정계층이용시설,경상북도 문경시 농암면 농암길  76,-,203,40,2,1,-,아니오,아니오,아니오
문경시,36.5995744,128.1998012,충현동경로당,특정계층이용시설,경상북도 문경시 점촌2길 54-1,-,77,20,4,1,-,아니오,아니오,아니오
포항시,36.1108997,129.348952,숭덕부녀마을쉼터,특정계층이용시설,경상북도 포항시 북구 흥해읍 한동로65번길 7,-,193,58,1,1,-,아니오,아니오,아니오
구미시,36.1770853,128.3494601,봉한1경로당,특정계층이용시설,경상북도 구미시 고아읍 봉한1길 29,-,80,20,2,1,-,아니오,아니오,아니오
문경시,36.5980687,128.2018564,영강경로당,특정계층이용시설,경상북도 문경시 중앙9길 3,-,99,30,2,1,-,아니오,아니오,아니오
문경시,36.5920121,128.1984764,중앙동경로당,특정계층이용시설,경상북도 문경시 신흥로 101  (점촌동),-,72,30,1,1,-,-,아니오,-
문경시,36.5919886,128.1984799,중앙동여성경로당,특정계층이용시설,경상북도 문경시 신흥로 101 (점촌동),-,72,30,1,1,-,-,아니오,-
영주시,36.8456177,128.6545828,단운노인회관,특정계층이용시설,경상북도 영주시 원당로427번길 137 (상망동),-,73.9,18,2,1,-,아니오,아니오,아니오
구미시,36.1939991,128.2850924,횡산(대방)경로당,특정계층이용시설,경상북도 구미시 고아읍 포아로 650,-,96.8,24,2,1,-,아니오,아니오,아니오
안동시,36.7052902,128.8680689,부포리경로당,특정계층이용시설,경상북도 안동시 예안면 호소골길 41,-,67.32,30,3,1,-,아니오,아니오,아니오
안동시,36.682503,128.887,귀단1리경로당,특정계층이용시설,경상북도 안동시 예안면 와운대길 29-1,-,69.96,30,3,1,-,아니오,아니오,아니오
구미시,36.1691365,128.3648382,송림경로당,특정계층이용시설,경상북도 구미시 고아읍송평구3길 6,-,100.6,25,2,2,-,아니오,아니오,아니오
영천시,35.973548,128.93961,신우맨션경로당,특정계층이용시설,"경상북도 영천시  상록4길  5   (문외동, 신우연립)",-,130,25,2,1,-,-,-,아니오
영천시,35.974902,128.939293,무궁화타운경로당,특정계층이용시설,"경상북도 영천시  충효로  97   (문외동, 무궁화아파트)",-,98.1,80,4,2,-,-,-,아니오
영천시,35.972525,128.940252,영진궁전경로당,특정계층이용시설,"경상북도 영천시  시청동길  8   (문외동, 영진궁전빌라)",-,85.42,25,2,1,-,-,-,아니오
영천시,35.9295553,128.8675609,덕성리경로당,특정계층이용시설,경상북도 영천시 금호읍 금호로 56-40,-,154.2,35,2,2,-,예,예,아니오
포항시,36.0391002,129.3757988,태왕아너스오션마을쉼터,특정계층이용시설,"경상북도 포항시 남구 서동로 162 (송도동, 태왕아너스 오션)",-,65,20,1,1,-,아니오,아니오,아니오
포항시,36.0358116,129.371288,세잔베르체마을쉼터,특정계층이용시설,"경상북도 포항시 남구 운하로 136 (송도동, 송도 세잔베르체 아파트)",-,58,18,1,1,-,아니오,아니오,아니오
영주시,36.8278621,128.6382109,경일경로당,특정계층이용시설,"경상북도 영주시 상망동 웃무리로13번길  15   (상망동, 경일미래타운)",-,51.2,12,4,1,-,아니오,아니오,아니오
칠곡군,35.9720868,128.5495824,봉암리동산(실골)경로당,특정계층이용시설,경상북도 칠곡군 동명면 봉암6길 31,-,83.8,20,1,1,-,아니오,아니오,아니오
안동시,36.6028658,128.9141122,사월리경로당,특정계층이용시설,경상북도 안동시 임동면사월큰길 726,-,66.5,20,3,1,-,아니오,아니오,아니오
안동시,36.5944208,128.9011075,사월리학교마을경로당,특정계층이용시설,경상북도 안동시 임동면사월큰길 520,-,84.95,26,2,1,-,아니오,아니오,아니오
안동시,36.6147511,128.9486016,위1리경로당,특정계층이용시설,경상북도 안동시 임동면새마을봉답길 7,-,86.62,26,2,1,-,아니오,아니오,아니오
안동시,36.4611166,128.883343,현하3리경로당,특정계층이용시설,경상북도 안동시 길안면 큰삽실길 22,-,98.13,17,3,2,-,아니오,아니오,아니오
안동시,36.6084256,128.9444416,위1리상산마을경로당,특정계층이용시설,경상북도 안동시 임동면임예로 653,-,72.7,22,2,1,-,아니오,아니오,아니오
안동시,36.6236193,128.9563676,위2리경로당,특정계층이용시설,경상북도 안동시 임동면위리새터길 29,-,82.92,25,2,1,-,아니오,아니오,아니오
안동시,36.6285989,128.9605938,대곡1리경로당,특정계층이용시설,경상북도 안동시 임동면대곡큰길 113,-,67.25,20,3,1,-,아니오,아니오,아니오
포항시,35.9992945,129.5656595,구룡포7마을쉼터,특정계층이용시설,경상북도 포항시 남구 구룡포읍 호미로 449,-,100,30,2,1,-,아니오,아니오,아니오
포항시,36.0041082,129.5706643,삼정1마을쉼터,특정계층이용시설,경상북도 포항시 남구 구룡포읍 일출로72번길 7,-,66,20,1,1,-,아니오,아니오,아니오
안동시,36.5692233,128.9192149,중평1리경로당,특정계층이용시설,경상북도 안동시 임동면편항길 33,-,148.54,45,3,2,-,아니오,아니오,아니오
안동시,36.5674441,128.920912,중평2리경로당,특정계층이용시설,경상북도 안동시 임동면 선착장길 22-7,-,75,23,3,2,-,아니오,아니오,아니오
안동시,36.5548645,128.9232687,수곡리경로당,특정계층이용시설,경상북도 안동시 임동면봉황사길 5,-,71.82,22,2,1,-,아니오,아니오,아니오
청도군,35.6482624,128.6414722,가금2리,특정계층이용시설,경상북도 청도군 이서면 가금2길 12,-,99,24,3,1,-,아니오,아니오,아니오
의성군,36.3796959,128.8324347,전흥1리전대마을경로당,특정계층이용시설,경상북도 의성군 옥산면 전흥1길 18,-,128.48,10,2,1,-,아니오,아니오,아니오
의성군,36.3690059,128.7966084,감계경로당,특정계층이용시설,경상북도 의성군 옥산면 구암감계길 415,-,104.35,20,1,1,-,아니오,아니오,아니오
의성군,36.3932,128.8096064,구성경로당,특정계층이용시설,경상북도 의성군 옥산면 금봉로 9,-,66.96,25,2,1,-,아니오,아니오,아니오
의성군,36.4025051,128.8024771,입암경로회관,특정계층이용시설,경상북도 의성군 옥산면 입암1길 21,-,181.9,30,4,1,-,아니오,아니오,아니오
청도군,35.6595235,128.655197,각계리,특정계층이용시설,경상북도 청도군 이서면 각계길 70-3,-,160,40,3,1,-,아니오,아니오,아니오
영주시,36.832598,128.6340077,보름골경로당,특정계층이용시설,경상북도 영주시 상망동 원당로223번길  42-47  (상망동),-,94.8,23,4,1,-,아니오,아니오,아니오
영주시,36.833148,128.635915,코아루아파트경로당,특정계층이용시설,"경상북도 영주시 상망동 원당로225번길  67   (상망동, 코아루아파트)",-,94.8,23,4,1,-,아니오,아니오,아니오
영주시,36.8260179,128.6376111,웃무리경로당,특정계층이용시설,"경상북도 영주시 상망동 웃무리로  26 ,  웃무리경로당 (상망동)",-,100,25,4,1,-,아니오,아니오,아니오
영주시,36.8294671,128.631574,교동경로당,특정계층이용시설,경상북도 영주시 하망동 향교길  42-11  (하망동),-,108.4,27,4,1,-,아니오,아니오,아니오
청도군,35.6776879,128.6985388,유등1리,특정계층이용시설,경상북도 청도군 화양읍 유등길 31-2,-,83.18,20,2,1,-,아니오,아니오,아니오
청도군,35.6802109,128.7069529,유등2리,특정계층이용시설,경상북도 청도군 화양읍 노산1길 9-1,-,95.35,23,2,1,-,아니오,아니오,아니오
영천시,35.8910753,128.8862345,강회리경로당,특정계층이용시설,경상북도 영천시 대창면 강회2길 23-26,-,65,50,2,1,-,-,-,아니오
포항시,36.0277227,129.349812,학잠큰동네마을쉼터,특정계층이용시설,경상북도 포항시 북구 양학로 44-20 (학잠동),-,39,12,2,1,-,아니오,아니오,아니오
포항시,36.0279007,129.3513388,대림힐타운마을쉼터,특정계층이용시설,"경상북도 포항시 북구 양학로34번길 14 (학잠동, 대림힐타운)",-,100,30,1,1,-,아니오,아니오,아니오
포항시,36.0313318,129.3418908,이동삼성마을쉼터,특정계층이용시설,경상북도 포항시 북구 이동로 48-1 (득량동),-,326,99,1,1,-,아니오,아니오,아니오
영천시,35.89116,128.8987577,병암리경로당,특정계층이용시설,경상북도 영천시 대창면 병암길 91,-,66,52,2,1,-,-,-,아니오
의성군,36.2386183,128.6519167,도경2리경로당,특정계층이용시설,경상북도 의성군 금성면 도경2길 93,-,110.25,30,3,1,-,아니오,아니오,아니오
의성군,36.384384,128.4349984,용기1리경로당,특정계층이용시설,경상북도 의성군 안계면 용기7길 9,-,166.18,30,3,1,-,아니오,아니오,아니오
의성군,36.381376,128.4330565,용기2리경로당,특정계층이용시설,경상북도 의성군 안계면 용기10길 26,-,94.88,26,3,1,-,아니오,아니오,아니오
의성군,36.3843214,128.4326112,용기3리경로당,특정계층이용시설,경상북도 의성군 안계면 용기10길 89-1,-,91.71,31,4,1,-,아니오,아니오,아니오
포항시,36.0340076,129.3408528,경성양학마을마을쉼터,특정계층이용시설,"경상북도 포항시 북구 양학로 149 (득량동, 경성양학마을아파트)",-,100,30,1,1,-,아니오,아니오,아니오
영천시,35.8695798,128.905136,건지발경로당,특정계층이용시설,경상북도 영천시 대창면 금창로 785,-,145,30,2,1,-,-,-,아니오
영천시,35.8618699,128.9392403,어방리경로당,특정계층이용시설,경상북도 영천시 대창면 효원길 9-3,-,89,26,3,1,-,-,-,아니오
의성군,36.2287809,128.7300655,가산2리여성마을쉼터,특정계층이용시설,경상북도 의성군 가음면 가산1길 54-8,-,65,20,1,1,-,아니오,아니오,아니오
의성군,36.2994632,128.7188378,만천1리경로당,특정계층이용시설,경상북도 의성군 금성면 만천1길 80,-,84.7,10,2,1,-,아니오,아니오,아니오
의성군,36.2929108,128.6666742,하1리경로당,특정계층이용시설,경상북도 의성군 금성면 탑리길 101-11,-,176.4,32,3,1,-,아니오,아니오,아니오
의성군,36.2803926,128.7156326,제오2리경로당,특정계층이용시설,경상북도 의성군 금성면 제오2길 23,-,78.35,15,2,1,-,아니오,아니오,아니오
의성군,36.2792445,128.6940327,학미3리경로당,특정계층이용시설,경상북도 의성군 금성면 학미3길 17,-,70,10,2,1,-,아니오,아니오,아니오
의성군,36.2759142,128.665235,초전1리경로당,특정계층이용시설,경상북도 의성군 금성면초전1길 44,-,92.9,18,2,1,-,아니오,아니오,아니오
의성군,36.2865914,128.7201065,운곡리경로당,특정계층이용시설,경상북도 의성군 금성면 운곡1길 25,-,98.6,55,4,1,-,아니오,아니오,아니오
의성군,36.2539818,128.682013,대리3리,특정계층이용시설,경상북도 의성군 금성면 탑리2길 7-7,-,124.8,25,3,1,-,아니오,아니오,아니오
의성군,36.232076,128.7266296,가산3리마을쉼터,특정계층이용시설,경상북도 의성군 가음면 산성가음로 2197-1,-,97.98,20,2,1,-,아니오,아니오,아니오
의성군,36.205299,128.713725,순호3리마을쉼터,특정계층이용시설,경상북도 의성군 가음면 산성가음로  1851,-,82.78,20,5,1,-,아니오,아니오,아니오
칠곡군,35.984115,128.551717,금암2리경로당,특정계층이용시설,경상북도 칠곡군 동명면 백송로  819,-,85.57,21,1,1,-,아니오,아니오,아니오
영천시,36.019538,128.856904,유성3리경로당,특정계층이용시설,"경상북도 영천시 화산면 유성길  13 , 유성3리회관",-,98,30,1,1,-,-,-,아니오
상주시,36.40037,127.9690236,선교2리노인회관,특정계층이용시설,경상북도 상주시 화동면 선교1길 34-24,-,103,32,2,1,-,아니오,아니오,예
구미시,36.243818,128.2974338,노상리경로당,특정계층이용시설,경상북도 구미시 선산읍단계서길 79,-,130.86,33,3,1,-,아니오,아니오,아니오
구미시,36.2440807,128.2972616,한효아파트경로당,특정계층이용시설,경상북도 구미시 선산읍 단계서길 83-5 (우공2차한효아파트),-,30,8,2,1,-,아니오,아니오,아니오
구미시,36.2449989,128.2943349,주공아파트경로당,특정계층이용시설,경상북도 구미시 선산읍선주로9길 23,-,49,12,3,1,-,아니오,아니오,아니오
영천시,35.8699949,129.0004456,용계(새불)경로당,특정계층이용시설,경상북도 영천시 북안면 새불길 55-81,-,96.66,20,2,1,-,-,-,아니오
의성군,36.313113,128.7832323,양지2리경로당,특정계층이용시설,경상북도 의성군 사곡면 구눌길 88,-,72,20,1,1,-,아니오,아니오,아니오
영천시,36.0912321,128.7296289,화서리경로당,특정계층이용시설,경상북도 영천시 신녕면 화정길 19-7,-,51.06,15,3,1,-,예,예,아니오
영천시,36.066006,128.765138,화남3리경로당,특정계층이용시설,경상북도 영천시 신녕면 화해길  16,-,152,38,2,1,-,예,-,아니오
영천시,35.9738186,128.9465735,문화경로당,특정계층이용시설,"경상북도 영천시  문화새길  7   (야사동, 문화아파트)",-,33,25,2,1,-,-,-,아니오
영천시,35.9744593,128.9404036,야사주공2차경로당,특정계층이용시설,"경상북도 영천시  상록4길  25   (야사동, 주공아파트)",-,49.5,46,2,1,-,-,-,아니오
영천시,35.9868442,128.969171,언하1동경로당,특정계층이용시설,경상북도 영천시 새미길 121 (언하동),-,66,47,1,1,-,-,-,아니오
의성군,36.2949624,128.7621662,신리리경로당,특정계층이용시설,경상북도 의성군 사곡면 신리길 30,-,83,40,2,1,-,아니오,아니오,아니오
의성군,36.3052174,128.7968177,양지3리경로당,특정계층이용시설,경상북도 의성군 사곡면 양지3길 9,-,100.8,15,2,1,-,아니오,아니오,아니오
의성군,36.2788985,128.762421,화전1리경로당,특정계층이용시설,경상북도 의성군 사곡면 상전길 38,-,99.9,30,3,1,-,아니오,아니오,아니오
구미시,36.2767535,128.1926277,무수1경로당,특정계층이용시설,경상북도 구미시 무을면 무수길 190,-,99,25,1,2,-,아니오,아니오,아니오
고령군,35.7301685,128.2648739,대가야읍분회,특정계층이용시설,경상북도 고령군 대가야읍 연조길 28,-,331.1,180,1,1,-,아니오,아니오,아니오
상주시,36.5193,128.1729,화동경로당,특정계층이용시설,경상북도 상주시 공검면 화동1길 83-39,-,147,30,2,3,-,아니오,아니오,아니오
구미시,36.2612835,128.192936,무수3경로당,특정계층이용시설,경상북도 구미시 무을면상무로 942-1,-,97,24,1,1,-,아니오,아니오,아니오
칠곡군,35.9895851,128.4171018,석전10리주공4차경로당,특정계층이용시설,경상북도 칠곡군 왜관읍 관문로1길 24,-,110,40,3,1,-,아니오,아니오,아니오
안동시,36.596984,128.521663,오미1리경로당,특정계층이용시설,경상북도 안동시 풍산읍미동길 56-1,-,111.19,58,2,2,-,아니오,아니오,아니오
안동시,36.575727,128.576623,하리2리새동네경로당,특정계층이용시설,경상북도 안동시 풍산읍새동네길 60-1,-,70.54,40,2,1,-,아니오,아니오,아니오
안동시,36.571192,128.577502,하리1리경로당,특정계층이용시설,경상북도 안동시 풍산읍우렁길 119,-,98.6,101,3,1,-,아니오,아니오,아니오
의성군,36.2399142,128.7707466,빙계2리경로당,특정계층이용시설,경상북도 의성군 춘산면 빙계길 9,-,70.72,25,2,1,-,아니오,아니오,아니오
의성군,36.2551469,128.7590548,사미리경로당,특정계층이용시설,경상북도 의성군 춘산면 사미신감로 113,-,80.8,75,4,1,-,아니오,아니오,아니오
의성군,36.2653811,128.7619758,효선1리경로당,특정계층이용시설,경상북도 의성군 춘산면 사미신감로 234,-,29.1,35,2,1,-,아니오,아니오,아니오
의성군,36.3190391,128.7518585,오상1리경로당,특정계층이용시설,경상북도 의성군 사곡면 오상1길 34-2,-,97.7,30,3,1,-,아니오,아니오,아니오
의성군,36.3242732,128.7712401,신감2리대감경로당,특정계층이용시설,경상북도 의성군 사곡면 신감옥산로 93,-,80.4,15,3,1,-,아니오,아니오,아니오
영천시,35.9870824,128.9543366,창신아파트경로당,특정계층이용시설,"경상북도 영천시  창신1길  11 ,  창신영천타운 (망정동)",-,99,142,2,1,-,-,-,아니오
영천시,35.9722931,128.9501515,망정주공3차경로당,특정계층이용시설,"경상북도 영천시 동부로 14 (망정동, 주공아파트)",-,66,62,2,1,-,-,-,아니오
영천시,35.9716028,128.9497036,망정주공4차경로당,특정계층이용시설,"경상북도 영천시 동부로 14 (망정동, 주공아파트)",-,66,41,2,1,-,-,-,아니오
봉화군,36.889812,128.769309,거촌3리경로당(마을회관),특정계층이용시설,경상북도 봉화군 봉성면 거촌로  349-1,-,42,10,1,1,-,아니오,아니오,아니오
의성군,36.3152959,128.7626141,신감1리경로당,특정계층이용시설,경상북도 의성군 사곡면 의성사곡로 721,-,93.8,60,2,1,-,아니오,아니오,아니오
의성군,36.2730689,128.7780046,효선2리경로당,특정계층이용시설,경상북도 의성군 춘산면 효선3길 97,-,91.84,53,3,1,-,아니오,아니오,아니오
영천시,35.988284,128.95469,번영2길경로당,특정계층이용시설,"경상북도 영천시  창신1길  22 , 상가동 (망정동)",-,66,45,2,1,-,-,-,아니오
영천시,35.9713228,128.9454737,동남경로당,특정계층이용시설,"경상북도 영천시 영천고1길 85-5 (야사동, 동남파크맨션)",-,85.8,84,2,1,-,-,-,아니오
영천시,35.970067,128.936397,문외동경로당,특정계층이용시설,경상북도 영천시  동문길  114-6  (문외동),-,66,19,1,1,-,-,-,아니오
영천시,35.969621,128.932401,문내동경로당,특정계층이용시설,경상북도 영천시  옛군청2길  27-35  (문내동),-,80.64,45,1,1,-,-,-,아니오
영천시,35.97047,128.92985,창구동경로당,특정계층이용시설,경상북도 영천시  법원길  80   (창구동),-,95.8,32,1,1,-,-,-,아니오
영천시,35.965345,128.930543,과전동경로당,특정계층이용시설,경상북도 영천시  창대서원2길  32   (과전동),-,48.93,20,1,1,-,-,-,아니오
영천시,35.8782321,129.0236521,효리경로당,특정계층이용시설,경상북도 영천시 북안면 효동길 67,-,91,30,2,1,-,-,-,아니오
의성군,36.3035335,128.7865689,음지리경로당,특정계층이용시설,경상북도 의성군 사곡면 음지길 33-4,-,68.78,45,2,1,-,아니오,아니오,아니오
의성군,36.2677159,128.6905361,탑리1리경로당,특정계층이용시설,경상북도 의성군 금성면 고현길  4,-,79.47,40,4,1,-,아니오,아니오,아니오
포항시,36.0672513,129.3671761,창포메트로시티2단지경로당,특정계층이용시설,"경상북도 포항시 북구 우창로 166 (창포동, 창포메트로시티2단지)",-,194,24,1,3,-,아니오,아니오,아니오
영천시,35.8974678,129.0097314,옥천리경로당,특정계층이용시설,경상북도 영천시 북안면 옥천길 26,-,60.96,40,1,1,-,-,-,아니오
경주시,35.736775,129.318281,개곡2리마을회관,특정계층이용시설,경상북도 경주시 외동읍 산업로  2535-4,-,82,25,1,1,-,아니오,아니오,아니오
경주시,35.763844,129.322045,괘릉리마을회관,특정계층이용시설,경상북도 경주시 외동읍 괘릉길  94,-,1586,481,3,2,-,아니오,아니오,아니오
경주시,35.9764065,129.2838478,국당3리마을회관,특정계층이용시설,경상북도 경주시 강동면 외촌길 37,-,82.8,25,1,1,-,아니오,아니오,아니오
영천시,35.9021848,129.0023205,서당리경로당,특정계층이용시설,경상북도 영천시 북안면 북안서당길 85-4,-,67,30,1,1,-,-,-,아니오
의성군,36.3857453,128.421628,노연1리마을회관,특정계층이용시설,경상북도 의성군 단북면 노연길  28,-,95.9,52,2,1,-,아니오,아니오,아니오
의성군,36.4151699,128.3639494,신하1리경로당(신산),특정계층이용시설,경상북도 의성군 단북면 단북다인로 709-8,-,50.34,7,1,1,-,-,아니오,-
경주시,35.905146,129.152208,가정1리경로당,특정계층이용시설,"경상북도 경주시 현곡면 가정길  34-1, 현곡가정1리경로당",-,59,18,1,1,-,아니오,아니오,아니오
경주시,35.913437,129.164349,내태2리경로당,특정계층이용시설,경상북도 경주시 현곡면 곰바우2길 1-3,-,113,34,1,1,-,아니오,아니오,아니오
경주시,35.868749,129.154405,상구2리경로당,특정계층이용시설,"경상북도 경주시 현곡면 구평길  4 , 상구2리회관",-,72,22,1,1,-,아니오,아니오,아니오
구미시,36.1888494,128.3465365,항곡1리경로당,특정계층이용시설,경상북도 구미시 고아읍 항곡3길 12-4,-,94.7,24,3,3,-,아니오,아니오,아니오
영주시,36.8123,128.6205,신영주경로당,특정계층이용시설,경상북도 영주시 꽃동산로21번길 20-11 (휴천동),-,139,77,6,1,-,아니오,아니오,아니오
칠곡군,35.938255,128.532291,낙산1리경로당,특정계층이용시설,경상북도 칠곡군 지천면 낙산로1길  63,-,278.56,70,1,1,-,아니오,아니오,아니오
의성군,36.406981,128.451529,용기7리경로당,특정계층이용시설,경상북도 의성군 안계면새못안길 45,-,30,15,2,1,-,아니오,아니오,아니오
의성군,36.3777502,128.4659243,봉양1리경로당,특정계층이용시설,경상북도 의성군 안계면 개천지길 96-10,-,67.02,6,2,1,-,아니오,아니오,아니오
의성군,36.3839651,128.4371468,안계면분회경로당,특정계층이용시설,경상북도 의성군 안계면 안계길 139,-,36.21,30,2,1,-,아니오,아니오,아니오
경주시,35.964647,129.281916,오금4리마을회관,특정계층이용시설,경상북도 경주시 강동면 왕신오금길  116-2,-,72,22,1,1,-,아니오,아니오,아니오
경주시,36.0572633,129.2431426,단구2리경로당,특정계층이용시설,경상북도 경주시 강동면 안현로 2296,-,105.3,32,1,1,-,아니오,아니오,아니오
경주시,35.935102,129.31218,왕신3리경로당,특정계층이용시설,"경상북도 경주시 강동면 사라길  215 , 왕신3리마을노인회관",-,95.2,29,1,1,-,아니오,아니오,아니오
경주시,35.935891,129.254422,오야리경로당,특정계층이용시설,"경상북도 경주시 천북면 서평길  49 , 오야경노회관",-,82.83,25,1,1,-,-,예,아니오
구미시,36.1977531,128.3369062,예강1경로당,특정계층이용시설,경상북도 구미시 고아읍예강1안길 27-1,-,127.1,32,4,2,-,아니오,아니오,아니오
영덕군,36.5790043,129.4075665,아래거무역리경로당,특정계층이용시설,경상북도 영덕군 병곡면 천방마을길 67-42,-,42.62,10,2,1,-,아니오,아니오,아니오
경주시,35.72787,129.278243,제내1리마을회관,특정계층이용시설,경상북도 경주시 외동읍 제내못안길  8,-,466,141,3,3,-,아니오,아니오,아니오
구미시,36.2129176,128.2891265,황산경로당,특정계층이용시설,경상북도 구미시 고아읍 황산1길 6-4,-,89.82,22,3,2,-,아니오,아니오,아니오
청도군,35.639864,128.7033266,신봉리(남),특정계층이용시설,경상북도 청도군 화양읍 홍도길 93,-,83.25,20,2,1,-,아니오,아니오,아니오
칠곡군,36.0949298,128.4776831,학하2리고남리경로당,특정계층이용시설,경상북도 칠곡군 가산면 학하2길 27,-,83.4,20,1,1,-,아니오,아니오,아니오
의성군,36.2677135,128.682697,탑리4리,특정계층이용시설,경상북도 의성군 금성면탑리6길 77-8,-,407.8,60,4,1,-,아니오,아니오,아니오
의성군,36.2588281,128.6795034,대리4리경로당,특정계층이용시설,경상북도 의성군 금성면 동부로  2380,-,65,50,3,1,-,아니오,아니오,아니오
의성군,36.2760011,128.6794603,학미1리경로당,특정계층이용시설,경상북도 의성군 금성면 학미1길 26,-,80.85,50,1,1,-,아니오,아니오,아니오
의성군,36.2733457,128.6993194,학미2리경로당,특정계층이용시설,경상북도 의성군 금성면 학미2길 16,-,80.6,30,2,1,-,아니오,아니오,아니오
의성군,36.2743663,128.6485049,구련1리경로당,특정계층이용시설,경상북도 의성군 금성면 구련1길 10,-,164.2,10,3,1,-,아니오,아니오,아니오
영덕군,36.5637201,129.3868718,각리1리경로당,특정계층이용시설,경상북도 영덕군 병곡면 각리1길 45,-,191.7,48,4,1,-,아니오,아니오,아니오
의성군,36.2597516,128.6932737,탑리2리경로당,특정계층이용시설,경상북도 의성군 금성면 위마길 85,-,79.47,70,2,1,-,아니오,아니오,아니오
칠곡군,36.08077,128.41358,"중3,4,5리부영아파트경로당",특정계층이용시설,경상북도 칠곡군 석적읍 북중리3길 70 (3공단부영아파트),-,104,32,1,1,-,아니오,아니오,아니오
구미시,36.1375233,128.4136417,신나리@경로당,특정계층이용시설,경상북도 구미시 산호대로21길 6,-,57.8,14,1,1,-,아니오,아니오,아니오
구미시,36.1399954,128.4255999,옥계현진에버빌경로당,특정계층이용시설,경상북도 구미시 옥계북로 59 (옥계동),-,169.47,42,3,1,-,아니오,아니오,아니오
구미시,36.1403484,128.4361303,e편한세상경로당,특정계층이용시설,경상북도 구미시 산호대로39길 23 (옥계동),-,102.66,26,1,2,-,아니오,아니오,아니오
구미시,36.1351306,128.3821535,양호경로당(양포동),특정계층이용시설,경상북도 구미시 거양길 354,-,66,17,1,2,-,아니오,아니오,아니오
구미시,36.112791,128.3336109,3주공경로당,특정계층이용시설,"경상북도 구미시 형곡로17길 10 (형곡동, 주공아파트3단지)",-,71,18,2,1,-,아니오,아니오,아니오
구미시,36.1122088,128.335129,풍림1차경로당,특정계층이용시설,"경상북도 구미시 형곡서로 106 (형곡동, 풍림1차아파트)",-,48,12,2,1,-,아니오,아니오,아니오
포항시,36.2589786,129.3430833,심방마을마을쉼터,특정계층이용시설,경상북도 포항시 북구 송라면 대전길 292,-,86.52,13,1,1,-,아니오,아니오,아니오
영덕군,36.5784589,129.3673182,각리2리경로당,특정계층이용시설,경상북도 영덕군 병곡면 각리3길 5-28,-,72.7,18,2,1,-,-,-,-
영덕군,36.5650361,129.3803337,각리3리경로당,특정계층이용시설,경상북도 영덕군 병곡면 각리2길 93-2,-,66.1,17,3,1,-,아니오,아니오,아니오
영덕군,36.548975,129.386006,사천경로당,특정계층이용시설,경상북도 영덕군 병곡면사천길 9,-,99.1,25,3,1,-,아니오,아니오,아니오
영덕군,36.5544937,129.3980521,신평경로당,특정계층이용시설,경상북도 영덕군 병곡면 신평1길 24,-,112.4,28,3,1,-,아니오,아니오,아니오
의성군,36.235079,128.6827782,"청로1,2리경로당",특정계층이용시설,경상북도 의성군 금성면 청로길 84-4,-,113.64,50,4,1,-,아니오,아니오,아니오
의성군,36.2260655,128.6660144,도경4리경로당,특정계층이용시설,경상북도 의성군 금성면 도경4길 174-18,-,285.6,20,2,1,-,아니오,아니오,아니오
영덕군,36.5853718,129.3729192,이천리제2경로당,특정계층이용시설,경상북도 영덕군 병곡면 이천길 226-1,-,97.62,20,2,1,-,아니오,아니오,아니오
영덕군,36.6495358,129.3786167,아치미경로당,특정계층이용시설,경상북도 영덕군 병곡면 유금1길 173-1,-,55.1,15,2,1,-,아니오,아니오,아니오
구미시,36.1108408,128.3335859,풍림2차경로당,특정계층이용시설,"경상북도 구미시 형곡로 109 (형곡동, 풍림2차아파트)",-,33,8,4,1,-,아니오,아니오,아니오
포항시,36.0392591,129.3567377,현대2차타워마을쉼터,특정계층이용시설,"경상북도 포항시 북구 새마을로 26 (용흥동, 현대2차타워아파트)",-,80,24,2,1,-,아니오,아니오,아니오
영주시,36.8323971,128.6321025,명성방산아파트경로당,특정계층이용시설,"경상북도 영주시 하망동 향교길  108-23, 관리사무소 (하망동, 명성방산아파트)",-,30.4,7,4,1,-,아니오,아니오,아니오
영주시,36.8254491,128.63224,코오롱1차아파트경로당,특정계층이용시설,"경상북도 영주시 영주로 299 (하망동, 코오롱1차아파트)",-,64,30,1,1,-,아니오,아니오,아니오
의성군,36.2415237,128.7063307,수정2리경로당,특정계층이용시설,경상북도 의성군 금성면 수정2길 24,-,298,15,2,1,-,아니오,아니오,아니오
의성군,36.4270665,128.7162548,병방리마을회관,특정계층이용시설,경상북도 의성군 단촌면 병방길 123,-,101.5,10,2,1,-,아니오,아니오,아니오
영덕군,36.5950499,129.4056434,영4리경로당,특정계층이용시설,경상북도 영덕군 병곡면 영2길 16-1,-,84.6,22,2,2,-,아니오,아니오,아니오
영덕군,36.5836762,129.3955158,거무역리경로당,특정계층이용시설,경상북도 영덕군 병곡면 내륙순환길 616,-,76,18,2,1,-,아니오,아니오,아니오
영주시,36.85552,128.551883,안심2리경로당,특정계층이용시설,경상북도 영주시 안정면 신재로634번길 45,-,102.81,25,25,2,-,아니오,아니오,아니오
칠곡군,36.0699039,128.3354482,인평17리경로당,특정계층이용시설,경상북도 칠곡군 북삼읍 북삼로11길 25-4,-,118.75,20,2,1,-,아니오,아니오,아니오
의성군,36.2215994,128.6452165,도경3리경로당,특정계층이용시설,경상북도 의성군 금성면 도경3길 12,-,73.3,15,2,1,-,아니오,아니오,아니오
칠곡군,35.9609546,128.4416771,새연화이주마을경로당,특정계층이용시설,경상북도 칠곡군 지천면 금호로2길 2-14,-,83.4,17,1,1,-,아니오,아니오,아니오
칠곡군,36.0517034,128.5949519,가산2리산당경로당,특정계층이용시설,경상북도 칠곡군 가산면 가산로 858,-,80.18,20,1,1,-,아니오,아니오,아니오
청도군,35.6766879,128.6728916,고철2리,특정계층이용시설,경상북도 청도군 이서면 대흥길 35,-,144,36,3,1,-,아니오,아니오,아니오
청도군,35.7165676,128.9128903,대천리(여),특정계층이용시설,경상북도 청도군 운문면 대천2길 13,-,205.56,51,4,1,-,아니오,아니오,아니오
청도군,35.7147427,128.9099988,방지리(여),특정계층이용시설,경상북도 청도군 운문면 방지5길 20,-,158.72,39,3,1,-,아니오,아니오,아니오
포항시,36.0082176,129.57584,삼정3마을쉼터,특정계층이용시설,경상북도 포항시 남구 구룡포읍 일출로 160,-,99.36,30,2,1,-,아니오,아니오,아니오
포항시,36.0124679,129.5769126,해동마을쉼터,특정계층이용시설,경상북도 포항시 남구 구룡포읍 일출로 207,-,130,39,2,1,-,아니오,아니오,아니오
포항시,36.0263492,129.5765405,수암마을쉼터,특정계층이용시설,경상북도 포항시 남구 구룡포읍 일출로 390,-,106,32,2,1,-,아니오,아니오,아니오
구미시,36.2713165,128.3286315,솝실경로당,특정계층이용시설,경상북도 구미시 선산읍유학길 18,-,63,16,3,1,-,아니오,아니오,아니오
의성군,36.4836694,128.389183,봉정2리새주막경로당,특정계층이용시설,경상북도 의성군 다인면 자미로 622,-,23.14,4,1,1,-,아니오,아니오,아니오
의성군,36.2295409,128.7154674,귀천2리마을쉼터,특정계층이용시설,경상북도 의성군 가음면 귀천2길  98,-,73.09,20,1,1,-,아니오,아니오,아니오
포항시,35.9886447,129.5502608,구룡포1마을쉼터,특정계층이용시설,경상북도 포항시 남구 구룡포읍 구룡포길 33-1,-,130,39,2,1,-,아니오,아니오,아니오
포항시,35.986771,129.5475815,눌태2리마을쉼터,특정계층이용시설,경상북도 포항시 남구 구룡포읍 눌태길 13,-,97,29,1,1,-,아니오,아니오,아니오
포항시,35.9928006,129.5386455,눌태1리마을쉼터,특정계층이용시설,경상북도 포항시 남구 구룡포읍 눌태길 147-6,-,53,16,1,1,-,아니오,아니오,아니오
청도군,35.7147383,128.9099666,방지리,특정계층이용시설,경상북도 청도군 운문면 방지5길 20,-,158.72,39,3,1,-,아니오,아니오,아니오
안동시,36.6697098,128.7046838,선실경로당,특정계층이용시설,경상북도 안동시 북후면 선실길 3,-,50.16,34,2,1,-,아니오,아니오,아니오
안동시,36.6023,128.5472,매곡2리미질경로당,특정계층이용시설,경상북도 안동시 풍산읍미질길 11,-,66.65,20,3,1,-,아니오,아니오,아니오
구미시,36.2062334,128.3252061,이례1경로당,특정계층이용시설,경상북도 구미시 고아읍이례로 90,-,133.55,33,6,3,-,아니오,아니오,아니오
청도군,35.6443499,128.739582,고수3리,특정계층이용시설,경상북도 청도군 청도읍 고수뒷길 26,-,45.55,11,2,1,-,아니오,아니오,아니오
청도군,35.7165763,128.9128849,대천리,특정계층이용시설,경상북도 청도군 운문면 대천2길 13,-,202,50,3,2,-,아니오,아니오,아니오
구미시,36.2605804,128.19872,대한노인회무을면분회,특정계층이용시설,경상북도 구미시 무을면상무로 993,-,82,21,1,1,-,아니오,아니오,아니오
구미시,36.2752726,128.178031,오가1경로당,특정계층이용시설,경상북도 구미시 무을면오가1길 128-7,-,73,18,1,1,-,아니오,아니오,아니오
구미시,36.2668625,128.1711119,오가2경로당,특정계층이용시설,경상북도 구미시 무을면 오가2길 17,-,66,17,1,2,-,아니오,아니오,아니오
구미시,36.2731086,128.159726,상송리경로당,특정계층이용시설,경상북도 구미시 무을면상송길 37-4,-,84,21,1,1,-,아니오,아니오,아니오
구미시,36.271721,128.145127,안곡1경로당,특정계층이용시설,경상북도 구미시 무을면안곡1길 29,-,98,25,1,2,-,아니오,아니오,아니오
포항시,36.0080567,129.468122,입암1리마을쉼터,특정계층이용시설,경상북도 포항시 남구 동해면 호미로2914번길 21-9,-,92,28,1,1,-,아니오,아니오,아니오
포항시,36.0133336,129.4768934,입암2리마을쉼터,특정계층이용시설,경상북도 포항시 남구 동해면 호미로 2810,-,92,28,1,1,-,아니오,아니오,아니오
포항시,36.0160214,129.4875149,마산리마을쉼터,특정계층이용시설,경상북도 포항시 남구 동해면 호미로2628번길 47,-,85,26,1,1,-,아니오,아니오,아니오
영천시,35.8625415,128.9859965,북리경로당,특정계층이용시설,경상북도 영천시 북안면 금창로 1697,-,87.04,70,2,1,-,-,-,아니오
영천시,35.874659,128.99659,명주리경로당,특정계층이용시설,경상북도 영천시 북안면 새불길  3,-,125,60,3,1,-,-,-,아니오
영천시,35.9282413,128.9908782,반정2리경로당,특정계층이용시설,경상북도 영천시 북안면 반정2길 62,-,20,20,2,1,-,-,-,아니오
영천시,35.93093,129.002692,반정3리경로당,특정계층이용시설,"경상북도 영천시 북안면 돌할매로  41-26, 반정3리경로당",-,25,25,4,1,-,-,-,아니오
영천시,35.9745007,128.9513665,17통경로당,특정계층이용시설,경상북도 영천시 미륵3길 27 (망정동),-,66,43,2,1,-,-,-,아니오
의성군,36.2315416,128.7177005,귀천3리마을쉼터,특정계층이용시설,경상북도 의성군 가음면 귀천3길 168,-,97.6,20,1,1,-,아니오,아니오,아니오
의성군,36.2235566,128.7352875,가산1리마을쉼터,특정계층이용시설,경상북도 의성군 가음면 가산1길  129,-,65,20,1,1,-,아니오,아니오,아니오
의성군,36.2292677,128.7301165,상가산(가산2리)마을쉼터,특정계층이용시설,경상북도 의성군 가음면 가산1길 45,-,77.27,20,2,1,-,아니오,아니오,아니오
의성군,36.2323854,128.7274075,면분회마을쉼터,특정계층이용시설,경상북도 의성군 가음면 산성가음로 2208-4,-,210.42,20,3,1,-,아니오,아니오,아니오
의성군,36.2050249,128.7647359,현리1리마을쉼터,특정계층이용시설,경상북도 의성군 가음면 현리안길  142,-,65,20,1,1,-,아니오,아니오,아니오
의성군,36.2245876,128.7473282,현리2리마을쉼터,특정계층이용시설,경상북도 의성군 가음면 현리낙전길 111,-,76.38,20,1,1,-,아니오,아니오,아니오
의성군,36.2111561,128.7282336,순호2리마을쉼터,특정계층이용시설,경상북도 의성군 가음면 순호마을길 63,-,95.6,20,2,1,-,아니오,아니오,아니오
포항시,35.9849086,129.5515333,병포3리마을쉼터,특정계층이용시설,경상북도 포항시 남구 구룡포읍 병포길 31-8,-,62,19,2,1,-,아니오,아니오,아니오
구미시,36.2755906,128.149813,안곡2경로당,특정계층이용시설,경상북도 구미시 무을면상무로 517-39,-,99,25,1,2,-,아니오,아니오,아니오
구미시,36.2567226,128.175207,무등1경로당,특정계층이용시설,경상북도 구미시 무을면무등1길 94-1,-,131,33,1,2,-,아니오,아니오,아니오
구미시,36.2445517,128.205471,원1경로당,특정계층이용시설,경상북도 구미시 무을면삼원로 394,-,94,24,1,2,-,아니오,아니오,아니오
영천시,35.9413999,128.9837328,송포2리경로당,특정계층이용시설,경상북도 영천시 북안면 송포길 68,-,55,55,4,1,-,-,-,아니오
칠곡군,35.984343,128.552683,동명분회경로당(남),특정계층이용시설,경상북도 칠곡군 동명면 금암중앙길 59-8,-,163.52,30,2,1,-,아니오,아니오,아니오
영천시,35.93333,128.976148,유하리경로당,특정계층이용시설,경상북도 영천시 북안면 유하큰길  76,-,55,55,3,1,-,-,-,아니오
영천시,35.9178263,128.9753804,유상1리경로당,특정계층이용시설,경상북도 영천시 북안면 유상길 249-21,-,30,30,4,1,-,-,-,아니오
영천시,35.908245,128.977457,유상2리경로당,특정계층이용시설,경상북도 영천시 북안면 유상길  373,-,30,30,3,1,-,-,-,아니오
구미시,36.2473425,128.206813,원2경로당,특정계층이용시설,경상북도 구미시 무을면삼원로 428,-,66,17,1,2,-,아니오,아니오,아니오
포항시,36.2039308,129.3703517,월포3리마을쉼터,특정계층이용시설,경상북도 포항시 북구 청하면 월포로 167-8,-,131,28,2,1,-,아니오,아니오,아니오
포항시,36.2113961,129.3807006,방어리마을쉼터,특정계층이용시설,경상북도 포항시 북구 청하면 해안로 2537,-,255,61,1,2,-,아니오,아니오,아니오
포항시,36.1799376,129.392097,청진1리마을쉼터,특정계층이용시설,경상북도 포항시 북구 청하면 해안로2000번길 17,-,107,31,1,1,-,아니오,아니오,아니오
포항시,36.1749595,129.3944111,청진2리마을쉼터,특정계층이용시설,경상북도 포항시 북구 청하면 해안로1922번길 22,-,137,26,1,2,-,아니오,아니오,아니오
포항시,36.1705341,129.3969963,청진3리마을쉼터,특정계층이용시설,경상북도 포항시 북구 청하면 해안로 1884-2,-,132,25,1,1,-,아니오,아니오,아니오
구미시,36.1055599,128.3826081,3주공경로당,특정계층이용시설,"경상북도 구미시 1공단로9길 44 (공단동, 공단3주공아파트)",-,48.6,12,3,1,-,아니오,아니오,아니오
영천시,35.8973375,129.0236628,도천2리경로당,특정계층이용시설,경상북도 영천시 북안면 연당길 65,-,26.4,30,3,1,-,-,-,아니오
구미시,36.1374155,128.3321062,도량1동경로당,특정계층이용시설,경상북도 구미시 문장로 45 (도량동),-,132,33,3,1,-,아니오,아니오,아니오
구미시,36.1342832,128.3445892,지암경로당,특정계층이용시설,경상북도 구미시 지산1길 4-14 (지산동),-,132,33,2,2,-,아니오,아니오,아니오
구미시,36.1291966,128.31586,남통e편한세상경로당,특정계층이용시설,"경상북도 구미시 선기로 77 (남통동, 남통e편한세상)",-,138.41,35,2,1,-,아니오,아니오,아니오
구미시,36.1280211,128.318154,금오산어울림2단지경로당,특정계층이용시설,경상북도 구미시 선기로3길 54,-,89.68,22,2,2,-,아니오,아니오,아니오
구미시,36.125991,128.3319309,각산할아버지경로당,특정계층이용시설,경상북도 구미시 금오산로22안길 15-17 (원평동),-,87.36,22,2,1,-,아니오,아니오,아니오
구미시,36.2452401,128.227802,백자경로당,특정계층이용시설,경상북도 구미시 무을면백자길 98,-,103,26,1,2,-,아니오,아니오,아니오
포항시,36.2402217,129.3832694,화진2리마을쉼터,특정계층이용시설,경상북도 포항시 북구 송라면 봉화길245번길 19,-,100,30,1,1,-,아니오,아니오,아니오
칠곡군,35.9975735,128.5502958,금암4리직금경로당,특정계층이용시설,경상북도 칠곡군 동명면 금암직금길 39,-,72.43,15,1,1,-,아니오,아니오,아니오
안동시,36.66042,128.7737,감애1리경로당,특정계층이용시설,경상북도 안동시 와룡면 퇴계로 1365,-,81.36,41,4,1,-,아니오,아니오,아니오
의성군,36.3939298,128.8058701,정자리,특정계층이용시설,경상북도 의성군 옥산면 신감옥산로 1218,-,79.2,20,3,1,-,아니오,아니오,아니오
안동시,36.7058405,128.925614,삼계리성황경로당,특정계층이용시설,경상북도 안동시 예안면 성황길 5,-,60.92,30,3,1,-,아니오,아니오,아니오
안동시,36.7515568,128.945498,신남리정자골경로당,특정계층이용시설,경상북도 안동시 예안면 농암로 2843,-,66.3,30,3,1,-,아니오,아니오,아니오
안동시,36.662666,128.883615,예안면분회경로당,특정계층이용시설,경상북도 안동시 예안면 농암로 1481-1,-,42.9,20,3,1,-,아니오,아니오,아니오
안동시,36.660497,128.8865107,정산1리시장경로당,특정계층이용시설,경상북도 안동시 예안면 정산길 12,-,76.9,30,3,1,-,아니오,아니오,아니오
안동시,36.5682902,128.705208,태화3택지경로당,특정계층이용시설,경상북도 안동시 말구리4길 47-7 (태화동),-,79.92,32,2,2,-,아니오,아니오,아니오
구미시,36.2152711,128.3168542,오로1경로당,특정계층이용시설,경상북도 구미시 고아읍선산대로 1111-21,-,106.2,27,5,2,-,아니오,아니오,아니오
의성군,36.2552507,128.6847308,금성면분회경로당,특정계층이용시설,경상북도 의성군 금성면 탑리3길 21,-,230.1,60,3,1,-,아니오,아니오,아니오
안동시,36.5684388,128.708049,복주경로당,특정계층이용시설,경상북도 안동시 포도6길 25 (태화동),-,54.21,22,2,2,-,아니오,아니오,아니오
안동시,36.5658746,128.7073418,길주경로당,특정계층이용시설,"경상북도 안동시 불무골1길 50-6 (태화동, 영남아파트)",-,115.7,43,5,2,-,아니오,아니오,아니오
영천시,35.9035514,129.0123653,고지1리경로당,특정계층이용시설,경상북도 영천시 북안면 운북로 1858,-,67,70,3,1,-,-,-,아니오
구미시,36.2614479,128.197763,송삼1경로당,특정계층이용시설,경상북도 구미시 무을면송삼1길 12-4,-,99,25,1,2,-,아니오,아니오,아니오
구미시,36.2594421,128.209394,송삼2경로당,특정계층이용시설,경상북도 구미시 무을면송삼2길 17-2,-,99,25,1,2,-,아니오,아니오,아니오
구미시,36.2941928,128.2763202,옥성노인회관(경로당),특정계층이용시설,경상북도 구미시 옥성면 주아1길 37,-,48,12,1,1,-,아니오,아니오,아니오
구미시,36.2961017,128.302276,초곡노인회관,특정계층이용시설,경상북도 구미시 옥성면 초곡1길 7,-,41,10,1,1,-,아니오,아니오,아니오
영천시,35.918832,129.009442,분회경로당,특정계층이용시설,경상북도 영천시 북안면 운북로  2028-3,-,259.42,30,5,1,-,-,-,아니오
영천시,35.9168183,129.0083125,임포1리경로당,특정계층이용시설,경상북도 영천시 북안면 팔암길 14,-,90.77,20,3,1,-,-,-,아니오
구미시,36.2104534,128.2679238,북산1리경로당,특정계층이용시설,경상북도 구미시 선산읍북산6길 67,-,68.43,17,2,1,-,아니오,아니오,아니오
구미시,36.2172111,128.2648927,북산2리경로당,특정계층이용시설,경상북도 구미시 선산읍 북산3길 31,-,66.6,17,3,1,-,아니오,아니오,아니오
영천시,35.8879114,129.0114748,신리리경로당,특정계층이용시설,경상북도 영천시 북안면 운북로 1671,-,82.5,50,1,1,-,-,-,아니오
포항시,36.031684,129.349193,학잠보성타운마을쉼터,특정계층이용시설,경상북도 포항시 북구 양학로 70-30 (학잠보성아파트 103동),-,302,92,1,1,-,아니오,아니오,아니오
의성군,36.2998479,128.8129753,매곡2리경로당,특정계층이용시설,경상북도 의성군 사곡면 매곡2길 69,-,66.78,30,1,2,-,아니오,아니오,아니오
영천시,35.8822135,128.8927227,대창2리경로당,특정계층이용시설,경상북도 영천시 대창면 금창로 598-1,-,98,80,3,1,-,-,-,아니오
의성군,36.29047,128.834374,공정1리경로당,특정계층이용시설,경상북도 의성군 사곡면 의성사곡로 1451,-,41.97,20,2,1,-,아니오,아니오,아니오
의성군,36.2769936,128.8431099,공정3리경로당,특정계층이용시설,경상북도 의성군 사곡면 공정길 212,-,87.8,30,1,1,-,아니오,아니오,아니오
의성군,36.2791537,128.7850723,화전2리경로당,특정계층이용시설,경상북도 의성군 사곡면 산수유1길 177,-,82.6,30,2,1,-,아니오,아니오,아니오
의성군,36.2415648,128.7367871,장1리경로당,특정계층이용시설,경상북도 의성군 가음면 장리1길 150-1,-,76.1,10,2,1,-,아니오,아니오,아니오
의성군,36.2149865,128.7650871,대동리경로당,특정계층이용시설,경상북도 의성군 가음면 현리안길 3,-,81.45,8,2,1,-,아니오,아니오,아니오
의성군,36.2299081,128.7371922,양지리경로당,특정계층이용시설,경상북도 의성군 가음면 금성현서로 571-4,-,151.42,30,3,1,-,아니오,아니오,아니오
의성군,36.2519457,128.6849454,산운2리경로당,특정계층이용시설,경상북도 의성군 금성면 탑리1길 22-1,-,261,41,2,1,-,아니오,아니오,아니오
의성군,36.2399726,128.6432773,도경1리경로당,특정계층이용시설,경상북도 의성군 금성면 도경1길 16-1,-,166.15,10,2,1,-,아니오,아니오,아니오
구미시,36.1458849,128.3038157,진줄새마을경로당,특정계층이용시설,경상북도 구미시 야은로7길 45-1 (부곡동),-,91.71,23,1,1,-,아니오,아니오,아니오
영천시,35.8625481,128.8788834,장곡경로당,특정계층이용시설,경상북도 영천시 대창면 장곡길 154,-,71,20,2,1,-,-,-,아니오
영천시,35.8964879,128.8829541,강회마음경로당,특정계층이용시설,경상북도 영천시 대창면 강회3길 70,-,71,21,2,1,-,-,-,아니오
구미시,36.2135728,128.2599561,선덕경로당,특정계층이용시설,경상북도 구미시 선산읍 김선로 573,-,98.94,25,2,1,-,아니오,아니오,아니오
구미시,36.2139984,128.2456096,습례2리경로당,특정계층이용시설,경상북도 구미시 선산읍 배다리2길  5,-,99.27,25,2,1,-,아니오,아니오,아니오
구미시,36.2178191,128.2438222,봉남1리경로당,특정계층이용시설,경상북도 구미시 선산읍 배다리4길 29,-,67,17,2,1,-,아니오,아니오,아니오
의성군,36.216616,128.8764846,금오1리경로당,특정계층이용시설,경상북도 의성군 춘산면 금오길 430-4,-,96,20,2,1,-,아니오,아니오,아니오
구미시,36.216864,128.2377868,봉남2리경로당,특정계층이용시설,경상북도 구미시 선산읍대조길 12,-,96.45,24,2,1,-,아니오,아니오,아니오
안동시,36.5474016,128.8734001,망천1리경로당,특정계층이용시설,경상북도 안동시 임동면망천우곡길 62,-,66,20,2,1,-,아니오,아니오,아니오
구미시,36.2504374,128.3022167,교리경로당,특정계층이용시설,경상북도 구미시 선산읍교리2안길 3,-,98.53,25,2,1,-,아니오,아니오,아니오
안동시,36.630224,128.7636441,태2리경로당,특정계층이용시설,경상북도 안동시 와룡면 태리보현길 7,-,66.5,48,4,1,-,아니오,아니오,아니오
구미시,36.2494063,128.3001772,군영아파트경로당,특정계층이용시설,경상북도 구미시 선산읍 동교5길 35 (선산군영아파트),-,63,16,2,1,-,아니오,아니오,아니오
구미시,36.247476,128.3015138,동우비봉아파트경로당,특정계층이용시설,경상북도 구미시 선산읍동교3길 20-5,-,55,14,2,1,-,아니오,아니오,아니오
구미시,36.2388953,128.3133763,화조경로당,특정계층이용시설,경상북도 구미시 선산읍 조남로11길 25,-,52,13,4,1,-,아니오,아니오,아니오
구미시,36.2398327,128.3079341,청룡경로당,특정계층이용시설,경상북도 구미시 선산읍 동화5길 1-14,-,94.53,24,2,1,-,아니오,아니오,아니오
영천시,35.8748939,128.9615294,직천경로당,특정계층이용시설,경상북도 영천시 대창면 정동마을길 5,-,90,35,5,1,-,-,-,아니오
청도군,35.6526127,128.7558255,원정2리(모강),특정계층이용시설,경상북도 청도군 청도읍 모강길 87,-,121.95,30,2,1,-,아니오,아니오,아니오
청도군,35.6255914,128.7656182,월곡2리,특정계층이용시설,경상북도 청도군 청도읍 박월길 59,-,97.4,24,2,1,-,아니오,아니오,아니오
안동시,36.5546884,128.8977391,망천1리오잠경로당,특정계층이용시설,경상북도 안동시 임동면오잠길 74,-,81.62,25,2,1,-,아니오,아니오,아니오
안동시,36.5575643,128.8828349,망천2리경로당,특정계층이용시설,경상북도 안동시 임동면숲당2길 22,-,80.44,24,2,1,-,아니오,아니오,아니오
안동시,36.5560185,128.96372,고천1리평지마경로당,특정계층이용시설,경상북도 안동시 임동면 고천덕강길 45-8,-,83.5,25,2,1,-,아니오,아니오,아니오
안동시,36.560536,128.9498876,고천1리경로당,특정계층이용시설,경상북도 안동시 임동면노루매기길 351,-,82.8,25,3,2,-,아니오,아니오,아니오
구미시,36.226583,128.3392735,송죽경로당,특정계층이용시설,경상북도 구미시 선산읍유학17길 3,-,83.94,21,2,1,-,아니오,아니오,아니오
구미시,36.2132033,128.3496934,원3리경로당,특정계층이용시설,경상북도 구미시 선산읍 어강길 405-3,-,52,13,2,1,-,아니오,아니오,아니오
의성군,36.2111236,128.7305054,순호1리경로당,특정계층이용시설,경상북도 의성군 가음면 순호마을길 87,-,46.03,6,1,1,-,아니오,아니오,아니오
포항시,36.0446417,129.3693845,동빈마을쉼터,특정계층이용시설,경상북도 포항시 북구 삼호로46번길 6 (동빈1가),-,69,21,2,1,-,아니오,아니오,아니오
포항시,36.053586,129.3767338,시립북부마을쉼터,특정계층이용시설,경상북도 포항시 북구 삼호로 168-14 (항구동),-,69,21,2,1,-,아니오,아니오,아니오
구미시,36.2419201,128.3270617,독동경로당,특정계층이용시설,경상북도 구미시 선산읍유학길 351,-,96.75,24,3,1,-,아니오,아니오,아니오
의성군,36.2866066,128.7697166,화전3리경로당,특정계층이용시설,경상북도 의성군 사곡면 산수유2길 8-1,-,82.8,50,2,1,-,아니오,아니오,아니오
의성군,36.3051114,128.7474516,작승리경로당,특정계층이용시설,경상북도 의성군 사곡면 작승길 54,-,115.6,50,2,1,-,아니오,아니오,아니오
의성군,36.3037648,128.7370098,토현리경로당,특정계층이용시설,경상북도 의성군 사곡면 공룡로 627,-,93.2,80,3,1,-,아니오,아니오,아니오
의성군,36.2388239,128.8153598,춘산면분회,특정계층이용시설,경상북도 의성군 춘산면 옥정1길 50-3,-,153.7,10,2,1,-,아니오,아니오,아니오
의성군,36.2353711,128.8289237,음지경로당,특정계층이용시설,경상북도 의성군 춘산면 신흥1길 43,-,78.9,15,2,1,-,아니오,아니오,아니오
의성군,36.2249468,128.8638219,금오2리경로당,특정계층이용시설,경상북도 의성군 춘산면 금오길 269-2,-,81.62,22,3,1,-,아니오,아니오,아니오
의성군,36.2433863,128.7225661,장2리경로당,특정계층이용시설,경상북도 의성군 가음면 장리2길 128,-,98.11,30,3,1,-,아니오,아니오,아니오
의성군,36.2323487,128.7085354,작은귀천2리경로당,특정계층이용시설,경상북도 의성군 가음면 귀천3길 65,-,81,6,1,1,-,아니오,아니오,아니오
의성군,36.2436112,128.8602117,신흥1리경로당,특정계층이용시설,경상북도 의성군 춘산면 금성현서로 1953-1,-,99.26,40,2,1,-,아니오,아니오,아니오
의성군,36.2525341,128.7452522,이1리경로당,특정계층이용시설,경상북도 의성군 가음면 배나무길 132,-,85.01,12,2,1,-,아니오,아니오,아니오
의성군,36.2632372,128.653461,명덕2리경로당,특정계층이용시설,경상북도 의성군 금성면명덕2길 12-5,-,337,64,3,1,-,아니오,아니오,아니오
의성군,36.2486622,128.6439291,명덕3리경로당,특정계층이용시설,경상북도 의성군 금성면 봉유대길 73,-,80.4,10,2,1,-,아니오,아니오,아니오
의성군,36.2185527,128.6814988,개일1리경로당,특정계층이용시설,경상북도 의성군 금성면 개일길 71,-,317,10,3,1,-,아니오,아니오,아니오
의성군,36.2428192,128.701018,산운1리,특정계층이용시설,경상북도 의성군 금성면산운길 23,-,137.08,26,4,1,-,아니오,아니오,아니오
의성군,36.2366259,128.6989626,청로3리경로당,특정계층이용시설,경상북도 의성군 금성면 청로3길 230,-,80.9,15,2,1,-,아니오,아니오,아니오
의성군,36.239031,128.836276,신흥3리경로당,특정계층이용시설,경상북도 의성군 춘산면신흥2길 9,-,84.9,21,2,1,-,-,아니오,-
의성군,36.2394123,128.8170469,옥정1리경로당,특정계층이용시설,경상북도 의성군 춘산면 옥정2길 25,-,69.31,20,4,1,-,아니오,아니오,아니오
의성군,36.2384345,128.8133749,옥정2리경로당,특정계층이용시설,경상북도 의성군 춘산면 옥정1길 10,-,83.05,63,2,1,-,아니오,아니오,아니오
영천시,35.9187798,129.0122741,임포2리경로당,특정계층이용시설,경상북도 영천시 북안면 임포역길 72,-,104.54,70,3,1,-,-,-,아니오
영천시,35.9221597,129.0460432,신촌리경로당,특정계층이용시설,경상북도 영천시 북안면 돈암길 309,-,93,15,3,1,-,-,-,아니오
의성군,36.256021,128.684642,금성면복지회관,특정계층이용시설,경상북도 의성군 금성면 탑리3길  29,-,168.27,80,4,1,-,아니오,아니오,아니오
구미시,36.1420932,128.3114612,봉곡경로당,특정계층이용시설,경상북도 구미시 야은로11길 23,-,164,41,4,1,-,아니오,아니오,아니오
구미시,36.1506338,128.3178341,봉곡현대아파트경로당,특정계층이용시설,"경상북도 구미시 봉곡남로 148 (봉곡동, 봉곡 현대아파트)",-,146.58,37,3,1,-,아니오,아니오,아니오
구미시,36.142321,128.314275,봉곡뜨란채1단지경로당,특정계층이용시설,경상북도 구미시 도봉로3길 10,-,90,23,3,1,-,아니오,아니오,아니오
구미시,36.1287803,128.3260371,남통경로당,특정계층이용시설,경상북도 구미시 원남로 48-1,-,44.42,11,2,1,-,아니오,아니오,아니오
구미시,36.1564323,128.3104063,영남네오빌경로당,특정계층이용시설,경상북도 구미시 봉곡로23길 6-20,-,90,23,2,1,-,아니오,아니오,아니오
구미시,36.1583532,128.3076462,세양청마루경로당,특정계층이용시설,경상북도 구미시 봉곡서로 82,-,104.97,26,2,1,-,아니오,아니오,아니오
영천시,35.9372521,129.0126067,원당리경로당,특정계층이용시설,경상북도 영천시 북안면 대원당길 88,-,19.8,20,3,1,-,-,-,아니오
구미시,36.2419975,128.2938257,장원경로당,특정계층이용시설,경상북도 구미시 선산읍 선산중앙로11길 24-12,-,99.68,25,3,1,-,아니오,아니오,아니오
구미시,36.2402517,128.2920501,우공1차경로당,특정계층이용시설,경상북도 구미시 선산읍 선상서로14길 17 (우공타운),-,47,12,2,1,-,아니오,아니오,아니오
구미시,36.1561982,128.3133495,봉곡e편한세상아파트경로당,특정계층이용시설,"경상북도 구미시 봉곡로24길 33-11 (봉곡동, 봉곡e편한세상)",-,164,24,0,5,-,아니오,아니오,아니오
상주시,36.4318682,127.9827484,말구리경로당,특정계층이용시설,경상북도 상주시 화동면 판곡2길 92-4,-,50,17,2,1,-,아니오,아니오,아니오
영천시,35.933925,128.993731,반정1리경로당,특정계층이용시설,경상북도 영천시 북안면 반정1길  34,-,60,60,4,1,-,-,-,아니오
영천시,35.9793464,128.949534,금성아파트경로당,특정계층이용시설,"경상북도 영천시  망정1길  95   (야사동, 금성아파트)",-,66,26,2,1,-,-,-,아니오
영천시,35.9742363,128.9417106,상록7길경로당,특정계층이용시설,경상북도 영천시  상록7길  20   (야사동),-,82.5,45,2,1,-,-,-,아니오
영천시,35.976598,128.9407664,청구2차경로당,특정계층이용시설,"경상북도 영천시  모란1길  18   (야사동, 청구아파트)",-,66,82,2,1,-,-,-,아니오
영천시,35.9776974,128.9443123,야사주공4차경로당,특정계층이용시설,"경상북도 영천시  충효로  147   (야사동, 야사4주공 임대아파트)",-,99,50,2,1,-,-,-,아니오
영천시,36.0307613,128.8084075,대안3리경로당,특정계층이용시설,경상북도 영천시 화산면 신정길 12,-,86,30,1,1,-,-,-,아니오
영천시,35.9776974,128.9443123,야사주공5차경로당,특정계층이용시설,"경상북도 영천시  충효로  147   (야사동, 야사4주공 임대아파트)",-,66,61,2,1,-,-,-,아니오
안동시,36.5691598,128.7036404,이편한경로당,특정계층이용시설,"경상북도 안동시 경동로 404-22 (태화동, e편한세상 안동 1단지)",-,82.47,32,2,3,-,아니오,아니오,아니오
안동시,36.58811,128.617466,노리경로당,특정계층이용시설,경상북도 안동시 풍산읍 신석현길 14,-,86.7,81,3,1,-,아니오,아니오,아니오
안동시,36.6843485,128.7009501,북후면분회경로당,특정계층이용시설,경상북도 안동시 북후면 옹천남1길 8,-,125.4,26,3,2,-,아니오,아니오,아니오
영주시,36.7551859,128.5780191,호문2리노인회관(경로당),특정계층이용시설,경상북도 영주시 장수면 옥계로195번길 56,-,76,19,1,1,-,아니오,아니오,아니오
구미시,36.1090531,128.3535478,다송경로당,특정계층이용시설,경상북도 구미시 박정희로25길 29-3 (광평동),-,165,41,2,2,-,아니오,아니오,아니오
구미시,36.1148776,128.3554521,화신경로당,특정계층이용시설,경상북도 구미시 화신로 140-1 (광평동),-,138,35,2,2,-,아니오,아니오,아니오
구미시,36.0963685,128.3572445,사곡할머니경로당,특정계층이용시설,경상북도 구미시 상사동로15길 13,-,120.11,30,2,1,-,아니오,아니오,아니오
구미시,36.0887717,128.3532143,상모할머니경로당,특정계층이용시설,경상북도 구미시 상모로2길 3,-,116.28,29,2,2,-,아니오,아니오,아니오
영천시,35.8743353,128.8968346,대창면여자경로당,특정계층이용시설,경상북도 영천시 대창면 대창시장길 19-3,-,173,80,2,1,-,-,-,아니오
영천시,35.8733942,128.8975453,대창면분회경로당,특정계층이용시설,경상북도 영천시 대창면 금창로 702-8,-,79,50,5,1,-,-,-,아니오
영천시,35.9733746,128.9494089,망정주공1차경로당,특정계층이용시설,"경상북도 영천시  동부로  40   (망정동, 영천망정1단지 2주공아파트)",-,66,51,2,1,-,-,-,아니오
영천시,35.9733746,128.9494089,망정주공2차경로당,특정계층이용시설,"경상북도 영천시  동부로  40   (망정동, 영천망정1단지 2주공아파트)",-,33,59,2,1,-,-,-,아니오
안동시,36.664986,128.732167,연곡2리경로당,특정계층이용시설,경상북도 안동시 북후면 와북로 365,-,181.64,63,5,1,-,아니오,아니오,아니오
안동시,36.685383,128.70168,옹천2리경로당,특정계층이용시설,경상북도 안동시 북후면 옹천북1길 7,-,203.04,90,3,2,-,아니오,아니오,아니오
안동시,36.6855272,128.7004673,옹천3리경로당,특정계층이용시설,경상북도 안동시 북후면 옹천남2길 8-4,-,154.13,124,4,1,-,아니오,아니오,아니오
포항시,36.0457645,129.3687583,통양포경로당,특정계층이용시설,경상북도 포항시 북구 삼호로47번길 10,-,46,22,1,1,-,아니오,아니오,아니오
포항시,36.051206,129.363303,학산주공마을쉼터,특정계층이용시설,"경상북도 포항시 북구 장미길 31 (학산동, 학산주공아파트)",-,56,17,2,1,-,아니오,아니오,아니오
영천시,35.8812551,128.8866422,신당경로당,특정계층이용시설,경상북도 영천시 대창면 신당길 61-5,-,74,50,3,1,-,-,-,아니오
경주시,35.759989,129.425999,송전2리마을회관,특정계층이용시설,경상북도 경주시 문무대왕면 명주길 268,-,180,55,2,1,-,아니오,아니오,아니오
영천시,36.0838084,128.895523,안천1리경로당,특정계층이용시설,경상북도 영천시 화남면 구전로 166,-,71.58,17,1,1,-,-,-,아니오
영천시,36.0826813,128.8948926,안천2리경로당,특정계층이용시설,경상북도 영천시 화남면 능계2길 14,-,68.1,17,1,1,-,-,-,아니오
영천시,36.021418,128.867387,당곡리경로당,특정계층이용시설,경상북도 영천시 화산면 당곡길  48-10,-,94,30,2,1,-,-,-,아니오
상주시,36.2847,128.0949,산현2리마을회관,특정계층이용시설,경상북도 상주시 공성면 옥산5길 15,-,86,22,2,1,-,아니오,아니오,아니오
구미시,36.1652479,128.3469781,문성4리청솔아파트경로당,특정계층이용시설,경상북도 구미시 고아읍 들성로11길 46-7 (청솔타운),-,81,35,3,3,-,아니오,아니오,아니오
경주시,35.805095,129.432989,와읍리마을회관,특정계층이용시설,경상북도 경주시 문무대왕면 와읍용동길 49-6,-,130,39,2,2,-,아니오,아니오,아니오
경주시,35.758577,129.418919,고천마을경로회관,특정계층이용시설,경상북도 경주시 문무대왕면 송전고천길 6,-,80,24,2,2,-,아니오,아니오,아니오
의성군,36.3533211,128.70197,청구제네스(중리2리),특정계층이용시설,경상북도 의성군 의성읍 충효로 69,-,61.2,12,1,1,-,아니오,아니오,아니오
의성군,36.470437,128.33506,덕지3리중말경로당,특정계층이용시설,경상북도 의성군 다인면 덕지3길 103,-,16.52,3,1,1,-,아니오,아니오,아니오
의성군,36.4419886,128.3280708,덕지2리경로당,특정계층이용시설,경상북도 의성군 다인면 덕지2길 77-12,-,98.04,26,2,1,-,아니오,아니오,아니오
칠곡군,35.9950339,128.4007895,왜관10리사거리경로당,특정계층이용시설,경상북도 칠곡군 왜관읍 군청1길 83,-,82.2,20,1,1,-,아니오,아니오,아니오
칠곡군,35.9859925,128.4019445,왜관11리와촌경로당,특정계층이용시설,경상북도 칠곡군 왜관읍 평장1길 18-2,-,60,20,2,1,-,아니오,아니오,아니오
칠곡군,35.9964672,128.3969038,왜관19리이원리버빌경로당,특정계층이용시설,경상북도 칠곡군 왜관읍 2번도로길 105,-,56.65,25,3,1,-,아니오,아니오,아니오
칠곡군,36.06923,128.40791,남율9리효성3단지경로당,특정계층이용시설,경상북도 칠곡군 석적읍 남율로9길 81 (칠곡남율효성해링턴플레이스3단지),-,97,30,1,1,-,아니오,아니오,아니오
포항시,36.0991783,129.3683057,남송1리마을쉼터,특정계층이용시설,경상북도 포항시 북구 흥해읍 삼흥로501번길 36-8,-,57.4,15,3,1,-,아니오,아니오,아니오
상주시,36.2949,128.1174,용안리마을회관,특정계층이용시설,경상북도 상주시 공성면 용안1길 17,-,84,24,2,1,-,아니오,아니오,아니오
경주시,35.730156,129.30378,죽동리신원마을회관,특정계층이용시설,경상북도 경주시 외동읍죽동길 297-1,-,411,125,3,1,-,아니오,아니오,아니오
경주시,35.683684,129.334375,모화1리마을회관,특정계층이용시설,경상북도 경주시 외동읍 모화북3길  7-24,-,942,285,2,1,-,아니오,아니오,아니오
칠곡군,35.932747,128.532476,낙산2리경로당,특정계층이용시설,경상북도 칠곡군 지천면 새마을1길  8,-,237.5,59,1,2,-,아니오,아니오,아니오
칠곡군,35.98212,128.55442,금암1리경로당,특정계층이용시설,경상북도 칠곡군 동명면 금암2길  7-6,-,99.37,25,1,1,-,아니오,아니오,아니오
경주시,35.857657,129.160644,야척마을회관,특정계층이용시설,"경상북도 경주시  충현로  185 , 충효야척마을회관 (충효동)",-,95.7,29,2,2,-,아니오,아니오,아니오
의성군,36.4128862,128.3403459,용무2리경로당,특정계층이용시설,경상북도 의성군 다인면 용무2길 232,-,67.25,9,2,1,-,아니오,아니오,아니오
의성군,36.4242587,128.4061968,삼분1리부녀경로당,특정계층이용시설,경상북도 의성군 다인면 삼분1길 48,-,75.09,10,2,1,-,-,아니오,-
영덕군,36.4935849,129.444114,경정2리경로당,특정계층이용시설,경상북도 영덕군 축산면 차유길 43-1,-,203.3,30,2,1,-,아니오,아니오,아니오
영덕군,36.474352,129.433567,경정3리경로당,특정계층이용시설,경상북도 영덕군 축산면 경정3길 26,-,110,30,1,1,-,아니오,아니오,아니오
영덕군,36.4973072,129.4101304,고곡1리(본동)경로당,특정계층이용시설,경상북도 영덕군 축산면 고실1길 8,-,77,30,0,1,-,아니오,아니오,아니오
경주시,35.889701,129.191614,소현2리경로당,특정계층이용시설,"경상북도 경주시 현곡면 지일길  58-26, 소현2리마을회관",-,134,41,1,1,-,아니오,아니오,아니오
포항시,36.0547872,129.3642188,우현시영마을쉼터,특정계층이용시설,"경상북도 포항시 북구 새천년대로 940 (우현동, 우현시영아파트)",-,24,7,1,1,-,아니오,아니오,아니오
상주시,36.3501,128.2281,유곡2리마을회관,특정계층이용시설,경상북도 상주시 낙동면 삼봉로 66,-,103,65,2,1,-,아니오,아니오,아니오
의성군,36.3776747,128.3828536,속암1리경로당,특정계층이용시설,경상북도 의성군 단밀면 주속길 86,-,92.93,49,2,1,-,아니오,아니오,아니오
칠곡군,35.9975279,128.5320997,송산3리중어경로당,특정계층이용시설,경상북도 칠곡군 동명면 백송로 557,-,102.4,25,2,1,-,아니오,아니오,아니오
상주시,36.3934354,128.3004078,행복마을회관,특정계층이용시설,경상북도 상주시 낙동면 물량2길 192-21,-,87,50,3,1,-,아니오,아니오,아니오
청도군,35.655677,128.7302372,송북리,특정계층이용시설,경상북도 청도군 화양읍 송북2길 3,-,98.28,24,2,2,-,아니오,아니오,아니오
상주시,36.412,127.8808,중눌1리마을회관,특정계층이용시설,경상북도 상주시 화남면 천택로 108,-,66,20,2,1,-,아니오,아니오,아니오
상주시,36.5691,128.1786,함창읍분회경로당(2층),특정계층이용시설,경상북도 상주시 함창읍 함창중앙로 130,-,495,150,4,2,-,아니오,아니오,예
상주시,36.5137,128.1481,부곡1리경로당,특정계층이용시설,경상북도 상주시 공검면 비재로 1205,-,108,20,2,1,-,아니오,아니오,아니오
고령군,35.756231,128.280729,옥산경로당,특정계층이용시설,경상북도 고령군 대가야읍안옥산길 54,-,239,72,1,1,-,아니오,아니오,아니오
고령군,35.7542,128.283353,외옥산경로당,특정계층이용시설,경상북도 고령군 대가야읍외옥산길 43-16,-,47.2,14,1,1,-,아니오,아니오,아니오
고령군,35.74893,128.243323,중화2리경로당,특정계층이용시설,경상북도 고령군 대가야읍 중화2길 46 (중화2리마을회관),-,166.8,50,1,1,-,아니오,아니오,아니오
청도군,35.6962382,128.6873728,덕신,특정계층이용시설,경상북도 청도군 이서면 이서로 597,-,123,30,2,1,-,아니오,아니오,아니오
청도군,35.6663357,128.6658615,학산2리웰그린,특정계층이용시설,경상북도 청도군 이서면 학산3길 40 (청도 웰그린),-,100,25,2,1,-,아니오,아니오,아니오
포항시,36.0651422,129.3745208,창포4차아이파크경로당,특정계층이용시설,"경상북도 포항시 북구 대곡로 22 (두호동, 창포4차아이파크)",-,100,30,1,1,-,아니오,아니오,아니오
청도군,35.701912,128.701283,칠곡1리,특정계층이용시설,경상북도 청도군 이서면 칠곡길 162-1,-,49,12,1,1,-,아니오,아니오,아니오
청도군,35.6956065,128.6909777,칠곡2리,특정계층이용시설,경상북도 청도군 이서면 칠곡길 38-2,-,105,26,3,1,-,아니오,아니오,아니오
청도군,35.7230352,128.6988527,대곡1리(상대곡),특정계층이용시설,경상북도 청도군 이서면 대곡길 315,-,88,22,2,1,-,아니오,아니오,아니오
의성군,36.3496737,128.8534364,구성2리,특정계층이용시설,경상북도 의성군 옥산면 금봉로 753,-,99.2,15,2,1,-,아니오,아니오,아니오
의성군,36.3154855,128.8352942,오류류동경로당,특정계층이용시설,경상북도 의성군 옥산면오류1길 346,-,66,15,2,1,-,아니오,아니오,아니오
의성군,36.3852952,128.4027502,이연3리경로당1,특정계층이용시설,경상북도 의성군 단북면 이연길 82-19,-,58.4,12,2,1,-,아니오,아니오,아니오
의성군,36.3848634,128.4199217,노연2리마을회관,특정계층이용시설,경상북도 의성군 단북면 노정길 69-12,-,75.2,70,2,1,-,-,아니오,-
경주시,35.904475,129.138396,남사1리경로당,특정계층이용시설,"경상북도 경주시 현곡면 남사1길  2 , 남사1리복지회관",-,93,28,1,1,-,아니오,아니오,아니오
청도군,35.7032737,128.6923483,대곡2리(가곡),특정계층이용시설,경상북도 청도군 이서면 가곡길 32,-,81,20,2,1,-,아니오,아니오,아니오
청도군,35.664028,128.7887093,부야1리(가마실),특정계층이용시설,경상북도 청도군 청도읍 가마실길 26,-,119.73,29,2,1,-,아니오,아니오,아니오
청도군,35.6711557,128.7882534,부야1리(소야),특정계층이용시설,경상북도 청도군 청도읍 부야4길 75,-,66.73,16,2,1,-,아니오,아니오,아니오
청도군,35.6612233,128.7736112,부야2리(연곡),특정계층이용시설,경상북도 청도군 청도읍 청려로 2384,-,57.84,14,2,1,-,아니오,아니오,아니오
영주시,36.80985,128.6305698,주공아파트노인회관,특정계층이용시설,"경상북도 영주시 구성로188번길 27 (휴천동, 휴천주공아파트)",-,64.5,60,2,1,-,아니오,아니오,아니오
청도군,35.6563744,128.7675977,원정1리(통안),특정계층이용시설,경상북도 청도군 청도읍 통안길 11,-,66,9,2,1,-,아니오,아니오,아니오
의성군,36.3301141,128.4801587,옥연2리마을회관,특정계층이용시설,경상북도 의성군 비안면 옥연길 141,-,102.51,20,2,1,-,-,아니오,-
영천시,35.9608721,128.9305016,"금노5,6경로당",특정계층이용시설,경상북도 영천시 담안4길 42-10 (금노동),-,67.64,25,1,1,-,-,-,아니오
영천시,35.962257,128.927824,금노4경로당,특정계층이용시설,경상북도 영천시  담안1길  29   (금노동),-,159,50,2,1,-,-,-,아니오
영천시,35.9568187,128.9325643,금노8경로당,특정계층이용시설,경상북도 영천시 천문로 208-13 (금노동),-,74.9,30,5,1,-,-,-,아니오
경주시,35.738458,129.281817,북토리마을회관,특정계층이용시설,경상북도 경주시 외동읍 방어북토길  245-4,-,347,105,2,1,-,아니오,아니오,아니오
경주시,35.699671,129.327979,구어2리마을회관,특정계층이용시설,경상북도 경주시 외동읍 송계길  25-6,-,1586,481,1,1,-,아니오,아니오,아니오
경주시,35.661254,129.283542,녹동리마을회관,특정계층이용시설,경상북도 경주시 외동읍 녹동원길  46-11,-,245,74,2,1,-,아니오,아니오,아니오
경주시,35.7298158,129.2896441,냉천리마을회관,특정계층이용시설,경상북도 경주시 외동읍 냉천지초길 97,-,314,95,1,2,-,아니오,아니오,아니오
경주시,35.765126,129.430569,두산노인회관,특정계층이용시설,경상북도 경주시 문무대왕면 명주길 196,-,126,38,1,1,-,아니오,아니오,아니오
청도군,35.703705,128.6947489,대곡3리(송정),특정계층이용시설,경상북도 청도군 이서면 송정길 11,-,73,18,1,1,-,아니오,아니오,아니오
청도군,35.7166547,128.6977959,대곡4리(중리),특정계층이용시설,경상북도 청도군 이서면 중리길 25-16,-,121,30,3,1,-,아니오,아니오,아니오
청도군,35.7083811,128.6826146,팔조리,특정계층이용시설,경상북도 청도군 이서면 팔조길 137-1,-,77,19,1,1,-,아니오,아니오,아니오
경주시,35.926872,129.289029,화산1리경로당,특정계층이용시설,"경상북도 경주시 천북면 화산안길  11-9, 화산1리회관",-,105,32,1,1,-,아니오,예,아니오
경주시,35.89714,129.272896,동산1리할머니경로당,특정계층이용시설,"경상북도 경주시 천북면 동산7길  24 , 동산1리회관,구판장,경로당",-,84,25,1,1,-,아니오,예,아니오
청도군,35.6365506,128.6507767,신당2리,특정계층이용시설,경상북도 청도군 각남면 이실길 42,-,115,28,2,1,-,아니오,아니오,아니오
칠곡군,35.98841,128.554653,금암3리경로당,특정계층이용시설,경상북도 칠곡군 동명면 금암동석2길  19-1,-,96,24,1,2,-,아니오,아니오,아니오
칠곡군,36.00455,128.551239,금암4리경로당,특정계층이용시설,"경상북도 칠곡군 동명면 경북대로  491 , 금암4리회관",-,104.36,26,4,2,-,아니오,아니오,아니오
청도군,35.6294437,128.6372289,녹명1리,특정계층이용시설,경상북도 청도군 각남면 녹명길 33,-,89,22,2,1,-,아니오,아니오,아니오
경주시,35.900615,129.285956,성지1리경로당,특정계층이용시설,"경상북도 경주시 천북면 돌트미길  3 , 성지1리노인정",-,100.8,31,1,1,-,아니오,예,아니오
경주시,35.922553,129.276582,화산3리경로당,특정계층이용시설,"경상북도 경주시 천북면 나리길  20 , 화산3리마을회관",-,82.08,25,1,1,-,-,예,아니오
의성군,36.3443765,128.7985691,댓골(실업1리),특정계층이용시설,경상북도 의성군 옥산면 실업2길 21-4,-,63.84,10,1,1,-,아니오,아니오,아니오
의성군,36.3209884,128.8474041,오류경로당,특정계층이용시설,경상북도 의성군 옥산면 오류2길 40,-,177.7,13,3,1,-,아니오,아니오,아니오
영주시,36.797251,128.631416,조암경로당,특정계층이용시설,경상북도 영주시 구성로 40,-,72.6,50,3,1,-,아니오,아니오,아니오
칠곡군,35.985526,128.546859,송산1리경로당,특정계층이용시설,"경상북도 칠곡군 동명면 송산6길  15 , 송산1리경로당",-,124.53,31,7,1,-,아니오,아니오,아니오
칠곡군,35.993967,128.541727,송산2리경로당,특정계층이용시설,경상북도 칠곡군 동명면 송산5길  46-2,-,91.4,23,3,1,-,아니오,아니오,아니오
칠곡군,36.008711,128.513396,송산3리경로당,특정계층이용시설,"경상북도 칠곡군 동명면 송산1길  57 , 송산3리회관",-,63,33,2,1,-,아니오,아니오,아니오
영천시,36.0687722,128.8923097,삼창3리경로당,특정계층이용시설,경상북도 영천시 화남면 한천길 52-9,-,99.78,24,1,1,-,-,-,아니오
영천시,36.063573,128.8698408,귀호1리경로당,특정계층이용시설,경상북도 영천시 화남면 귀호1길 131,-,78.88,19,1,1,-,-,-,아니오
봉화군,36.9031573,128.7457725,유곡1리경로당,특정계층이용시설,경상북도 봉화군 봉화읍 충재길 6-1,-,41,10,1,1,-,아니오,아니오,아니오
봉화군,36.9119078,128.7746854,수양노인회,특정계층이용시설,경상북도 봉화군 봉화읍 송생이길 39-3,-,58,15,2,1,-,아니오,아니오,아니오
성주군,35.870136,128.306873,금은계경로당,특정계층이용시설,"경상북도 성주군 선남면 명포1길  93 , 명포1리 새마을회관",-,78,30,1,1,-,아니오,아니오,아니오
성주군,35.876198,128.315402,명포1리경로당,특정계층이용시설,"경상북도 성주군 선남면 본성로  501 , 명포경로당",-,88,30,1,1,-,아니오,아니오,아니오
성주군,35.883877,128.322222,명포2리경로당,특정계층이용시설,"경상북도 성주군 선남면 명포2길  34 , 명포2리마을회관",-,264,80,1,1,-,아니오,아니오,아니오
성주군,35.886021,128.302105,장학리경로당,특정계층이용시설,경상북도 성주군 선남면 장학1길  86,-,67,30,1,1,-,아니오,아니오,아니오
의성군,36.3751674,128.5801837,박곡2리경로당,특정계층이용시설,경상북도 의성군 안평면 기도길 6,-,81,24,2,1,-,아니오,아니오,아니오
칠곡군,36.0565066,128.3089406,숭오1리(태평)경로당,특정계층이용시설,경상북도 칠곡군 북삼읍 태평2길 20,-,155,47,4,2,-,아니오,아니오,아니오
의성군,36.3045278,128.6923429,비봉2리경로당,특정계층이용시설,경상북도 의성군 의성읍 비봉길 473,-,7040,20,2,2,-,아니오,아니오,아니오
의성군,36.3513738,128.410487,용사1리경로당,특정계층이용시설,경상북도 의성군 구천면 용사1길 35,-,113.85,17,3,1,-,아니오,아니오,아니오
의성군,36.3558411,128.4125108,용사3리경로당,특정계층이용시설,경상북도 의성군 구천면 용사3길 108,-,96,27,3,1,-,-,아니오,-
칠곡군,36.0687,128.3487,인평4리경로당,특정계층이용시설,경상북도 칠곡군 북삼읍금오대로6길 9-6 (인평 창신 아파트),-,105,32,1,1,-,아니오,아니오,아니오
칠곡군,36.0220304,128.408386,중지리경로당,특정계층이용시설,경상북도 칠곡군 석적읍 중지1길 30,-,94.56,28,4,1,-,아니오,아니오,아니오
칠곡군,36.0498158,128.4667057,도개2리(매남)노인회,특정계층이용시설,경상북도 칠곡군 석적읍 도개4길 11-6,-,63,19,2,1,-,아니오,아니오,아니오
경주시,35.872043,129.207221,새한세시빌경로당,특정계층이용시설,경상북도 경주시 현곡면 안현로 68-7 (새한센시빌아파트 101동),-,69,21,1,1,-,아니오,아니오,아니오
경주시,35.871542,129.20319,금장주공경로당,특정계층이용시설,"경상북도 경주시 현곡면 안현로  43-4, 주공아파트 상가동",-,75,23,1,1,-,-,아니오,아니오
경주시,35.907836,129.133747,남사2리경로당,특정계층이용시설,경상북도 경주시 현곡면 종동길  17-4,-,79,24,1,1,-,-,아니오,아니오
포항시,36.0358905,129.3576291,탑산마을쉼터,특정계층이용시설,경상북도 포항시 북구 탑산길10번길 5-2 (용흥동),-,75,23,1,1,-,아니오,아니오,아니오
포항시,36.0397428,129.3549302,한라7차아파트마을쉼터,특정계층이용시설,"경상북도 포항시 북구 새마을로 50 (용흥동, 한라파크맨션)",-,36,11,1,1,-,아니오,아니오,아니오
포항시,36.04735,129.353592,성봉우미타운마을쉼터,특정계층이용시설,"경상북도 포항시 북구 용흥로 322 (용흥동, 성봉우미타운)",-,59,18,1,1,-,아니오,아니오,아니오
의성군,36.4848335,128.4630972,청운2리(막시터)경로당,특정계층이용시설,경상북도 의성군 신평면 청운리 920,-,33,6,1,1,-,아니오,아니오,아니오
의성군,36.389564,128.690621,우두(업1리),특정계층이용시설,경상북도 의성군 의성읍 업동길 137,-,46.35,9,1,1,-,아니오,아니오,아니오
칠곡군,35.985931,128.3796044,죽전3리(월드피아)경로당,특정계층이용시설,경상북도 칠곡군 기산면 지산로 961,-,107,20,1,1,-,아니오,아니오,아니오
청도군,35.6455662,128.635008,가금1리,특정계층이용시설,경상북도 청도군 이서면 가금1길 92,-,100,25,3,1,-,아니오,아니오,아니오
구미시,36.1063766,128.3352893,형곡2동경로당,특정계층이용시설,경상북도 구미시 형곡동로5길 6-26,-,168.03,42,4,2,-,아니오,아니오,아니오
구미시,36.1230257,128.3653941,할아버지경로당,특정계층이용시설,경상북도 구미시 신비로7길 9,-,30.8,8,1,1,-,아니오,아니오,아니오
구미시,36.2493312,128.2647571,무실경로당,특정계층이용시설,경상북도 구미시 선산읍선산봉곡4길 27,-,87,22,2,1,-,아니오,아니오,아니오
구미시,36.2358236,128.2427111,포상2리경로당,특정계층이용시설,경상북도 구미시 선산읍포상1길 8,-,97,24,3,1,-,아니오,아니오,아니오
상주시,36.5702526,127.90799,장암1리마을회관,특정계층이용시설,경상북도 상주시 화북면문장대2길 26,-,105,32,1,1,-,아니오,아니오,아니오
상주시,36.5967239,127.840767,중벌2리마을회관,특정계층이용시설,경상북도 상주시 화북면용화로 154,-,192,58,1,1,-,아니오,아니오,아니오
상주시,36.5604189,127.921268,용유1리마을회관,특정계층이용시설,경상북도 상주시 화북면문장로 1696-12,-,139,45,1,1,-,아니오,아니오,아니오
고령군,35.752055,128.230094,저전리경로당,특정계층이용시설,경상북도 고령군 대가야읍 저전1길 13-13,-,96,29,1,1,-,아니오,아니오,아니오
포항시,36.064165,129.3646197,두호2차주공아파트경로당,특정계층이용시설,"경상북도 포항시 북구 창흥로 67 (창포동, 두호주공2차아파트)",-,100,30,1,1,-,아니오,아니오,아니오
구미시,36.2329484,128.2393536,오목경로당,특정계층이용시설,경상북도 구미시 선산읍소재길 38,-,97.6,24,4,1,-,아니오,아니오,아니오
구미시,36.2294473,128.2625645,내고1리경로당,특정계층이용시설,경상북도 구미시 선산읍 내고5안길 21,-,98.4,25,2,1,-,아니오,아니오,아니오
청도군,35.6105989,128.7597334,원리,특정계층이용시설,경상북도 청도군 청도읍 원동길 78,-,99.4,24,2,2,-,아니오,아니오,아니오
청도군,35.6145675,128.7687886,거연리,특정계층이용시설,경상북도 청도군 청도읍 금호길 32-10,-,81.7,20,2,1,-,아니오,아니오,아니오
영주시,36.819194,128.622887,삼각지노인회관,특정계층이용시설,경상북도 영주시 원당로58번길 32,-,53.3,50,3,1,-,아니오,아니오,아니오
고령군,35.756111,128.221784,내상경로당,특정계층이용시설,경상북도 고령군 대가야읍 내상길 192,-,102.7,31,1,1,-,아니오,아니오,아니오
고령군,35.746648,128.219452,신리경로당,특정계층이용시설,경상북도 고령군 대가야읍신리1길 85,-,97.5,29,1,1,-,아니오,아니오,아니오
고령군,35.700679,128.278333,일량경로당,특정계층이용시설,경상북도 고령군 대가야읍일량본길 76,-,119,36,1,1,-,아니오,아니오,아니오
예천군,36.5693521,128.4443823,한기경로당,특정계층이용시설,경상북도 예천군 호명읍 한어길 264-6,-,30,7,1,1,-,아니오,아니오,아니오
안동시,36.5589239,128.70679,어가골경로당,특정계층이용시설,경상북도 안동시 어가골아랫길 1-3 (태화동),-,59.17,25,3,2,-,아니오,아니오,아니오
의성군,36.3780807,128.5913578,박곡1리경로당,특정계층이용시설,경상북도 의성군 안평면 안평의성로 105,-,79.38,31,2,1,-,아니오,아니오,아니오
경주시,35.779368,129.324956,중리경로당,특정계층이용시설,"경상북도 경주시  석길  54-1, 중리경로당 (진현동)",-,94,28,3,3,-,아니오,아니오,아니오
경주시,35.7869707,129.2610061,수북경로당,특정계층이용시설,경상북도 경주시 수북2길 28 (평동),-,79,24,6,3,-,아니오,아니오,아니오
경주시,35.774314,129.265361,사리경로당,특정계층이용시설,"경상북도 경주시  사리길  55 , 사리마을회관 (평동)",-,95,29,3,1,-,아니오,아니오,아니오
봉화군,36.906097,128.728461,신흥리경로당,특정계층이용시설,"경상북도 봉화군 봉화읍 신흥길  13 , 신흥리 경로당",-,43,11,2,1,-,아니오,아니오,아니오
청도군,35.6469263,128.7443456,고수4리,특정계층이용시설,경상북도 청도군 청도읍 청도신기길 44-6,-,153.27,38,2,1,-,아니오,아니오,아니오
청도군,35.6447401,128.7429428,청도(군지회),특정계층이용시설,경상북도 청도군 청도읍 고수동2길 44,-,264.6,18,2,1,-,아니오,아니오,아니오
청도군,35.6523163,128.7648565,원정1리(원당),특정계층이용시설,경상북도 청도군 청도읍 원당길 3,-,73.17,16,2,2,-,아니오,아니오,아니오
청도군,35.6481948,128.7566489,원정2리,특정계층이용시설,경상북도 청도군 청도읍 원정1길 3-8,-,62,18,2,1,-,아니오,아니오,아니오
칠곡군,35.9850623,128.5712975,구덕리양지경로당,특정계층이용시설,경상북도 칠곡군 동명면 구남로 55-4,-,65,18,2,1,-,아니오,아니오,아니오
청도군,35.6421767,128.7417707,고수6리,특정계층이용시설,경상북도 청도군 청도읍 고수서4길 19,-,72.33,18,2,2,-,아니오,아니오,아니오
청도군,35.641416,128.7443563,고수6리할머니,특정계층이용시설,경상북도 청도군 청도읍 고수구길 114-7,-,225.6,56,2,2,-,아니오,아니오,아니오
청도군,35.6411108,128.7422508,성조아파트,특정계층이용시설,경상북도 청도군 청도읍 고수뒷길 74-16 (성조타운),-,95.9,23,2,1,-,아니오,아니오,아니오
경주시,35.9709494,129.249942,호명리경로당,특정계층이용시설,경상북도 경주시 강동면 호명안길 21,-,108.5,33,1,1,-,아니오,아니오,아니오
경주시,35.965278,129.291992,왕신1리경로당,특정계층이용시설,"경상북도 경주시 강동면 천강로  928 , 왕신1리마을회관",-,102.6,31,1,1,-,아니오,아니오,아니오
경주시,36.001108,129.290658,유금1리경로당,특정계층이용시설,경상북도 경주시 강동면 유금강정길  54,-,81.9,25,1,1,-,아니오,아니오,아니오
예천군,36.577215,128.4732235,복합커뮤니티센터,특정계층이용시설,경상북도 예천군 호명읍 봉호로 4040,-,104.12,26,1,3,-,아니오,아니오,아니오
상주시,36.299,128.0795,금계2리마을회관,특정계층이용시설,경상북도 상주시 공성면 금계2길 25-23,-,100,35,2,1,-,아니오,아니오,아니오
청도군,35.6680789,128.8756424,당호리영화경로당,특정계층이용시설,경상북도 청도군 매전면 당호1길 80,-,70,16,2,1,-,아니오,아니오,아니오
영천시,36.0407169,128.9083949,대천2리경로당,특정계층이용시설,경상북도 영천시 화남면 대천2길 7,-,168.21,42,1,1,-,-,-,아니오
상주시,36.2823,128.0697,장동1리마을회관,특정계층이용시설,경상북도 상주시 공성면 장동1길 6,-,93,25,2,1,-,아니오,아니오,아니오
의성군,36.4235875,128.7664953,서변1리,특정계층이용시설,경상북도 의성군 점곡면 서변길 26,-,96.6,20,3,1,-,아니오,아니오,아니오
의성군,36.3957736,128.7541491,명고2리,특정계층이용시설,경상북도 의성군 점곡면 명고3길 28-1,-,70.4,16,3,2,-,아니오,아니오,아니오
의성군,36.3499697,128.7534705,황룡1리,특정계층이용시설,경상북도 의성군 점곡면 황룡길 196,-,68.7,20,3,2,-,아니오,아니오,아니오
상주시,36.3085,128.0938,초오1리마을회관,특정계층이용시설,경상북도 상주시 공성면 상초길 15,-,92,30,2,1,-,아니오,아니오,아니오
성주군,35.883215,128.284562,중거리경로당,특정계층이용시설,"경상북도 성주군 용암면 중거2길  39 , 중거리마을회관",-,92.5,23,2,1,-,아니오,아니오,아니오
영천시,36.06802,129.075686,신방1리(골안)경로당,특정계층이용시설,"경상북도 영천시 자양면 신방로  660 , 신방리복지회관",-,133.4,33,2,1,-,-,-,아니오
영천시,36.0689587,129.0815932,신방2리(부전)경노당,특정계층이용시설,경상북도 영천시 자양면 상신길 65-4,-,95,24,2,1,-,-,-,아니오
영천시,36.0648761,128.8909766,삼창1리경로당,특정계층이용시설,경상북도 영천시 화남면 현고길 43,-,122.32,30,1,1,-,-,-,아니오
의성군,36.3503131,128.7102494,우성아파트(상리1리),특정계층이용시설,경상북도 의성군 의성읍 의성사곡로 10 (우성아파트),-,45,23,2,1,-,아니오,아니오,아니오
칠곡군,36.0450761,128.3697402,교1리(명원)경로당,특정계층이용시설,경상북도 칠곡군 약목면 시덕로 126,-,113.8,20,1,1,-,아니오,아니오,아니오
의성군,36.3500301,128.7088466,휴먼시아(상리1리),특정계층이용시설,경상북도 의성군 의성읍 동서1길 114 (상리휴먼시아),-,87.25,23,2,1,-,아니오,아니오,아니오
영천시,36.029899,128.81604,대안2리경로당,특정계층이용시설,"경상북도 영천시 화산면 대안2길  81-25, 대안2리경로당",-,71,30,1,1,-,-,-,아니오
영천시,36.057161,128.839764,당지1리경로당,특정계층이용시설,"경상북도 영천시 화산면 섭재골길  24 , 당지1리마을회관",-,99,30,1,1,-,-,-,아니오
영천시,36.072881,128.836878,당지2리경로당,특정계층이용시설,"경상북도 영천시 화산면 산성길  10 , 경로당",-,86,30,1,1,-,-,-,아니오
영천시,36.0485069,128.8786331,귀호2리경로당,특정계층이용시설,경상북도 영천시 화남면 귀호2길 71-3,-,78.88,19,1,1,-,-,-,아니오
문경시,36.6041165,128.201099,우방경로당,특정계층이용시설,경상북도 문경시 흥덕4길 29 (흥덕동),-,66,32,1,1,-,-,아니오,-
문경시,36.6422195,128.191678,송연경로당,특정계층이용시설,경상북도 문경시 창동 장평길  402   (창동),-,97,30,2,1,-,아니오,아니오,아니오
울릉군,37.520419,130.870861,나리경로당,특정계층이용시설,경상북도 울릉군 북면 나리길 553,-,97.49,9,2,1,-,-,아니오,-
울릉군,37.538326,130.881571,천부2리경로당,특정계층이용시설,경상북도 울릉군 북면 천부3길 266-5,-,49.5,23,1,1,-,-,아니오,-
의성군,36.4319135,128.6675701,동내개골회관,특정계층이용시설,경상북도 의성군 단촌면 동내개골길 105-12,-,101.5,10,2,1,-,아니오,아니오,아니오
의성군,36.3475933,128.6022931,신안2리경로당,특정계층이용시설,경상북도 의성군 안평면 신안길 127,-,100.01,29,2,1,-,아니오,아니오,아니오
영천시,35.960231,128.952888,2통경로당,특정계층이용시설,경상북도 영천시  안완산길  81   (완산동),-,39,15,3,1,-,-,-,아니오
영천시,35.965332,128.936818,완산청구하이츠경로당,특정계층이용시설,경상북도 영천시  강남길  33   (완산동),-,50,15,2,2,-,-,-,아니오
영천시,35.966909,128.940351,완산궁전경로당,특정계층이용시설,경상북도 영천시  완산6길  29   (완산동),-,80,20,2,1,-,-,-,아니오
청도군,35.6422029,128.7482455,보훈,특정계층이용시설,경상북도 청도군 청도읍 고수동5길 21,-,109.26,27,2,1,-,아니오,아니오,아니오
청도군,35.6607352,128.7080124,합천2리(밤밭),특정계층이용시설,경상북도 청도군 화양읍 합천1길 19,-,71,17,2,1,-,아니오,아니오,아니오
의성군,36.3437564,128.40341,소호3리경로당,특정계층이용시설,경상북도 의성군 구천면 소호3길 50,-,105.38,14,2,1,-,-,아니오,-
의성군,36.3399928,128.4128514,소호2리경로당,특정계층이용시설,경상북도 의성군 구천면 소호2길 96-2,-,85.38,11,1,1,-,-,아니오,-
의성군,36.3282191,128.7186071,치선1리경로당,특정계층이용시설,경상북도 의성군 의성읍 자치길 22-4,-,84.8,67,3,1,-,아니오,아니오,아니오
의성군,36.3327546,128.7341827,치선2리경로당,특정계층이용시설,경상북도 의성군 의성읍 선암길 36,-,107.01,80,3,1,-,아니오,아니오,아니오
청도군,35.6766487,128.734628,진라2리,특정계층이용시설,경상북도 청도군 화양읍 진라2길 48,-,115,28,2,1,-,아니오,아니오,아니오
의성군,36.347687,128.627199,신안3리경로당,특정계층이용시설,경상북도 의성군 안평면 월안길  23,-,67.25,23,2,1,-,아니오,아니오,아니오
의성군,36.3340057,128.5860389,대사1리경로당,특정계층이용시설,경상북도 의성군 안평면 원대사길 4,-,107.1,23,2,1,-,아니오,아니오,아니오
청도군,35.6789952,128.713755,유등2리(오부실),특정계층이용시설,경상북도 청도군 화양읍 오부실1길 26,-,36.58,9,2,1,-,아니오,아니오,아니오
의성군,36.3543679,128.6984691,중리2리,특정계층이용시설,경상북도 의성군 의성읍 문소2길 85,-,143,27,1,1,-,아니오,아니오,아니오
의성군,36.3513717,128.7049332,상리1리경로당,특정계층이용시설,경상북도 의성군 의성읍 상리길 40,-,139.84,47,1,1,-,아니오,아니오,아니오
영천시,35.9252809,128.9522758,본촌경로당,특정계층이용시설,경상북도 영천시 예실큰길 4-15 (본촌동),-,23.6,30,2,1,-,-,-,아니오
영천시,35.913145,128.956655,채신경로당,특정계층이용시설,경상북도 영천시  영천산단로  485   (채신동),-,99.81,80,2,1,-,-,-,아니오
의성군,36.383721,128.3668553,서제2경로당,특정계층이용시설,경상북도 의성군 단밀면서제2길 1,-,75,30,5,1,-,아니오,아니오,아니오
영덕군,36.6205992,129.4107665,백석1리경로당,특정계층이용시설,경상북도 영덕군 병곡면 백석길 10,-,123.06,33,2,2,-,아니오,아니오,아니오
영덕군,36.6044805,129.4019586,영1리경로당,특정계층이용시설,경상북도 영덕군 병곡면 칠보산길 78,-,100.8,25,2,2,-,아니오,아니오,아니오
영덕군,36.6011531,129.3882231,영3리경로당,특정계층이용시설,경상북도 영덕군 병곡면 영3길 165,-,97.32,25,2,2,-,아니오,아니오,아니오
영덕군,36.5837274,129.3841394,아곡리경로당,특정계층이용시설,경상북도 영덕군 병곡면 아실길 217-28,-,144.54,30,3,2,-,아니오,아니오,아니오
영덕군,36.5780629,129.3814292,이천리경로당,특정계층이용시설,경상북도 영덕군 병곡면 이천길 108-16,-,82,18,2,2,-,아니오,아니오,아니오
의성군,36.4187442,128.5682505,삼춘1리경로당,특정계층이용시설,경상북도 의성군 안평면 삼춘1길 25-4,-,91.6,19,2,1,-,아니오,아니오,아니오
의성군,36.3866599,128.4040779,단북면분회(이연2리회),특정계층이용시설,경상북도 의성군 단북면 이연길 9,-,98.79,21,6,1,-,-,아니오,-
의성군,36.3859754,128.4033617,이연3리마을회관2,특정계층이용시설,경상북도 의성군 단북면 이연길 22,-,46,64,3,1,-,-,아니오,-
의성군,36.3786832,128.407369,이연4리마을회관,특정계층이용시설,경상북도 의성군 단북면 묵계길 19,-,84.37,50,4,1,-,-,아니오,-
영천시,35.9028105,128.9599577,괴연경로당,특정계층이용시설,경상북도 영천시 신성일로 474 (괴연동),-,40.5,70,2,1,-,-,-,아니오
영천시,35.9417539,128.9515409,작산11통경로당,특정계층이용시설,경상북도 영천시 한방로 223-4 (작산동),-,39.12,25,2,1,-,-,-,아니오
의성군,36.3374886,128.4691051,용천2리마을회관,특정계층이용시설,경상북도 의성군 비안면 용천길  211-2,-,90.58,20,2,1,-,아니오,아니오,아니오
의성군,36.3433157,128.4660155,용남1리마을회관,특정계층이용시설,경상북도 의성군 비안면 용남길 46-9,-,40.32,20,2,1,-,아니오,아니오,아니오
영덕군,36.5572559,129.4037324,송천2리경로당,특정계층이용시설,경상북도 영덕군 병곡면 송천1길 30-10,-,95.06,28,2,2,-,아니오,아니오,아니오
청도군,35.6549055,128.6954623,서상2리,특정계층이용시설,경상북도 청도군 화양읍 비석길 27,-,99,24,2,1,-,아니오,아니오,아니오
청도군,35.6436502,128.701736,신봉리(여),특정계층이용시설,경상북도 청도군 화양읍 신봉새터길 25,-,69,17,2,1,-,아니오,아니오,아니오
안동시,36.5656993,128.714355,서부시장경로당,특정계층이용시설,경상북도 안동시 대안로 15-3 (태화동),-,58.42,25,2,3,-,아니오,아니오,아니오
안동시,36.5878,128.5618,매곡1리경로당,특정계층이용시설,경상북도 안동시 풍산읍새터1길 7,-,145.09,95,2,1,-,아니오,아니오,아니오
의성군,36.3470878,128.7013015,도동2리,특정계층이용시설,경상북도 의성군 의성읍 동산2길 60,-,87.59,140,4,1,-,아니오,아니오,아니오
의성군,36.410229,128.498611,중하3리마을회관,특정계층이용시설,경상북도 의성군 안사면 중하길  453-9,-,77.76,20,2,3,-,아니오,아니오,아니오
청도군,35.6469677,128.7443349,고수4리(여),특정계층이용시설,경상북도 청도군 청도읍 청도신기길 44-6,-,153.27,38,2,1,-,아니오,아니오,아니오
의성군,36.3540395,128.457706,산구마을쉼터,특정계층이용시설,경상북도 의성군 구천면 위성1길 21,-,50,20,2,1,-,아니오,아니오,아니오
의성군,36.3263153,128.4409073,선창마을쉼터,특정계층이용시설,경상북도 의성군 구천면 모흥3길 3-1,-,130.2,20,2,1,-,-,아니오,-
청도군,35.7135275,128.8851294,사전1리,특정계층이용시설,경상북도 청도군 금천면 사전1길 5-4,-,87,21,1,1,-,아니오,아니오,아니오
청도군,35.7363955,128.8655144,김전1리,특정계층이용시설,경상북도 청도군 금천면 김전3길 9-2,-,205,51,3,1,-,아니오,아니오,아니오
청도군,35.7337502,128.852503,김전2리,특정계층이용시설,경상북도 청도군 금천면 김전3길 149,-,88,22,1,1,-,아니오,아니오,아니오
청도군,35.7348976,128.902781,소천2리,특정계층이용시설,경상북도 청도군 금천면 생미길 43,-,79,19,1,1,-,아니오,아니오,아니오
칠곡군,35.975078,128.4834874,달서리(석문)경로당,특정계층이용시설,경상북도 칠곡군 지천면 지천로 502,-,75.4,15,1,1,-,아니오,아니오,아니오
안동시,36.7172769,128.768582,구송리지례경로당,특정계층이용시설,경상북도 안동시 녹전면죽송길 206,-,113.28,30,2,1,-,아니오,아니오,아니오
의성군,36.3617772,128.3308065,생송2경로당,특정계층이용시설,경상북도 의성군 단밀면생송2길 105,-,91,34,2,1,-,아니오,아니오,아니오
포항시,36.097642,129.330397,초곡화산샬레마을쉼터,특정계층이용시설,경상북도 포항시 북구 흥해읍 초곡지구로58번길 82 (화산샬레아파트),-,100.71,11,1,1,-,아니오,아니오,아니오
의성군,36.3270133,128.4281505,조성마을쉼터,특정계층이용시설,경상북도 의성군 구천면 조성길  54,-,79.33,20,2,1,-,아니오,아니오,아니오
청도군,35.6882326,128.6995393,유등3리,특정계층이용시설,경상북도 청도군 화양읍 내곡2길 6,-,85.83,21,2,1,-,아니오,아니오,아니오
구미시,36.1329596,128.2992411,선기2동경로당,특정계층이용시설,경상북도 구미시 수점로 24-56 (선기동),-,102.32,26,3,1,-,아니오,아니오,아니오
의성군,36.3376356,128.4343171,모흥2리경로당,특정계층이용시설,경상북도 의성군 구천면 모흥2길 22,-,82.2,34,4,1,-,-,아니오,-
의성군,36.3231214,128.7175718,오로1리,특정계층이용시설,경상북도 의성군 의성읍 오로1길 66,-,99,46,3,1,-,아니오,아니오,아니오
의성군,36.3333164,128.6903474,팔성3리,특정계층이용시설,경상북도 의성군 의성읍 팔성리 195-2,-,68.48,13,2,1,-,아니오,아니오,아니오
의성군,36.355365,128.47419,용남2리마을회관,특정계층이용시설,경상북도 의성군 비안면내남길 71,-,98.55,20,2,1,-,-,아니오,-
의성군,36.3682824,128.5134208,자락리마을회관,특정계층이용시설,경상북도 의성군 비안면 자락길 37,-,114.89,20,2,1,-,-,아니오,-
영천시,36.0083382,128.8615394,부계리경로당,특정계층이용시설,경상북도 영천시 화산면 부계길 115-6,-,60,30,1,1,-,-,-,아니오
영천시,36.019142,128.855547,부녀회경로당,특정계층이용시설,경상북도 영천시 화산면 장수로  926-7,-,90,40,1,1,-,-,-,아니오
영천시,36.0022628,128.8833538,삼부리경로당,특정계층이용시설,경상북도 영천시 화산면 장수로 577-25,-,61,30,1,1,-,-,-,아니오
칠곡군,35.9841453,128.3510663,봉산1리경로당,특정계층이용시설,경상북도 칠곡군 기산면 지산로 669-9,-,85,20,1,1,-,아니오,아니오,아니오
포항시,36.042901,129.352635,우방제3노인회마을쉼터,특정계층이용시설,경상북도 포항시 북구 대안길 56 (우방타운),-,136,41,1,1,-,아니오,아니오,아니오
포항시,36.042563,129.35271,우방제2노인회마을쉼터,특정계층이용시설,경상북도 포항시 북구 대안길 56 (우방타운),-,92,28,1,1,-,아니오,아니오,아니오
포항시,36.042476,129.352388,우방제1노인회마을쉼터,특정계층이용시설,경상북도 포항시 북구 대안길 56 (우방타운),-,136,41,1,1,-,아니오,아니오,아니오
칠곡군,35.9321,128.5159,낙산1리가라골경로당,특정계층이용시설,경상북도 칠곡군 지천면 낙산로5길 63,-,64.98,15,1,1,-,아니오,아니오,아니오
포항시,36.0394028,129.3582549,현대아파트마을쉼터,특정계층이용시설,"경상북도 포항시 북구 새마을로 2 (용흥동, 용흥현대1차타워아파트)",-,247,75,1,1,-,아니오,아니오,아니오
영천시,36.018282,128.85607,화산분회경로당,특정계층이용시설,"경상북도 영천시 화산면 장수로  921 , 화산면분회회관",-,116,50,2,1,-,-,-,아니오
의성군,36.3469474,128.4329143,구천면분회경로당,특정계층이용시설,경상북도 의성군 구천면 소보안계로 1589-4,-,166.25,10,2,1,-,아니오,아니오,아니오
의성군,36.3556985,128.4250742,내산2리경로당,특정계층이용시설,경상북도 의성군 구천면 내산2길 17,-,81.83,15,2,1,-,-,아니오,-
영천시,36.0603944,128.8910517,삼창2리경로당,특정계층이용시설,경상북도 영천시 화남면 천문로 1597-9,-,107.36,26,1,1,-,-,-,아니오
청송군,36.192276,128.943889,갈천리경로당,특정계층이용시설,경상북도 청송군 현서면 성덕댐로 561,-,68,21,2,1,-,아니오,아니오,아니오
구미시,36.2510403,128.2624531,봉서경로당,특정계층이용시설,경상북도 구미시 선산읍선산봉곡6길 36,-,99,25,3,1,-,아니오,아니오,아니오
경주시,35.7835481,129.2670947,평동경로당,특정계층이용시설,경상북도 경주시 수남길 2-3 (평동),-,129,39,5,3,-,아니오,아니오,아니오
경주시,35.7887494,129.320135,마동탑마을경로당,특정계층이용시설,"경상북도 경주시  마동탑마을길  31 , 마동탑마을회관,경로당 (마동)",-,158,48,4,3,-,아니오,아니오,아니오
포항시,36.0576918,129.3651496,우현풍림아이원마을쉼터,특정계층이용시설,"경상북도 포항시 북구 우창동로 71 (우현동, 풍림아이원아파트)",-,92,28,2,2,-,아니오,아니오,아니오
포항시,36.0543905,129.3601099,신동아파밀리에마을쉼터,특정계층이용시설,"경상북도 포항시 북구 우창동로 10 (우현동, 신동아파밀리에아파트)",-,100,30,1,1,-,아니오,아니오,아니오
포항시,36.0568531,129.3567851,신동아베르디2차마을쉼터,특정계층이용시설,경상북도 포항시 북구 우창서길 31 (우현동),-,105,32,1,1,-,아니오,아니오,아니오
경주시,35.760606,129.455025,용당1리원당경로당,특정계층이용시설,경상북도 경주시 문무대왕면 양북원당길 32,-,160,48,2,1,-,아니오,아니오,아니오
의성군,36.4109478,128.3682503,신하1리마을회관(신기),특정계층이용시설,경상북도 의성군 단북면 신하1길 32-7,-,65,55,1,1,-,아니오,아니오,아니오
의성군,36.388305,128.4054299,이연1리마을회관,특정계층이용시설,경상북도 의성군 단북면 중련길  11,-,99,40,6,1,-,아니오,아니오,아니오
의성군,36.3798687,128.7056762,업2리,특정계층이용시설,경상북도 의성군 의성읍 행촌길 16,-,87.95,26,2,1,-,아니오,아니오,아니오
의성군,36.3136771,128.4899113,서부2리경로당,특정계층이용시설,경상북도 의성군 비안면 박연길 4,-,100.71,30,3,1,-,아니오,아니오,아니오
청도군,35.5819055,128.77433,유호2리,특정계층이용시설,경상북도 청도군 청도읍 조들길 11-5,-,30.78,7,2,1,-,아니오,아니오,아니오
상주시,36.2800575,128.0158764,신곡2리경로당,특정계층이용시설,경상북도 상주시 공성면 남실길 233,-,86,25,2,1,-,아니오,아니오,아니오
상주시,36.4461385,127.9502,신봉1리마을회관,특정계층이용시설,경상북도 상주시 화서면 봉정길 15,-,80,20,2,1,-,아니오,아니오,아니오
칠곡군,35.9902293,128.3329813,각산2리찰전경로당,특정계층이용시설,경상북도 칠곡군 기산면 각산찰전길 68-3,-,95,20,2,1,-,아니오,아니오,아니오
